task_id,task_code,asset_id,corridor_code,feat_maint_type,feat_department,feat_asset_type,feat_priority,feat_power_block_req,feat_traffic_block_req,feat_speed_restriction_kmph,feat_work_complexity_score,feat_corridor_length_km,feat_corridor_electrified,feat_corridor_double_line,feat_section_span_km,feat_dependency_count,feat_asset_criticality,feat_asset_criticality_score,feat_asset_health_status,feat_asset_health_score,feat_task_urgency,feat_task_urgency_score,feat_days_until_required,feat_is_overdue,feat_task_priority_score,feat_train_traffic_count,feat_high_priority_train_count,feat_high_priority_train_ratio,feat_available_window_count,feat_total_available_window_minutes,feat_window_to_task_duration_ratio,feat_potential_train_conflicts,raw_requested_duration_minutes,target_maintenance_duration,target_asset_risk_priority,target_operational_impact,data_source,generator_version,random_seed
t1111111-1111-1111-1111-111111111111,TAMP-UP-112,a1111111-1111-1111-1111-111111111111,NDLS-CNB,TRACK_TAMPING,ENGG,TRACK,1,0,1,30.0,2.25,440.5,1,1,4.0,0,CRITICAL,4,MAINTENANCE_REQUIRED,4,HIGH,3,5.49,0,5,1,1,1.0,1,210,1.167,1,180,180.0,87.75,65.0,real,,
t2222222-2222-2222-2222-222222222222,SIG-PNT-44,a2222222-2222-2222-2222-222222222222,NDLS-CNB,POINTS_TESTING,SNT,INTERLOCKING,2,0,1,0.0,1.5,440.5,1,1,1.0,0,HIGH,3,OPERATIONAL,1,MEDIUM,2,8.24,0,4,1,1,1.0,1,210,2.333,1,90,90.0,53.25,55.0,real,,
synth-task-00001,SYN-ENGG-0001,synth-asset-ENGG-348,NDLS-CNB,DEEP_SCREENING,ENGG,TRACK,1,0,1,15.0,2.003,440.5,1,1,5.87,0,CRITICAL,4,UNDER_MAINTENANCE,2,HIGH,3,-2.56,1,5,14,3,0.214,3,555,2.22,3,250,282.7,82.87,86.07,synthetic,1.0.0,42
synth-task-00002,SYN-TRD-0002,synth-asset-TRD-396,CSMT-KYN,SUBSTATION_MAINTENANCE,TRD,TRACTION_SUBSTATION,2,1,0,0.0,1.958,54.0,1,1,4.78,1,CRITICAL,4,DEGRADED,3,IMMEDIATE,4,-0.32,1,4,17,4,0.235,1,228,1.101,0,207,225.1,93.66,70.82,synthetic,1.0.0,42
synth-task-00003,SYN-SNT-0003,synth-asset-SNT-554,NDLS-CNB,INTERLOCKING_LOGIC_TEST,SNT,INTERLOCKING,3,0,1,0.0,2.15,440.5,1,1,2.22,1,HIGH,3,OPERATIONAL,1,MEDIUM,2,3.2,0,3,11,5,0.455,1,215,1.443,6,149,104.1,48.29,74.03,synthetic,1.0.0,42
synth-task-00004,SYN-ENGG-0004,synth-asset-ENGG-310,CSMT-KYN,RAIL_GRINDING,ENGG,TRACK,3,0,1,15.0,2.004,54.0,1,1,3.61,0,MEDIUM,2,DEGRADED,3,MEDIUM,2,6.4,0,3,24,3,0.125,1,169,0.786,3,215,216.3,56.49,83.52,synthetic,1.0.0,42
synth-task-00005,SYN-SNT-0005,synth-asset-SNT-501,HWH-DDU,TRACK_CIRCUIT_CHECK,SNT,TRACK_CIRCUIT,2,0,1,0.0,1.644,675.0,1,1,2.74,0,CRITICAL,4,MAINTENANCE_REQUIRED,4,IMMEDIATE,4,2.68,0,4,14,4,0.286,3,414,5.049,4,82,60.4,88.73,72.75,synthetic,1.0.0,42
synth-task-00006,SYN-ENGG-0006,synth-asset-ENGG-516,CSMT-KYN,RAIL_GRINDING,ENGG,TRACK,3,0,1,20.0,2.98,54.0,1,1,4.35,2,MEDIUM,2,OPERATIONAL,1,MEDIUM,2,1.8,0,3,24,6,0.25,3,405,1.849,6,219,273.1,43.71,97.92,synthetic,1.0.0,42
synth-task-00007,SYN-TRD-0007,synth-asset-TRD-931,MAS-GDR,CONTACT_WIRE_RENEWAL,TRD,OHE_LINE,1,1,1,45.0,3.72,138.0,1,1,3.71,0,HIGH,3,MAINTENANCE_REQUIRED,4,IMMEDIATE,4,2.45,0,5,10,1,0.1,1,190,0.792,1,240,274.5,83.62,67.22,synthetic,1.0.0,42
synth-task-00008,SYN-TRD-0008,synth-asset-TRD-842,HWH-DDU,OHE_INSPECTION,TRD,OHE_LINE,3,1,1,0.0,3.046,675.0,1,1,0.96,1,LOW,1,DEGRADED,3,MEDIUM,2,4.98,0,3,10,3,0.3,3,516,3.463,3,149,141.8,48.27,63.19,synthetic,1.0.0,42
synth-task-00009,SYN-SNT-0009,synth-asset-SNT-956,HWH-DDU,POINTS_TESTING,SNT,INTERLOCKING,1,0,1,0.0,1.631,675.0,1,1,4.5,0,LOW,1,MAINTENANCE_REQUIRED,4,IMMEDIATE,4,5.51,0,5,8,3,0.375,2,432,4.547,3,95,104.6,74.78,59.57,synthetic,1.0.0,42
synth-task-00010,SYN-ENGG-0010,synth-asset-ENGG-896,MAS-GDR,RAIL_FRACTURE_REPAIR,ENGG,TRACK,1,0,1,20.0,3.125,138.0,1,1,5.4,3,CRITICAL,4,FAILED,5,IMMEDIATE,4,-0.22,1,5,8,1,0.125,3,399,2.912,2,137,121.4,100.0,54.99,synthetic,1.0.0,42
synth-task-00011,SYN-SNT-0011,synth-asset-SNT-351,NDLS-CNB,AXLE_COUNTER_OVERHAUL,SNT,AXLE_COUNTER,2,0,0,0.0,0.8,440.5,1,1,1.18,0,CRITICAL,4,MAINTENANCE_REQUIRED,4,HIGH,3,4.69,0,4,10,5,0.5,3,474,5.711,0,83,63.5,84.76,60.22,synthetic,1.0.0,42
synth-task-00012,SYN-SNT-0012,synth-asset-SNT-963,NDLS-CNB,INTERLOCKING_LOGIC_TEST,SNT,INTERLOCKING,2,0,1,0.0,1.46,440.5,1,1,3.7,0,MEDIUM,2,OPERATIONAL,1,MEDIUM,2,13.02,0,4,9,1,0.111,2,472,3.211,1,147,134.4,51.01,53.66,synthetic,1.0.0,42
synth-task-00013,SYN-ENGG-0013,synth-asset-ENGG-787,MAS-GDR,TURNOUT_PACKING,ENGG,TURNOUT,4,0,1,0.0,1.526,138.0,1,1,1.27,0,MEDIUM,2,OPERATIONAL,1,LOW,1,11.09,0,2,9,4,0.444,1,199,1.567,4,127,105.7,26.31,66.24,synthetic,1.0.0,42
synth-task-00014,SYN-TRD-0014,synth-asset-TRD-930,CSMT-KYN,SUBSTATION_MAINTENANCE,TRD,TRACTION_SUBSTATION,3,1,0,0.0,1.596,54.0,1,1,2.84,0,HIGH,3,OPERATIONAL,1,MEDIUM,2,11.52,0,3,20,11,0.55,1,225,1.172,0,192,192.0,54.44,77.55,synthetic,1.0.0,42
synth-task-00015,SYN-TRD-0015,synth-asset-TRD-865,NDLS-CNB,CONTACT_WIRE_RENEWAL,TRD,OHE_LINE,2,1,1,15.0,2.781,440.5,1,1,1.14,0,CRITICAL,4,MAINTENANCE_REQUIRED,4,IMMEDIATE,4,-4.28,1,4,15,3,0.2,3,540,2.269,4,238,243.2,99.71,92.33,synthetic,1.0.0,42
synth-task-00016,SYN-ENGG-0016,synth-asset-ENGG-390,CSMT-KYN,TURNOUT_PACKING,ENGG,TURNOUT,2,0,1,15.0,2.025,54.0,1,1,1.06,0,LOW,1,MAINTENANCE_REQUIRED,4,IMMEDIATE,4,-0.24,1,4,18,3,0.167,3,567,4.021,4,141,118.9,80.94,74.03,synthetic,1.0.0,42
synth-task-00017,SYN-TRD-0017,synth-asset-TRD-792,CSMT-KYN,INSULATOR_WASHING,TRD,OHE_INSULATOR,3,1,1,0.0,2.442,54.0,1,1,1.97,0,HIGH,3,DEGRADED,3,MEDIUM,2,4.92,0,3,19,5,0.263,2,282,2.564,6,110,123.8,63.0,91.38,synthetic,1.0.0,42
synth-task-00018,SYN-SNT-0018,synth-asset-SNT-962,HWH-DDU,INTERLOCKING_LOGIC_TEST,SNT,INTERLOCKING,2,0,1,0.0,2.09,675.0,1,1,3.43,1,MEDIUM,2,MAINTENANCE_REQUIRED,4,IMMEDIATE,4,-6.09,1,4,13,6,0.462,2,392,2.405,6,163,146.9,82.78,88.01,synthetic,1.0.0,42
synth-task-00019,SYN-TRD-0019,synth-asset-TRD-225,MAS-GDR,CONTACT_WIRE_RENEWAL,TRD,OHE_LINE,1,1,1,0.0,2.976,138.0,1,1,5.7,1,CRITICAL,4,DEGRADED,3,HIGH,3,8.23,0,5,9,2,0.222,2,402,1.668,3,241,277.2,86.6,60.78,synthetic,1.0.0,42
synth-task-00020,SYN-ENGG-0020,synth-asset-ENGG-941,MAS-GDR,DEEP_SCREENING,ENGG,TRACK,4,0,1,15.0,2.007,138.0,1,1,2.8,0,HIGH,3,UNDER_MAINTENANCE,2,LOW,1,5.42,0,2,9,2,0.222,1,138,0.521,2,265,241.3,44.62,73.19,synthetic,1.0.0,42
synth-task-00021,SYN-TRD-0021,synth-asset-TRD-508,NDLS-CNB,CONTACT_WIRE_RENEWAL,TRD,OHE_LINE,4,1,1,0.0,2.696,440.5,1,1,2.57,0,LOW,1,UNDER_MAINTENANCE,2,HIGH,3,2.15,0,2,12,4,0.333,1,202,0.849,4,238,216.2,41.25,76.41,synthetic,1.0.0,42
synth-task-00022,SYN-ENGG-0022,synth-asset-ENGG-126,HWH-DDU,TURNOUT_PACKING,ENGG,TURNOUT,2,0,1,0.0,2.199,675.0,1,1,1.11,1,HIGH,3,OPERATIONAL,1,LOW,1,-2.41,1,4,7,2,0.286,2,260,1.793,3,145,114.3,56.46,54.21,synthetic,1.0.0,42
synth-task-00023,SYN-TRD-0023,synth-asset-TRD-853,MAS-GDR,OHE_INSPECTION,TRD,OHE_LINE,4,1,1,0.0,2.415,138.0,1,1,0.53,0,MEDIUM,2,DEGRADED,3,MEDIUM,2,11.31,0,2,12,6,0.5,1,212,1.35,7,157,126.7,55.06,84.88,synthetic,1.0.0,42
synth-task-00024,SYN-ENGG-0024,synth-asset-ENGG-433,NDLS-CNB,RAIL_FRACTURE_REPAIR,ENGG,TRACK,1,0,1,15.0,2.069,440.5,1,1,4.4,0,CRITICAL,4,FAILED,5,IMMEDIATE,4,-0.78,1,5,9,3,0.333,1,128,1.103,4,116,100.4,100.0,64.62,synthetic,1.0.0,42
synth-task-00025,SYN-ENGG-0025,synth-asset-ENGG-463,NDLS-CNB,RAIL_GRINDING,ENGG,TRACK,2,0,1,50.0,3.322,440.5,1,1,4.0,1,LOW,1,MAINTENANCE_REQUIRED,4,IMMEDIATE,4,-2.52,1,4,11,5,0.455,1,137,0.566,6,242,307.6,87.48,87.24,synthetic,1.0.0,42
synth-task-00026,SYN-ENGG-0026,synth-asset-ENGG-654,MAS-GDR,RAIL_GRINDING,ENGG,TRACK,1,0,1,45.0,2.648,138.0,1,1,2.76,0,MEDIUM,2,MAINTENANCE_REQUIRED,4,IMMEDIATE,4,6.9,0,5,9,1,0.111,1,131,0.544,2,241,237.7,80.65,63.46,synthetic,1.0.0,42
synth-task-00027,SYN-TRD-0027,synth-asset-TRD-608,HWH-DDU,CANTILEVER_ADJUSTMENT,TRD,OHE_MAST,3,1,1,0.0,2.554,675.0,1,1,2.48,0,MEDIUM,2,UNDER_MAINTENANCE,2,LOW,1,11.3,0,3,10,2,0.2,1,182,0.989,3,184,191.4,43.85,64.95,synthetic,1.0.0,42
synth-task-00028,SYN-ENGG-0028,synth-asset-ENGG-718,HWH-DDU,DEEP_SCREENING,ENGG,TRACK,1,0,1,20.0,2.157,675.0,1,1,5.05,0,CRITICAL,4,DEGRADED,3,HIGH,3,13.44,0,5,6,2,0.333,2,424,1.663,3,255,253.1,80.86,62.35,synthetic,1.0.0,42
synth-task-00029,SYN-ENGG-0029,synth-asset-ENGG-319,HWH-DDU,TRACK_TAMPING,ENGG,TRACK,2,0,1,30.0,2.447,675.0,1,1,5.1,0,MEDIUM,2,DEGRADED,3,LOW,1,5.8,0,4,7,1,0.143,1,220,1.058,2,208,246.3,51.66,55.71,synthetic,1.0.0,42
synth-task-00030,SYN-ENGG-0030,synth-asset-ENGG-585,MAS-GDR,DEEP_SCREENING,ENGG,TRACK,2,0,1,20.0,2.048,138.0,1,1,3.73,0,HIGH,3,MAINTENANCE_REQUIRED,4,HIGH,3,-2.38,1,4,11,4,0.364,2,252,1.016,5,248,280.3,88.66,83.95,synthetic,1.0.0,42
synth-task-00031,SYN-TRD-0031,synth-asset-TRD-272,CSMT-KYN,SUBSTATION_MAINTENANCE,TRD,TRACTION_SUBSTATION,2,1,0,0.0,2.655,54.0,1,1,3.73,2,HIGH,3,DEGRADED,3,MEDIUM,2,12.88,0,4,20,7,0.35,2,282,1.3,0,217,213.0,63.29,84.67,synthetic,1.0.0,42
synth-task-00032,SYN-SNT-0032,synth-asset-SNT-202,HWH-DDU,AXLE_COUNTER_OVERHAUL,SNT,AXLE_COUNTER,4,0,0,0.0,0.8,675.0,1,1,4.37,0,MEDIUM,2,OPERATIONAL,1,MEDIUM,2,-2.03,1,2,8,3,0.375,2,426,6.086,0,70,108.6,45.47,42.12,synthetic,1.0.0,42
synth-task-00033,SYN-TRD-0033,synth-asset-TRD-813,MAS-GDR,SUBSTATION_MAINTENANCE,TRD,TRACTION_SUBSTATION,2,1,0,0.0,1.625,138.0,1,1,4.54,0,CRITICAL,4,DEGRADED,3,IMMEDIATE,4,13.8,0,4,11,3,0.273,1,237,1.173,0,202,218.3,82.12,57.96,synthetic,1.0.0,42
synth-task-00034,SYN-TRD-0034,synth-asset-TRD-871,HWH-DDU,INSULATOR_WASHING,TRD,OHE_INSULATOR,4,1,1,0.0,2.433,675.0,1,1,0.77,0,MEDIUM,2,UNDER_MAINTENANCE,2,LOW,1,11.31,0,2,9,1,0.111,3,444,3.364,1,132,97.4,39.56,48.95,synthetic,1.0.0,42
synth-task-00035,SYN-ENGG-0035,synth-asset-ENGG-407,CSMT-KYN,TRACK_TAMPING,ENGG,TRACK,3,0,1,0.0,1.656,54.0,1,1,1.81,0,MEDIUM,2,DEGRADED,3,MEDIUM,2,4.21,0,3,20,10,0.5,3,426,2.088,11,204,155.0,57.1,100.0,synthetic,1.0.0,42
synth-task-00036,SYN-ENGG-0036,synth-asset-ENGG-897,CSMT-KYN,RAIL_GRINDING,ENGG,TRACK,2,0,1,15.0,2.954,54.0,1,1,4.35,3,LOW,1,DEGRADED,3,MEDIUM,2,1.41,0,4,20,4,0.2,1,186,0.812,4,229,267.8,56.39,88.87,synthetic,1.0.0,42
synth-task-00037,SYN-TRD-0037,synth-asset-TRD-886,MAS-GDR,CONTACT_WIRE_RENEWAL,TRD,OHE_LINE,3,1,1,30.0,3.748,138.0,1,1,1.79,1,HIGH,3,OPERATIONAL,1,MEDIUM,2,4.54,0,3,11,2,0.182,1,158,0.627,2,252,274.6,50.51,73.36,synthetic,1.0.0,42
synth-task-00038,SYN-ENGG-0038,synth-asset-ENGG-146,CSMT-KYN,DEEP_SCREENING,ENGG,TRACK,1,0,1,50.0,2.921,54.0,1,1,4.98,0,CRITICAL,4,UNDER_MAINTENANCE,2,HIGH,3,-0.41,1,5,24,11,0.458,2,464,1.651,11,281,265.8,83.27,97.26,synthetic,1.0.0,42
synth-task-00039,SYN-ENGG-0039,synth-asset-ENGG-371,NDLS-CNB,RAIL_FRACTURE_REPAIR,ENGG,TRACK,1,0,1,30.0,2.183,440.5,1,1,0.78,0,CRITICAL,4,FAILED,5,IMMEDIATE,4,-1.23,1,5,14,1,0.071,3,609,6.03,2,101,90.1,100.0,60.46,synthetic,1.0.0,42
synth-task-00040,SYN-TRD-0040,synth-asset-TRD-876,HWH-DDU,OHE_INSPECTION,TRD,OHE_LINE,3,1,1,15.0,2.904,675.0,1,1,2.33,0,MEDIUM,2,UNDER_MAINTENANCE,2,MEDIUM,2,6.98,0,3,10,5,0.5,3,480,3.158,5,152,156.1,45.58,74.09,synthetic,1.0.0,42
synth-task-00041,SYN-ENGG-0041,synth-asset-ENGG-656,CSMT-KYN,DEEP_SCREENING,ENGG,TRACK,1,0,1,15.0,2.831,54.0,1,1,0.55,2,CRITICAL,4,FAILED,5,HIGH,3,8.47,0,5,21,10,0.476,2,240,0.86,11,279,277.6,92.63,96.87,synthetic,1.0.0,42
synth-task-00042,SYN-TRD-0042,synth-asset-TRD-411,HWH-DDU,CANTILEVER_ADJUSTMENT,TRD,OHE_MAST,3,1,1,0.0,2.508,675.0,1,1,5.92,0,HIGH,3,OPERATIONAL,1,LOW,1,6.09,0,3,11,2,0.182,3,387,2.162,3,179,184.5,41.33,62.9,synthetic,1.0.0,42
synth-task-00043,SYN-SNT-0043,synth-asset-SNT-214,MAS-GDR,TRACK_CIRCUIT_CHECK,SNT,TRACK_CIRCUIT,2,0,1,0.0,1.938,138.0,1,1,3.77,1,MEDIUM,2,MAINTENANCE_REQUIRED,4,IMMEDIATE,4,-6.97,1,4,12,1,0.083,2,478,5.311,1,90,70.8,87.63,54.19,synthetic,1.0.0,42
synth-task-00044,SYN-ENGG-0044,synth-asset-ENGG-745,NDLS-CNB,DEEP_SCREENING,ENGG,TRACK,2,0,1,30.0,2.401,440.5,1,1,4.15,0,MEDIUM,2,FAILED,5,IMMEDIATE,4,8.75,0,4,13,2,0.154,2,366,1.361,2,269,306.0,86.8,75.54,synthetic,1.0.0,42
synth-task-00045,SYN-ENGG-0045,synth-asset-ENGG-234,MAS-GDR,RAIL_FRACTURE_REPAIR,ENGG,TRACK,1,0,1,30.0,2.772,138.0,1,1,3.36,1,CRITICAL,4,FAILED,5,IMMEDIATE,4,-1.81,1,5,11,5,0.455,2,334,2.76,5,121,87.7,100.0,79.34,synthetic,1.0.0,42
synth-task-00046,SYN-TRD-0046,synth-asset-TRD-817,MAS-GDR,INSULATOR_WASHING,TRD,OHE_INSULATOR,4,1,1,0.0,2.664,138.0,1,1,4.53,0,HIGH,3,DEGRADED,3,MEDIUM,2,8.19,0,2,8,1,0.125,3,684,6.333,2,108,104.5,61.53,56.14,synthetic,1.0.0,42
synth-task-00047,SYN-TRD-0047,synth-asset-TRD-454,HWH-DDU,OHE_INSPECTION,TRD,OHE_LINE,3,1,1,0.0,3.018,675.0,1,1,5.38,1,MEDIUM,2,DEGRADED,3,MEDIUM,2,13.13,0,3,10,3,0.3,1,143,0.947,3,151,155.1,56.01,69.41,synthetic,1.0.0,42
synth-task-00048,SYN-TRD-0048,synth-asset-TRD-686,NDLS-CNB,CANTILEVER_ADJUSTMENT,TRD,OHE_MAST,2,1,1,0.0,2.664,440.5,1,1,4.64,0,HIGH,3,MAINTENANCE_REQUIRED,4,IMMEDIATE,4,4.0,0,4,9,1,0.111,1,177,0.957,1,185,150.4,77.87,55.49,synthetic,1.0.0,42
synth-task-00049,SYN-TRD-0049,synth-asset-TRD-248,NDLS-CNB,CANTILEVER_ADJUSTMENT,TRD,OHE_MAST,1,1,1,0.0,3.695,440.5,1,1,5.92,2,CRITICAL,4,OPERATIONAL,1,IMMEDIATE,4,1.81,0,5,15,7,0.467,3,582,3.233,8,180,208.3,75.06,100.0,synthetic,1.0.0,42
synth-task-00050,SYN-SNT-0050,synth-asset-SNT-471,HWH-DDU,SIGNAL_ASPECT_ALIGNMENT,SNT,SIGNAL,2,0,0,0.0,0.8,675.0,1,1,2.73,0,HIGH,3,UNDER_MAINTENANCE,2,LOW,1,1.86,0,4,9,2,0.222,1,221,3.746,0,59,65.6,51.13,41.92,synthetic,1.0.0,42
synth-task-00051,SYN-TRD-0051,synth-asset-TRD-218,NDLS-CNB,INSULATOR_WASHING,TRD,OHE_INSULATOR,2,1,1,0.0,2.473,440.5,1,1,1.87,0,LOW,1,MAINTENANCE_REQUIRED,4,MEDIUM,2,7.12,0,4,12,4,0.333,2,368,3.286,4,112,100.6,60.09,76.46,synthetic,1.0.0,42
synth-task-00052,SYN-ENGG-0052,synth-asset-ENGG-854,MAS-GDR,RAIL_FRACTURE_REPAIR,ENGG,TRACK,1,0,1,50.0,2.686,138.0,1,1,0.67,0,CRITICAL,4,FAILED,5,IMMEDIATE,4,-0.17,1,5,6,1,0.167,1,229,1.748,2,131,104.6,100.0,46.89,synthetic,1.0.0,42
synth-task-00053,SYN-TRD-0053,synth-asset-TRD-352,MAS-GDR,INSULATOR_WASHING,TRD,OHE_INSULATOR,2,1,1,0.0,2.502,138.0,1,1,5.56,0,HIGH,3,MAINTENANCE_REQUIRED,4,HIGH,3,-1.52,1,4,10,5,0.5,1,145,1.408,6,103,107.8,87.39,69.21,synthetic,1.0.0,42
synth-task-00054,SYN-ENGG-0054,synth-asset-ENGG-259,HWH-DDU,RAIL_GRINDING,ENGG,TRACK,3,0,1,30.0,2.268,675.0,1,1,3.98,0,HIGH,3,OPERATIONAL,1,MEDIUM,2,8.6,0,3,6,1,0.167,2,468,2.187,2,214,255.9,50.37,59.21,synthetic,1.0.0,42
synth-task-00055,SYN-TRD-0055,synth-asset-TRD-476,MAS-GDR,CONTACT_WIRE_RENEWAL,TRD,OHE_LINE,4,1,1,0.0,3.598,138.0,1,1,3.42,3,LOW,1,DEGRADED,3,MEDIUM,2,8.08,0,2,6,2,0.333,2,362,1.46,2,248,274.9,42.56,60.55,synthetic,1.0.0,42
synth-task-00056,SYN-ENGG-0056,synth-asset-ENGG-766,HWH-DDU,TURNOUT_PACKING,ENGG,TURNOUT,2,0,1,20.0,1.906,675.0,1,1,4.15,0,CRITICAL,4,DEGRADED,3,HIGH,3,9.52,0,4,12,2,0.167,1,224,1.659,2,135,144.6,78.77,67.16,synthetic,1.0.0,42
synth-task-00057,SYN-SNT-0057,synth-asset-SNT-870,NDLS-CNB,SIGNAL_ASPECT_ALIGNMENT,SNT,SIGNAL,3,0,0,0.0,0.8,440.5,1,1,1.9,0,LOW,1,DEGRADED,3,MEDIUM,2,5.9,0,3,14,5,0.357,3,705,11.557,0,61,68.8,50.78,60.39,synthetic,1.0.0,42
synth-task-00058,SYN-SNT-0058,synth-asset-SNT-425,CSMT-KYN,SIGNAL_ASPECT_ALIGNMENT,SNT,SIGNAL,4,0,0,0.0,0.8,54.0,1,1,5.52,0,LOW,1,OPERATIONAL,1,MEDIUM,2,6.99,0,2,20,7,0.35,2,406,5.8,0,70,66.5,33.11,72.1,synthetic,1.0.0,42
synth-task-00059,SYN-ENGG-0059,synth-asset-ENGG-480,HWH-DDU,DEEP_SCREENING,ENGG,TRACK,4,0,1,50.0,2.751,675.0,1,1,0.54,0,MEDIUM,2,UNDER_MAINTENANCE,2,HIGH,3,5.77,0,2,10,5,0.5,1,143,0.53,5,270,316.4,49.49,90.02,synthetic,1.0.0,42
synth-task-00060,SYN-ENGG-0060,synth-asset-ENGG-388,CSMT-KYN,TRACK_TAMPING,ENGG,TRACK,2,0,1,20.0,2.434,54.0,1,1,4.15,1,CRITICAL,4,OPERATIONAL,1,HIGH,3,9.76,0,4,16,7,0.438,2,240,1.096,8,219,241.4,67.23,100.0,synthetic,1.0.0,42
synth-task-00061,SYN-SNT-0061,synth-asset-SNT-890,HWH-DDU,POINTS_TESTING,SNT,INTERLOCKING,3,0,1,30.0,2.386,675.0,1,1,2.44,0,MEDIUM,2,OPERATIONAL,1,MEDIUM,2,11.32,0,3,7,2,0.286,1,227,1.974,3,115,121.5,41.92,55.36,synthetic,1.0.0,42
synth-task-00062,SYN-ENGG-0062,synth-asset-ENGG-281,HWH-DDU,TRACK_TAMPING,ENGG,TRACK,2,0,1,15.0,2.471,675.0,1,1,0.69,1,CRITICAL,4,OPERATIONAL,1,IMMEDIATE,4,-3.28,1,4,9,2,0.222,3,375,1.847,2,203,217.3,82.19,66.24,synthetic,1.0.0,42
synth-task-00063,SYN-TRD-0063,synth-asset-TRD-956,CSMT-KYN,SUBSTATION_MAINTENANCE,TRD,TRACTION_SUBSTATION,1,1,0,0.0,1.625,54.0,1,1,1.65,0,CRITICAL,4,MAINTENANCE_REQUIRED,4,IMMEDIATE,4,-4.25,1,5,19,7,0.368,3,666,3.505,0,190,193.0,100.0,81.09,synthetic,1.0.0,42
synth-task-00064,SYN-TRD-0064,synth-asset-TRD-476,MAS-GDR,CONTACT_WIRE_RENEWAL,TRD,OHE_LINE,4,1,1,15.0,2.995,138.0,1,1,2.09,0,MEDIUM,2,DEGRADED,3,LOW,1,1.17,0,2,12,4,0.333,2,356,1.49,4,239,248.3,39.95,81.33,synthetic,1.0.0,42
synth-task-00065,SYN-ENGG-0065,synth-asset-ENGG-517,NDLS-CNB,RAIL_GRINDING,ENGG,TRACK,2,0,1,15.0,1.795,440.5,1,1,4.22,0,HIGH,3,FAILED,5,MEDIUM,2,12.52,0,4,10,1,0.1,2,438,1.947,1,225,244.3,83.05,71.86,synthetic,1.0.0,42
synth-task-00066,SYN-SNT-0066,synth-asset-SNT-898,NDLS-CNB,POINTS_TESTING,SNT,INTERLOCKING,1,0,1,20.0,1.953,440.5,1,1,2.83,0,MEDIUM,2,MAINTENANCE_REQUIRED,4,IMMEDIATE,4,5.32,0,5,11,2,0.182,3,579,5.567,3,104,84.2,73.54,54.19,synthetic,1.0.0,42
synth-task-00067,SYN-SNT-0067,synth-asset-SNT-979,NDLS-CNB,POINTS_TESTING,SNT,INTERLOCKING,3,0,1,0.0,2.146,440.5,1,1,4.65,1,LOW,1,DEGRADED,3,HIGH,3,13.31,0,3,8,2,0.25,3,648,6.171,3,105,83.0,55.26,54.06,synthetic,1.0.0,42
synth-task-00068,SYN-ENGG-0068,synth-asset-ENGG-415,MAS-GDR,TURNOUT_PACKING,ENGG,TURNOUT,3,0,1,20.0,2.077,138.0,1,1,5.26,0,HIGH,3,DEGRADED,3,MEDIUM,2,-0.56,1,3,6,2,0.333,2,424,2.789,2,152,166.6,68.86,56.94,synthetic,1.0.0,42
synth-task-00069,SYN-ENGG-0069,synth-asset-ENGG-331,CSMT-KYN,RAIL_FRACTURE_REPAIR,ENGG,TRACK,1,0,1,20.0,2.117,54.0,1,1,1.41,0,CRITICAL,4,FAILED,5,IMMEDIATE,4,-1.22,1,5,23,3,0.13,3,561,5.054,4,111,80.1,100.0,73.95,synthetic,1.0.0,42
synth-task-00070,SYN-ENGG-0070,synth-asset-ENGG-104,NDLS-CNB,DEEP_SCREENING,ENGG,TRACK,2,0,1,0.0,1.574,440.5,1,1,5.58,0,CRITICAL,4,FAILED,5,HIGH,3,10.54,0,4,9,4,0.444,1,179,0.675,4,265,266.4,85.77,77.92,synthetic,1.0.0,42
synth-task-00071,SYN-SNT-0071,synth-asset-SNT-829,MAS-GDR,AXLE_COUNTER_OVERHAUL,SNT,AXLE_COUNTER,4,0,0,0.0,0.8,138.0,1,1,4.76,0,LOW,1,DEGRADED,3,LOW,1,8.52,0,2,12,6,0.5,2,328,6.308,0,52,86.9,37.75,57.56,synthetic,1.0.0,42
synth-task-00072,SYN-ENGG-0072,synth-asset-ENGG-622,CSMT-KYN,DEEP_SCREENING,ENGG,TRACK,1,0,1,15.0,2.026,54.0,1,1,4.87,0,HIGH,3,MAINTENANCE_REQUIRED,4,MEDIUM,2,6.76,0,5,18,4,0.222,3,567,2.232,4,254,275.5,70.56,90.8,synthetic,1.0.0,42
synth-task-00073,SYN-SNT-0073,synth-asset-SNT-432,HWH-DDU,INTERLOCKING_LOGIC_TEST,SNT,INTERLOCKING,5,0,1,0.0,1.429,675.0,1,1,2.39,0,HIGH,3,OPERATIONAL,1,LOW,1,9.3,0,1,7,3,0.429,3,678,5.424,4,125,127.5,36.32,57.78,synthetic,1.0.0,42
synth-task-00074,SYN-TRD-0074,synth-asset-TRD-254,MAS-GDR,SUBSTATION_MAINTENANCE,TRD,TRACTION_SUBSTATION,2,1,0,0.0,1.414,138.0,1,1,5.47,0,MEDIUM,2,OPERATIONAL,1,HIGH,3,2.6,0,4,5,2,0.4,2,256,1.354,0,189,187.9,52.12,43.87,synthetic,1.0.0,42
synth-task-00075,SYN-ENGG-0075,synth-asset-ENGG-908,MAS-GDR,DEEP_SCREENING,ENGG,TRACK,4,0,1,15.0,3.035,138.0,1,1,1.02,2,MEDIUM,2,UNDER_MAINTENANCE,2,LOW,1,-6.12,1,2,12,5,0.417,1,185,0.68,6,272,304.6,52.43,78.97,synthetic,1.0.0,42
synth-task-00076,SYN-ENGG-0076,synth-asset-ENGG-606,HWH-DDU,TURNOUT_PACKING,ENGG,TURNOUT,2,0,1,15.0,2.009,675.0,1,1,0.93,0,LOW,1,DEGRADED,3,MEDIUM,2,3.28,0,4,9,2,0.222,3,654,4.739,2,138,133.8,48.52,63.29,synthetic,1.0.0,42
synth-task-00077,SYN-ENGG-0077,synth-asset-ENGG-876,NDLS-CNB,RAIL_FRACTURE_REPAIR,ENGG,TRACK,1,0,1,15.0,1.936,440.5,1,1,5.52,0,CRITICAL,4,FAILED,5,IMMEDIATE,4,-0.75,1,5,15,2,0.133,2,432,3.176,3,136,125.4,100.0,67.47,synthetic,1.0.0,42
synth-task-00078,SYN-ENGG-0078,synth-asset-ENGG-268,HWH-DDU,RAIL_GRINDING,ENGG,TRACK,2,0,1,0.0,1.562,675.0,1,1,4.74,0,HIGH,3,MAINTENANCE_REQUIRED,4,HIGH,3,3.59,0,4,12,5,0.417,3,420,1.892,6,222,211.6,72.59,87.46,synthetic,1.0.0,42
synth-task-00079,SYN-ENGG-0079,synth-asset-ENGG-154,NDLS-CNB,TURNOUT_PACKING,ENGG,TURNOUT,2,0,1,0.0,1.527,440.5,1,1,3.13,0,MEDIUM,2,MAINTENANCE_REQUIRED,4,IMMEDIATE,4,13.75,0,4,8,2,0.25,2,454,3.547,3,128,133.0,77.18,55.7,synthetic,1.0.0,42
synth-task-00080,SYN-SNT-0080,synth-asset-SNT-769,MAS-GDR,SIGNAL_ASPECT_ALIGNMENT,SNT,SIGNAL,3,0,0,0.0,0.8,138.0,1,1,2.41,0,LOW,1,UNDER_MAINTENANCE,2,MEDIUM,2,7.33,0,3,5,2,0.4,2,350,6.863,0,51,57.0,46.13,29.7,synthetic,1.0.0,42
synth-task-00081,SYN-TRD-0081,synth-asset-TRD-232,NDLS-CNB,SUBSTATION_MAINTENANCE,TRD,TRACTION_SUBSTATION,2,1,0,0.0,1.446,440.5,1,1,5.76,0,HIGH,3,MAINTENANCE_REQUIRED,4,HIGH,3,-2.11,1,4,15,2,0.133,3,486,2.73,0,178,196.5,85.65,61.3,synthetic,1.0.0,42
synth-task-00082,SYN-SNT-0082,synth-asset-SNT-775,CSMT-KYN,SIGNAL_ASPECT_ALIGNMENT,SNT,SIGNAL,3,0,0,0.0,0.8,54.0,1,1,4.8,0,HIGH,3,OPERATIONAL,1,LOW,1,2.88,0,3,16,4,0.25,2,334,7.767,0,43,94.7,43.4,63.13,synthetic,1.0.0,42
synth-task-00083,SYN-ENGG-0083,synth-asset-ENGG-542,NDLS-CNB,TURNOUT_PACKING,ENGG,TURNOUT,3,0,1,50.0,3.299,440.5,1,1,5.62,1,MEDIUM,2,DEGRADED,3,LOW,1,12.77,0,3,10,3,0.3,3,489,2.928,3,167,156.4,42.35,70.19,synthetic,1.0.0,42
synth-task-00084,SYN-SNT-0084,synth-asset-SNT-293,HWH-DDU,TRACK_CIRCUIT_CHECK,SNT,TRACK_CIRCUIT,4,0,1,0.0,1.638,675.0,1,1,1.74,0,LOW,1,OPERATIONAL,1,LOW,1,5.92,0,2,10,4,0.4,1,218,2.946,5,74,30.0,24.09,64.43,synthetic,1.0.0,42
synth-task-00085,SYN-ENGG-0085,synth-asset-ENGG-104,NDLS-CNB,DEEP_SCREENING,ENGG,TRACK,1,0,1,0.0,1.604,440.5,1,1,5.09,0,CRITICAL,4,MAINTENANCE_REQUIRED,4,HIGH,3,-6.03,1,5,8,1,0.125,3,717,2.927,2,245,251.5,94.26,61.57,synthetic,1.0.0,42
synth-task-00086,SYN-ENGG-0086,synth-asset-ENGG-455,HWH-DDU,DEEP_SCREENING,ENGG,TRACK,3,0,1,20.0,2.651,675.0,1,1,2.58,1,CRITICAL,4,MAINTENANCE_REQUIRED,4,HIGH,3,3.31,0,3,14,4,0.286,3,651,2.523,4,258,249.6,72.72,91.3,synthetic,1.0.0,42
synth-task-00087,SYN-ENGG-0087,synth-asset-ENGG-272,NDLS-CNB,TRACK_TAMPING,ENGG,TRACK,3,0,1,45.0,2.82,440.5,1,1,4.3,0,HIGH,3,DEGRADED,3,LOW,1,10.69,0,3,15,8,0.533,1,169,0.885,8,191,217.6,59.07,99.91,synthetic,1.0.0,42
synth-task-00088,SYN-TRD-0088,synth-asset-TRD-289,MAS-GDR,CONTACT_WIRE_RENEWAL,TRD,OHE_LINE,4,1,1,50.0,3.691,138.0,1,1,1.9,0,HIGH,3,OPERATIONAL,1,MEDIUM,2,0.97,0,2,5,1,0.2,3,588,2.297,1,256,270.5,48.65,46.79,synthetic,1.0.0,42
synth-task-00089,SYN-ENGG-0089,synth-asset-ENGG-773,NDLS-CNB,RAIL_GRINDING,ENGG,TRACK,2,0,1,0.0,1.628,440.5,1,1,3.9,0,MEDIUM,2,MAINTENANCE_REQUIRED,4,MEDIUM,2,12.34,0,4,9,3,0.333,3,627,2.703,3,232,215.8,66.95,65.76,synthetic,1.0.0,42
synth-task-00090,SYN-SNT-0090,synth-asset-SNT-984,HWH-DDU,SIGNAL_ASPECT_ALIGNMENT,SNT,SIGNAL,2,0,0,0.0,0.8,675.0,1,1,4.83,0,MEDIUM,2,MAINTENANCE_REQUIRED,4,HIGH,3,11.24,0,4,10,5,0.5,1,206,2.943,0,70,39.0,70.94,59.54,synthetic,1.0.0,42
synth-task-00091,SYN-ENGG-0091,synth-asset-ENGG-940,NDLS-CNB,RAIL_FRACTURE_REPAIR,ENGG,TRACK,1,0,1,45.0,2.64,440.5,1,1,4.83,0,CRITICAL,4,FAILED,5,IMMEDIATE,4,-0.04,1,5,15,4,0.267,3,639,5.605,4,114,81.9,100.0,78.1,synthetic,1.0.0,42
synth-task-00092,SYN-ENGG-0092,synth-asset-ENGG-468,MAS-GDR,TURNOUT_PACKING,ENGG,TURNOUT,3,0,1,0.0,1.417,138.0,1,1,3.23,0,MEDIUM,2,DEGRADED,3,HIGH,3,-6.65,1,3,6,1,0.167,3,552,4.678,1,118,112.8,67.5,47.84,synthetic,1.0.0,42
synth-task-00093,SYN-ENGG-0093,synth-asset-ENGG-620,MAS-GDR,DEEP_SCREENING,ENGG,TRACK,3,0,1,20.0,3.091,138.0,1,1,4.41,2,HIGH,3,UNDER_MAINTENANCE,2,MEDIUM,2,3.22,0,3,5,2,0.4,3,651,2.668,3,244,305.3,52.21,60.44,synthetic,1.0.0,42
synth-task-00094,SYN-ENGG-0094,synth-asset-ENGG-467,CSMT-KYN,RAIL_FRACTURE_REPAIR,ENGG,TRACK,1,0,1,20.0,1.921,54.0,1,1,1.16,0,CRITICAL,4,FAILED,5,IMMEDIATE,4,-0.02,1,5,16,1,0.062,1,123,1.255,1,98,82.7,100.0,62.02,synthetic,1.0.0,42
synth-task-00095,SYN-SNT-0095,synth-asset-SNT-776,MAS-GDR,SIGNAL_ASPECT_ALIGNMENT,SNT,SIGNAL,1,0,0,0.0,0.8,138.0,1,1,2.4,0,MEDIUM,2,MAINTENANCE_REQUIRED,4,IMMEDIATE,4,11.87,0,5,9,3,0.333,1,234,3.966,0,59,44.7,82.44,40.0,synthetic,1.0.0,42
synth-task-00096,SYN-SNT-0096,synth-asset-SNT-397,NDLS-CNB,TRACK_CIRCUIT_CHECK,SNT,TRACK_CIRCUIT,2,0,1,0.0,1.566,440.5,1,1,2.09,0,MEDIUM,2,DEGRADED,3,MEDIUM,2,9.61,0,4,16,5,0.312,3,579,9.19,5,63,57.8,55.35,82.76,synthetic,1.0.0,42
synth-task-00097,SYN-SNT-0097,synth-asset-SNT-601,HWH-DDU,TRACK_CIRCUIT_CHECK,SNT,TRACK_CIRCUIT,3,0,1,0.0,1.542,675.0,1,1,4.68,0,MEDIUM,2,DEGRADED,3,LOW,1,8.63,0,3,8,3,0.375,3,402,5.221,3,77,30.0,45.8,55.91,synthetic,1.0.0,42
synth-task-00098,SYN-TRD-0098,synth-asset-TRD-393,HWH-DDU,CONTACT_WIRE_RENEWAL,TRD,OHE_LINE,2,1,1,30.0,3.15,675.0,1,1,1.02,0,MEDIUM,2,DEGRADED,3,MEDIUM,2,2.58,0,4,6,2,0.333,3,420,1.743,2,241,240.8,57.77,62.32,synthetic,1.0.0,42
synth-task-00099,SYN-TRD-0099,synth-asset-TRD-873,NDLS-CNB,CANTILEVER_ADJUSTMENT,TRD,OHE_MAST,1,1,1,0.0,3.2,440.5,1,1,5.17,1,HIGH,3,MAINTENANCE_REQUIRED,4,IMMEDIATE,4,13.91,0,5,8,3,0.375,1,183,1.022,4,179,211.2,91.42,70.86,synthetic,1.0.0,42
synth-task-00100,SYN-ENGG-0100,synth-asset-ENGG-710,CSMT-KYN,RAIL_FRACTURE_REPAIR,ENGG,TRACK,1,0,1,20.0,3.14,54.0,1,1,5.48,3,CRITICAL,4,FAILED,5,IMMEDIATE,4,-1.46,1,5,24,1,0.042,1,196,1.531,2,128,119.2,100.0,64.03,synthetic,1.0.0,42
synth-task-00101,SYN-ENGG-0101,synth-asset-ENGG-149,CSMT-KYN,TURNOUT_PACKING,ENGG,TURNOUT,1,0,1,20.0,2.034,54.0,1,1,5.18,0,MEDIUM,2,MAINTENANCE_REQUIRED,4,HIGH,3,2.89,0,5,16,6,0.375,3,459,3.101,6,148,126.1,74.74,94.16,synthetic,1.0.0,42
synth-task-00102,SYN-SNT-0102,synth-asset-SNT-638,NDLS-CNB,POINTS_TESTING,SNT,INTERLOCKING,3,0,1,0.0,1.641,440.5,1,1,0.89,0,CRITICAL,4,OPERATIONAL,1,IMMEDIATE,4,2.53,0,3,16,2,0.125,3,597,6.03,2,99,69.3,62.51,68.33,synthetic,1.0.0,42
synth-task-00103,SYN-ENGG-0103,synth-asset-ENGG-617,MAS-GDR,TURNOUT_PACKING,ENGG,TURNOUT,4,0,1,45.0,2.531,138.0,1,1,4.41,0,MEDIUM,2,DEGRADED,3,MEDIUM,2,10.11,0,2,5,1,0.2,1,223,1.689,1,132,105.7,50.2,41.77,synthetic,1.0.0,42
synth-task-00104,SYN-ENGG-0104,synth-asset-ENGG-943,HWH-DDU,TRACK_TAMPING,ENGG,TRACK,1,0,1,0.0,2.679,675.0,1,1,1.61,2,LOW,1,FAILED,5,MEDIUM,2,-0.31,1,5,7,1,0.143,3,441,2.07,2,213,214.0,70.0,61.0,synthetic,1.0.0,42
synth-task-00105,SYN-ENGG-0105,synth-asset-ENGG-517,CSMT-KYN,DEEP_SCREENING,ENGG,TRACK,3,0,1,30.0,2.869,54.0,1,1,0.91,1,HIGH,3,OPERATIONAL,1,MEDIUM,2,-1.94,1,3,14,3,0.214,3,420,1.694,4,248,256.7,63.13,78.27,synthetic,1.0.0,42
synth-task-00106,SYN-ENGG-0106,synth-asset-ENGG-473,MAS-GDR,RAIL_FRACTURE_REPAIR,ENGG,TRACK,1,0,1,45.0,2.602,138.0,1,1,5.6,0,CRITICAL,4,FAILED,5,IMMEDIATE,4,-0.61,1,5,6,2,0.333,3,555,5.904,2,94,97.4,100.0,47.07,synthetic,1.0.0,42
synth-task-00107,SYN-TRD-0107,synth-asset-TRD-288,HWH-DDU,OHE_INSPECTION,TRD,OHE_LINE,2,1,1,0.0,3.153,675.0,1,1,3.36,1,LOW,1,DEGRADED,3,MEDIUM,2,7.11,0,4,8,1,0.125,1,152,1.063,1,143,159.1,53.47,53.95,synthetic,1.0.0,42
synth-task-00108,SYN-ENGG-0108,synth-asset-ENGG-633,HWH-DDU,TURNOUT_PACKING,ENGG,TURNOUT,1,0,1,30.0,2.262,675.0,1,1,3.88,0,CRITICAL,4,UNDER_MAINTENANCE,2,IMMEDIATE,4,5.82,0,5,12,5,0.417,1,165,1.179,5,140,133.0,82.6,77.4,synthetic,1.0.0,42
synth-task-00109,SYN-ENGG-0109,synth-asset-ENGG-231,MAS-GDR,TURNOUT_PACKING,ENGG,TURNOUT,3,0,1,0.0,2.58,138.0,1,1,0.62,2,HIGH,3,UNDER_MAINTENANCE,2,LOW,1,-0.23,1,3,10,1,0.1,2,346,2.291,2,151,105.5,62.37,53.46,synthetic,1.0.0,42
synth-task-00110,SYN-TRD-0110,synth-asset-TRD-246,NDLS-CNB,CONTACT_WIRE_RENEWAL,TRD,OHE_LINE,2,1,1,15.0,3.814,440.5,1,1,3.11,3,LOW,1,MAINTENANCE_REQUIRED,4,IMMEDIATE,4,6.22,0,4,12,1,0.083,3,621,2.598,2,239,281.9,71.04,64.33,synthetic,1.0.0,42
synth-task-00111,SYN-ENGG-0111,synth-asset-ENGG-413,HWH-DDU,TURNOUT_PACKING,ENGG,TURNOUT,1,0,1,50.0,2.706,675.0,1,1,5.87,0,CRITICAL,4,DEGRADED,3,IMMEDIATE,4,-5.75,1,5,10,4,0.4,2,302,1.911,4,158,184.2,95.71,70.52,synthetic,1.0.0,42
synth-task-00112,SYN-SNT-0112,synth-asset-SNT-741,NDLS-CNB,INTERLOCKING_LOGIC_TEST,SNT,INTERLOCKING,2,0,1,0.0,2.412,440.5,1,1,2.38,2,CRITICAL,4,DEGRADED,3,IMMEDIATE,4,11.39,0,4,16,8,0.5,1,192,1.401,8,137,108.9,89.17,90.03,synthetic,1.0.0,42
synth-task-00113,SYN-SNT-0113,synth-asset-SNT-446,NDLS-CNB,SIGNAL_ASPECT_ALIGNMENT,SNT,SIGNAL,1,0,0,0.0,0.8,440.5,1,1,0.58,0,CRITICAL,4,MAINTENANCE_REQUIRED,4,IMMEDIATE,4,0.94,0,5,11,2,0.182,1,143,2.103,0,68,30.0,91.25,40.93,synthetic,1.0.0,42
synth-task-00114,SYN-ENGG-0114,synth-asset-ENGG-500,CSMT-KYN,TRACK_TAMPING,ENGG,TRACK,4,0,1,30.0,3.31,54.0,1,1,3.27,2,MEDIUM,2,DEGRADED,3,LOW,1,6.36,0,2,24,2,0.083,3,615,2.746,3,224,214.2,39.33,83.25,synthetic,1.0.0,42
synth-task-00115,SYN-ENGG-0115,synth-asset-ENGG-890,MAS-GDR,RAIL_GRINDING,ENGG,TRACK,1,0,1,45.0,3.206,138.0,1,1,4.9,1,CRITICAL,4,OPERATIONAL,1,IMMEDIATE,4,6.55,0,5,8,1,0.125,3,501,2.096,1,239,277.7,76.65,63.7,synthetic,1.0.0,42
synth-task-00116,SYN-SNT-0116,synth-asset-SNT-227,MAS-GDR,AXLE_COUNTER_OVERHAUL,SNT,AXLE_COUNTER,4,0,0,0.0,0.8,138.0,1,1,3.26,0,MEDIUM,2,DEGRADED,3,MEDIUM,2,13.59,0,2,5,2,0.4,2,472,6.466,0,73,75.0,53.54,32.37,synthetic,1.0.0,42
synth-task-00117,SYN-ENGG-0117,synth-asset-ENGG-904,HWH-DDU,TURNOUT_PACKING,ENGG,TURNOUT,1,0,1,0.0,1.616,675.0,1,1,3.6,0,MEDIUM,2,MAINTENANCE_REQUIRED,4,HIGH,3,3.99,0,5,6,2,0.333,2,268,2.179,2,123,137.7,76.25,50.64,synthetic,1.0.0,42
synth-task-00118,SYN-ENGG-0118,synth-asset-ENGG-872,HWH-DDU,DEEP_SCREENING,ENGG,TRACK,2,0,1,45.0,3.787,675.0,1,1,3.0,3,LOW,1,DEGRADED,3,HIGH,3,-0.46,1,4,6,1,0.167,1,159,0.6,1,265,312.3,65.35,58.17,synthetic,1.0.0,42
synth-task-00119,SYN-SNT-0119,synth-asset-SNT-154,HWH-DDU,TRACK_CIRCUIT_CHECK,SNT,TRACK_CIRCUIT,2,0,1,15.0,1.972,675.0,1,1,2.36,0,LOW,1,MAINTENANCE_REQUIRED,4,HIGH,3,4.82,0,4,14,3,0.214,3,552,6.273,4,88,46.0,65.11,67.44,synthetic,1.0.0,42
synth-task-00120,SYN-ENGG-0120,synth-asset-ENGG-498,NDLS-CNB,TRACK_TAMPING,ENGG,TRACK,3,0,1,20.0,2.132,440.5,1,1,3.44,0,MEDIUM,2,DEGRADED,3,LOW,1,-1.52,1,3,11,2,0.182,1,205,0.972,2,211,219.4,62.63,76.51,synthetic,1.0.0,42
synth-task-00121,SYN-ENGG-0121,synth-asset-ENGG-477,CSMT-KYN,DEEP_SCREENING,ENGG,TRACK,4,0,1,45.0,3.214,54.0,1,1,5.28,1,MEDIUM,2,DEGRADED,3,LOW,1,8.01,0,2,21,3,0.143,1,223,0.811,3,275,296.8,40.89,90.54,synthetic,1.0.0,42
synth-task-00122,SYN-ENGG-0122,synth-asset-ENGG-755,HWH-DDU,RAIL_GRINDING,ENGG,TRACK,3,0,1,0.0,1.988,675.0,1,1,1.6,1,MEDIUM,2,OPERATIONAL,1,MEDIUM,2,1.03,0,3,6,2,0.333,2,250,1.092,3,229,201.1,42.75,61.12,synthetic,1.0.0,42
synth-task-00123,SYN-ENGG-0123,synth-asset-ENGG-123,NDLS-CNB,TURNOUT_PACKING,ENGG,TURNOUT,1,0,1,45.0,2.794,440.5,1,1,3.79,0,CRITICAL,4,OPERATIONAL,1,IMMEDIATE,4,4.38,0,5,12,2,0.167,1,132,1.048,3,126,138.2,77.25,61.7,synthetic,1.0.0,42
synth-task-00124,SYN-ENGG-0124,synth-asset-ENGG-727,HWH-DDU,RAIL_GRINDING,ENGG,TRACK,4,0,1,0.0,1.572,675.0,1,1,1.59,0,MEDIUM,2,DEGRADED,3,MEDIUM,2,6.28,0,2,8,1,0.125,3,435,1.719,2,253,226.2,46.26,61.41,synthetic,1.0.0,42
synth-task-00125,SYN-SNT-0125,synth-asset-SNT-614,NDLS-CNB,INTERLOCKING_LOGIC_TEST,SNT,INTERLOCKING,2,0,1,0.0,1.651,440.5,1,1,5.24,0,CRITICAL,4,MAINTENANCE_REQUIRED,4,IMMEDIATE,4,7.9,0,4,10,4,0.4,2,308,1.925,5,160,132.5,93.87,71.96,synthetic,1.0.0,42
synth-task-00126,SYN-ENGG-0126,synth-asset-ENGG-506,MAS-GDR,RAIL_GRINDING,ENGG,TRACK,3,0,1,0.0,1.479,138.0,1,1,4.27,0,HIGH,3,DEGRADED,3,MEDIUM,2,4.62,0,3,8,3,0.375,1,223,0.965,3,231,182.1,65.66,66.77,synthetic,1.0.0,42
synth-task-00127,SYN-TRD-0127,synth-asset-TRD-991,CSMT-KYN,OHE_INSPECTION,TRD,OHE_LINE,1,1,1,20.0,3.129,54.0,1,1,0.76,0,CRITICAL,4,OPERATIONAL,1,HIGH,3,10.71,0,5,23,5,0.217,2,242,1.503,5,161,136.2,67.67,91.61,synthetic,1.0.0,42
synth-task-00128,SYN-SNT-0128,synth-asset-SNT-537,HWH-DDU,SIGNAL_ASPECT_ALIGNMENT,SNT,SIGNAL,1,0,0,0.0,1.142,675.0,1,1,5.41,1,MEDIUM,2,MAINTENANCE_REQUIRED,4,IMMEDIATE,4,-2.29,1,5,14,7,0.5,2,340,4.416,0,77,88.5,94.86,69.02,synthetic,1.0.0,42
synth-task-00129,SYN-TRD-0129,synth-asset-TRD-271,NDLS-CNB,OHE_INSPECTION,TRD,OHE_LINE,2,1,1,15.0,3.545,440.5,1,1,1.03,1,CRITICAL,4,UNDER_MAINTENANCE,2,HIGH,3,-1.29,1,4,9,4,0.444,3,675,4.53,5,149,159.0,79.91,65.62,synthetic,1.0.0,42
synth-task-00130,SYN-ENGG-0130,synth-asset-ENGG-194,CSMT-KYN,DEEP_SCREENING,ENGG,TRACK,3,0,1,0.0,1.562,54.0,1,1,1.61,0,MEDIUM,2,DEGRADED,3,HIGH,3,8.4,0,3,22,5,0.227,2,388,1.498,6,259,225.8,58.65,88.05,synthetic,1.0.0,42
synth-task-00131,SYN-SNT-0131,synth-asset-SNT-437,HWH-DDU,INTERLOCKING_LOGIC_TEST,SNT,INTERLOCKING,3,0,1,0.0,1.467,675.0,1,1,3.76,0,MEDIUM,2,UNDER_MAINTENANCE,2,MEDIUM,2,6.52,0,3,13,6,0.462,3,372,2.84,7,131,152.9,47.69,89.09,synthetic,1.0.0,42
synth-task-00132,SYN-ENGG-0132,synth-asset-ENGG-199,NDLS-CNB,RAIL_FRACTURE_REPAIR,ENGG,TRACK,1,0,1,50.0,2.751,440.5,1,1,1.08,0,CRITICAL,4,FAILED,5,IMMEDIATE,4,-0.37,1,5,15,4,0.267,3,636,6.0,5,106,71.1,100.0,76.89,synthetic,1.0.0,42
synth-task-00133,SYN-TRD-0133,synth-asset-TRD-942,NDLS-CNB,OHE_INSPECTION,TRD,OHE_LINE,3,1,1,0.0,2.464,440.5,1,1,3.54,0,HIGH,3,OPERATIONAL,1,HIGH,3,-1.28,1,3,14,2,0.143,3,378,2.503,3,151,132.7,65.77,72.54,synthetic,1.0.0,42
synth-task-00134,SYN-ENGG-0134,synth-asset-ENGG-583,CSMT-KYN,TURNOUT_PACKING,ENGG,TURNOUT,3,0,1,45.0,3.093,54.0,1,1,1.3,1,HIGH,3,DEGRADED,3,MEDIUM,2,8.95,0,3,16,3,0.188,3,516,3.329,3,155,151.5,58.53,77.75,synthetic,1.0.0,42
synth-task-00135,SYN-SNT-0135,synth-asset-SNT-943,CSMT-KYN,SIGNAL_ASPECT_ALIGNMENT,SNT,SIGNAL,2,0,0,0.0,1.634,54.0,1,1,3.72,2,CRITICAL,4,DEGRADED,3,HIGH,3,5.09,0,4,21,10,0.476,1,136,1.789,0,76,78.4,75.64,74.21,synthetic,1.0.0,42
synth-task-00136,SYN-SNT-0136,synth-asset-SNT-512,HWH-DDU,AXLE_COUNTER_OVERHAUL,SNT,AXLE_COUNTER,1,0,0,0.0,1.608,675.0,1,1,2.07,2,HIGH,3,FAILED,5,HIGH,3,-2.32,1,5,10,1,0.1,3,447,4.382,0,102,70.4,95.7,41.84,synthetic,1.0.0,42
synth-task-00137,SYN-TRD-0137,synth-asset-TRD-283,CSMT-KYN,CANTILEVER_ADJUSTMENT,TRD,OHE_MAST,2,1,1,0.0,3.064,54.0,1,1,5.05,1,MEDIUM,2,DEGRADED,3,LOW,1,-6.82,1,4,14,3,0.214,3,486,2.571,3,189,193.3,61.64,82.9,synthetic,1.0.0,42
synth-task-00138,SYN-SNT-0138,synth-asset-SNT-515,NDLS-CNB,POINTS_TESTING,SNT,INTERLOCKING,1,0,1,0.0,1.937,440.5,1,1,4.09,1,LOW,1,MAINTENANCE_REQUIRED,4,IMMEDIATE,4,-0.44,1,5,11,3,0.273,2,440,3.697,4,119,99.5,83.79,64.2,synthetic,1.0.0,42
synth-task-00139,SYN-ENGG-0139,synth-asset-ENGG-305,CSMT-KYN,DEEP_SCREENING,ENGG,TRACK,2,0,1,45.0,3.173,54.0,1,1,5.01,1,HIGH,3,UNDER_MAINTENANCE,2,MEDIUM,2,11.61,0,4,24,12,0.5,2,450,1.562,12,288,335.3,56.43,100.0,synthetic,1.0.0,42
synth-task-00140,SYN-ENGG-0140,synth-asset-ENGG-844,CSMT-KYN,TURNOUT_PACKING,ENGG,TURNOUT,3,0,1,45.0,2.791,54.0,1,1,3.23,0,HIGH,3,DEGRADED,3,MEDIUM,2,11.61,0,3,16,4,0.25,1,205,1.395,5,147,150.2,62.63,86.0,synthetic,1.0.0,42
synth-task-00141,SYN-SNT-0141,synth-asset-SNT-264,MAS-GDR,INTERLOCKING_LOGIC_TEST,SNT,INTERLOCKING,5,0,1,0.0,2.026,138.0,1,1,5.96,1,MEDIUM,2,OPERATIONAL,1,MEDIUM,2,8.13,0,1,11,3,0.273,1,211,1.344,3,157,136.8,35.61,72.53,synthetic,1.0.0,42
synth-task-00142,SYN-TRD-0142,synth-asset-TRD-819,HWH-DDU,CANTILEVER_ADJUSTMENT,TRD,OHE_MAST,3,1,1,50.0,3.834,675.0,1,1,3.07,0,HIGH,3,DEGRADED,3,MEDIUM,2,6.87,0,3,13,5,0.385,3,627,3.483,6,180,227.5,61.88,88.03,synthetic,1.0.0,42
synth-task-00143,SYN-SNT-0143,synth-asset-SNT-882,CSMT-KYN,AXLE_COUNTER_OVERHAUL,SNT,AXLE_COUNTER,5,0,0,0.0,0.8,54.0,1,1,1.9,0,HIGH,3,OPERATIONAL,1,LOW,1,2.74,0,1,22,10,0.455,2,246,3.075,0,80,57.3,36.77,69.47,synthetic,1.0.0,42
synth-task-00144,SYN-SNT-0144,synth-asset-SNT-110,CSMT-KYN,INTERLOCKING_LOGIC_TEST,SNT,INTERLOCKING,3,0,1,0.0,1.951,54.0,1,1,1.76,1,LOW,1,DEGRADED,3,MEDIUM,2,12.12,0,3,24,3,0.125,1,180,1.364,3,132,108.5,48.21,75.62,synthetic,1.0.0,42
synth-task-00145,SYN-ENGG-0145,synth-asset-ENGG-371,HWH-DDU,RAIL_GRINDING,ENGG,TRACK,2,0,1,20.0,2.518,675.0,1,1,1.25,1,CRITICAL,4,OPERATIONAL,1,IMMEDIATE,4,4.17,0,4,12,4,0.333,2,430,1.792,4,240,259.6,73.53,77.79,synthetic,1.0.0,42
synth-task-00146,SYN-ENGG-0146,synth-asset-ENGG-727,MAS-GDR,RAIL_GRINDING,ENGG,TRACK,2,0,1,45.0,3.081,138.0,1,1,1.63,1,CRITICAL,4,DEGRADED,3,IMMEDIATE,4,-6.44,1,4,9,4,0.444,2,430,1.667,5,258,257.8,94.44,79.38,synthetic,1.0.0,42
synth-task-00147,SYN-ENGG-0147,synth-asset-ENGG-641,MAS-GDR,RAIL_FRACTURE_REPAIR,ENGG,TRACK,1,0,1,15.0,2.978,138.0,1,1,2.95,2,CRITICAL,4,FAILED,5,IMMEDIATE,4,-0.32,1,5,5,2,0.4,3,462,3.915,2,118,108.6,100.0,48.79,synthetic,1.0.0,42
synth-task-00148,SYN-SNT-0148,synth-asset-SNT-826,HWH-DDU,SIGNAL_ASPECT_ALIGNMENT,SNT,SIGNAL,3,0,0,0.0,0.8,675.0,1,1,1.14,0,HIGH,3,DEGRADED,3,MEDIUM,2,7.78,0,3,10,3,0.3,3,522,5.8,0,90,30.4,57.74,37.98,synthetic,1.0.0,42
synth-task-00149,SYN-SNT-0149,synth-asset-SNT-499,MAS-GDR,SIGNAL_ASPECT_ALIGNMENT,SNT,SIGNAL,1,0,0,0.0,0.8,138.0,1,1,4.74,0,CRITICAL,4,DEGRADED,3,HIGH,3,4.94,0,5,10,3,0.3,3,645,10.403,0,62,55.7,84.0,46.01,synthetic,1.0.0,42
synth-task-00150,SYN-SNT-0150,synth-asset-SNT-281,NDLS-CNB,SIGNAL_ASPECT_ALIGNMENT,SNT,SIGNAL,3,0,0,0.0,0.8,440.5,1,1,5.58,0,CRITICAL,4,UNDER_MAINTENANCE,2,MEDIUM,2,-3.79,1,3,10,2,0.2,1,219,4.761,0,46,90.6,73.98,45.24,synthetic,1.0.0,42
synth-task-00151,SYN-SNT-0151,synth-asset-SNT-380,MAS-GDR,AXLE_COUNTER_OVERHAUL,SNT,AXLE_COUNTER,3,0,0,0.0,0.8,138.0,1,1,2.54,0,HIGH,3,UNDER_MAINTENANCE,2,MEDIUM,2,8.44,0,3,10,5,0.5,1,190,2.262,0,84,69.3,55.08,53.76,synthetic,1.0.0,42
synth-task-00152,SYN-ENGG-0152,synth-asset-ENGG-900,MAS-GDR,TURNOUT_PACKING,ENGG,TURNOUT,3,0,1,0.0,1.624,138.0,1,1,2.87,0,HIGH,3,DEGRADED,3,MEDIUM,2,6.1,0,3,11,5,0.455,1,221,1.782,5,124,109.1,61.58,82.13,synthetic,1.0.0,42
synth-task-00153,SYN-ENGG-0153,synth-asset-ENGG-946,HWH-DDU,TURNOUT_PACKING,ENGG,TURNOUT,1,0,1,20.0,2.02,675.0,1,1,2.01,0,CRITICAL,4,DEGRADED,3,IMMEDIATE,4,4.94,0,5,10,3,0.3,1,146,1.014,3,144,109.0,88.03,63.68,synthetic,1.0.0,42
synth-task-00154,SYN-SNT-0154,synth-asset-SNT-970,MAS-GDR,INTERLOCKING_LOGIC_TEST,SNT,INTERLOCKING,1,0,1,0.0,2.692,138.0,1,1,0.99,3,MEDIUM,2,MAINTENANCE_REQUIRED,4,HIGH,3,-5.97,1,5,8,3,0.375,2,330,2.276,3,145,144.3,87.45,60.7,synthetic,1.0.0,42
synth-task-00155,SYN-ENGG-0155,synth-asset-ENGG-407,CSMT-KYN,DEEP_SCREENING,ENGG,TRACK,3,0,1,15.0,1.848,54.0,1,1,1.35,0,CRITICAL,4,OPERATIONAL,1,HIGH,3,2.67,0,3,21,2,0.095,3,576,2.39,2,241,256.6,59.4,90.71,synthetic,1.0.0,42
synth-task-00156,SYN-SNT-0156,synth-asset-SNT-118,CSMT-KYN,SIGNAL_ASPECT_ALIGNMENT,SNT,SIGNAL,1,0,0,0.0,1.042,54.0,1,1,4.17,1,CRITICAL,4,DEGRADED,3,IMMEDIATE,4,-5.46,1,5,16,2,0.125,3,714,9.52,0,75,65.2,100.0,53.07,synthetic,1.0.0,42
synth-task-00157,SYN-TRD-0157,synth-asset-TRD-853,MAS-GDR,INSULATOR_WASHING,TRD,OHE_INSULATOR,1,1,1,0.0,2.555,138.0,1,1,5.52,0,CRITICAL,4,DEGRADED,3,IMMEDIATE,4,-1.5,1,5,6,2,0.333,3,687,5.409,2,127,111.8,95.41,54.15,synthetic,1.0.0,42
synth-task-00158,SYN-SNT-0158,synth-asset-SNT-547,HWH-DDU,INTERLOCKING_LOGIC_TEST,SNT,INTERLOCKING,4,0,1,0.0,1.679,675.0,1,1,1.21,0,MEDIUM,2,DEGRADED,3,MEDIUM,2,12.31,0,2,7,1,0.143,2,438,2.737,1,160,147.9,56.49,47.76,synthetic,1.0.0,42
synth-task-00159,SYN-SNT-0159,synth-asset-SNT-456,NDLS-CNB,INTERLOCKING_LOGIC_TEST,SNT,INTERLOCKING,3,0,1,0.0,1.993,440.5,1,1,5.02,1,MEDIUM,2,DEGRADED,3,MEDIUM,2,13.72,0,3,9,4,0.444,1,194,1.481,5,131,88.6,49.7,70.36,synthetic,1.0.0,42
synth-task-00160,SYN-SNT-0160,synth-asset-SNT-257,MAS-GDR,SIGNAL_ASPECT_ALIGNMENT,SNT,SIGNAL,4,0,0,0.0,1.167,138.0,1,1,2.11,1,MEDIUM,2,UNDER_MAINTENANCE,2,MEDIUM,2,-6.37,1,2,5,2,0.4,1,172,2.529,0,68,30.0,48.62,23.94,synthetic,1.0.0,42
synth-task-00161,SYN-ENGG-0161,synth-asset-ENGG-500,HWH-DDU,RAIL_GRINDING,ENGG,TRACK,3,0,1,0.0,1.637,675.0,1,1,2.58,0,HIGH,3,MAINTENANCE_REQUIRED,4,IMMEDIATE,4,-2.74,1,3,8,3,0.375,1,156,0.69,3,226,215.8,88.0,69.4,synthetic,1.0.0,42
synth-task-00162,SYN-SNT-0162,synth-asset-SNT-224,HWH-DDU,AXLE_COUNTER_OVERHAUL,SNT,AXLE_COUNTER,2,0,0,0.0,0.8,675.0,1,1,5.55,0,CRITICAL,4,OPERATIONAL,1,HIGH,3,-3.58,1,4,14,4,0.286,2,286,2.804,0,102,77.8,79.9,61.73,synthetic,1.0.0,42
synth-task-00163,SYN-TRD-0163,synth-asset-TRD-302,NDLS-CNB,CANTILEVER_ADJUSTMENT,TRD,OHE_MAST,2,1,1,0.0,2.619,440.5,1,1,1.5,0,CRITICAL,4,DEGRADED,3,MEDIUM,2,-1.0,1,4,11,1,0.091,3,594,3.882,1,153,187.5,80.69,65.21,synthetic,1.0.0,42
synth-task-00164,SYN-SNT-0164,synth-asset-SNT-299,NDLS-CNB,AXLE_COUNTER_OVERHAUL,SNT,AXLE_COUNTER,5,0,0,0.0,0.8,440.5,1,1,1.63,0,LOW,1,DEGRADED,3,LOW,1,13.52,0,1,15,2,0.133,2,456,6.162,0,74,64.3,34.54,52.93,synthetic,1.0.0,42
synth-task-00165,SYN-TRD-0165,synth-asset-TRD-685,NDLS-CNB,SUBSTATION_MAINTENANCE,TRD,TRACTION_SUBSTATION,1,1,0,0.0,1.594,440.5,1,1,2.32,0,LOW,1,MAINTENANCE_REQUIRED,4,IMMEDIATE,4,-2.47,1,5,14,1,0.071,2,354,1.914,0,185,174.3,85.85,51.22,synthetic,1.0.0,42
synth-task-00166,SYN-ENGG-0166,synth-asset-ENGG-910,NDLS-CNB,RAIL_FRACTURE_REPAIR,ENGG,TRACK,1,0,1,20.0,2.063,440.5,1,1,1.56,0,CRITICAL,4,FAILED,5,IMMEDIATE,4,-1.74,1,5,13,5,0.385,3,699,6.657,5,105,82.8,100.0,82.02,synthetic,1.0.0,42
synth-task-00167,SYN-TRD-0167,synth-asset-TRD-100,CSMT-KYN,SUBSTATION_MAINTENANCE,TRD,TRACTION_SUBSTATION,2,1,0,0.0,1.991,54.0,1,1,2.57,1,LOW,1,MAINTENANCE_REQUIRED,4,IMMEDIATE,4,-1.93,1,4,14,5,0.357,1,223,1.174,0,190,162.6,77.47,75.22,synthetic,1.0.0,42
synth-task-00168,SYN-ENGG-0168,synth-asset-ENGG-602,HWH-DDU,TRACK_TAMPING,ENGG,TRACK,2,0,1,50.0,3.945,675.0,1,1,2.22,2,CRITICAL,4,OPERATIONAL,1,HIGH,3,-6.34,1,4,6,1,0.167,1,184,0.893,1,206,260.7,73.78,64.05,synthetic,1.0.0,42
synth-task-00169,SYN-SNT-0169,synth-asset-SNT-320,MAS-GDR,AXLE_COUNTER_OVERHAUL,SNT,AXLE_COUNTER,2,0,0,0.0,0.8,138.0,1,1,0.52,0,HIGH,3,OPERATIONAL,1,MEDIUM,2,1.59,0,4,5,2,0.4,3,411,4.779,0,86,78.7,51.25,31.02,synthetic,1.0.0,42
synth-task-00170,SYN-SNT-0170,synth-asset-SNT-256,CSMT-KYN,AXLE_COUNTER_OVERHAUL,SNT,AXLE_COUNTER,5,0,0,0.0,0.8,54.0,1,1,1.02,0,MEDIUM,2,OPERATIONAL,1,LOW,1,13.03,0,1,21,10,0.476,2,260,3.421,0,76,56.7,25.38,74.16,synthetic,1.0.0,42
synth-task-00171,SYN-TRD-0171,synth-asset-TRD-251,CSMT-KYN,INSULATOR_WASHING,TRD,OHE_INSULATOR,2,1,1,0.0,2.904,54.0,1,1,2.45,1,HIGH,3,MAINTENANCE_REQUIRED,4,IMMEDIATE,4,-2.2,1,4,20,3,0.15,1,214,1.981,4,108,114.6,93.35,72.42,synthetic,1.0.0,42
synth-task-00172,SYN-ENGG-0172,synth-asset-ENGG-410,HWH-DDU,TRACK_TAMPING,ENGG,TRACK,2,0,1,30.0,2.436,675.0,1,1,1.23,0,HIGH,3,MAINTENANCE_REQUIRED,4,IMMEDIATE,4,12.91,0,4,13,2,0.154,1,133,0.613,2,217,214.0,83.87,76.55,synthetic,1.0.0,42
synth-task-00173,SYN-SNT-0173,synth-asset-SNT-305,NDLS-CNB,INTERLOCKING_LOGIC_TEST,SNT,INTERLOCKING,1,0,1,0.0,1.641,440.5,1,1,0.71,0,HIGH,3,MAINTENANCE_REQUIRED,4,HIGH,3,9.9,0,5,10,1,0.1,1,177,1.475,1,120,102.5,81.76,49.41,synthetic,1.0.0,42
synth-task-00174,SYN-TRD-0174,synth-asset-TRD-271,HWH-DDU,OHE_INSPECTION,TRD,OHE_LINE,3,1,1,0.0,2.611,675.0,1,1,4.4,0,HIGH,3,OPERATIONAL,1,MEDIUM,2,9.47,0,3,10,1,0.1,1,153,0.968,1,158,146.5,49.07,59.67,synthetic,1.0.0,42
synth-task-00175,SYN-ENGG-0175,synth-asset-ENGG-388,NDLS-CNB,TRACK_TAMPING,ENGG,TRACK,3,0,1,45.0,2.671,440.5,1,1,3.2,0,MEDIUM,2,OPERATIONAL,1,MEDIUM,2,13.22,0,3,14,4,0.286,1,173,0.808,4,214,187.0,41.65,88.87,synthetic,1.0.0,42
synth-task-00176,SYN-TRD-0176,synth-asset-TRD-897,NDLS-CNB,INSULATOR_WASHING,TRD,OHE_INSULATOR,1,1,1,0.0,2.419,440.5,1,1,2.11,0,CRITICAL,4,UNDER_MAINTENANCE,2,IMMEDIATE,4,6.36,0,5,16,7,0.438,3,411,4.194,8,98,116.2,82.56,93.71,synthetic,1.0.0,42
synth-task-00177,SYN-ENGG-0177,synth-asset-ENGG-552,CSMT-KYN,TRACK_TAMPING,ENGG,TRACK,3,0,1,50.0,2.76,54.0,1,1,1.83,0,HIGH,3,DEGRADED,3,LOW,1,5.09,0,3,22,10,0.455,2,276,1.577,11,175,201.6,52.54,100.0,synthetic,1.0.0,42
synth-task-00178,SYN-ENGG-0178,synth-asset-ENGG-395,MAS-GDR,DEEP_SCREENING,ENGG,TRACK,3,0,1,30.0,2.299,138.0,1,1,2.31,0,MEDIUM,2,DEGRADED,3,MEDIUM,2,4.79,0,3,5,1,0.2,2,306,1.239,2,247,285.2,53.78,51.4,synthetic,1.0.0,42
synth-task-00179,SYN-ENGG-0179,synth-asset-ENGG-967,CSMT-KYN,RAIL_GRINDING,ENGG,TRACK,5,0,1,0.0,1.449,54.0,1,1,5.2,0,HIGH,3,DEGRADED,3,HIGH,3,13.38,0,1,18,1,0.056,1,136,0.589,2,231,234.3,61.61,70.99,synthetic,1.0.0,42
synth-task-00180,SYN-TRD-0180,synth-asset-TRD-570,CSMT-KYN,CONTACT_WIRE_RENEWAL,TRD,OHE_LINE,1,1,1,30.0,3.442,54.0,1,1,4.34,0,MEDIUM,2,FAILED,5,MEDIUM,2,9.84,0,5,19,7,0.368,3,384,1.506,7,255,288.9,75.19,97.64,synthetic,1.0.0,42
synth-task-00181,SYN-ENGG-0181,synth-asset-ENGG-407,HWH-DDU,TURNOUT_PACKING,ENGG,TURNOUT,1,0,1,0.0,1.44,675.0,1,1,4.12,0,CRITICAL,4,DEGRADED,3,IMMEDIATE,4,-1.57,1,5,12,1,0.083,1,222,1.542,1,144,121.6,98.77,59.75,synthetic,1.0.0,42
synth-task-00182,SYN-ENGG-0182,synth-asset-ENGG-337,HWH-DDU,TURNOUT_PACKING,ENGG,TURNOUT,2,0,1,0.0,2.569,675.0,1,1,5.02,2,LOW,1,DEGRADED,3,MEDIUM,2,4.94,0,4,9,2,0.222,2,240,2.017,2,119,130.7,54.21,54.41,synthetic,1.0.0,42
synth-task-00183,SYN-ENGG-0183,synth-asset-ENGG-127,NDLS-CNB,RAIL_FRACTURE_REPAIR,ENGG,TRACK,1,0,1,45.0,2.733,440.5,1,1,5.02,0,CRITICAL,4,FAILED,5,IMMEDIATE,4,-0.88,1,5,14,5,0.357,1,123,0.984,5,125,107.6,100.0,80.99,synthetic,1.0.0,42
synth-task-00184,SYN-TRD-0184,synth-asset-TRD-485,NDLS-CNB,CANTILEVER_ADJUSTMENT,TRD,OHE_MAST,3,1,1,0.0,2.625,440.5,1,1,2.09,0,MEDIUM,2,UNDER_MAINTENANCE,2,MEDIUM,2,-3.97,1,3,12,4,0.333,2,430,2.35,5,183,155.1,58.22,70.42,synthetic,1.0.0,42
synth-task-00185,SYN-TRD-0185,synth-asset-TRD-307,MAS-GDR,CANTILEVER_ADJUSTMENT,TRD,OHE_MAST,4,1,1,0.0,3.069,138.0,1,1,5.11,1,MEDIUM,2,UNDER_MAINTENANCE,2,MEDIUM,2,7.23,0,2,9,2,0.222,2,478,3.104,2,154,158.2,45.39,59.93,synthetic,1.0.0,42
synth-task-00186,SYN-TRD-0186,synth-asset-TRD-901,CSMT-KYN,CANTILEVER_ADJUSTMENT,TRD,OHE_MAST,3,1,1,0.0,2.4,54.0,1,1,3.64,0,MEDIUM,2,DEGRADED,3,MEDIUM,2,9.7,0,3,18,5,0.278,1,182,0.989,6,184,145.5,59.21,85.93,synthetic,1.0.0,42
synth-task-00187,SYN-SNT-0187,synth-asset-SNT-664,MAS-GDR,INTERLOCKING_LOGIC_TEST,SNT,INTERLOCKING,1,0,1,0.0,2.16,138.0,1,1,3.36,1,HIGH,3,MAINTENANCE_REQUIRED,4,HIGH,3,2.57,0,5,6,1,0.167,3,708,5.244,1,135,134.0,76.76,50.63,synthetic,1.0.0,42
synth-task-00188,SYN-TRD-0188,synth-asset-TRD-232,CSMT-KYN,SUBSTATION_MAINTENANCE,TRD,TRACTION_SUBSTATION,3,1,0,0.0,1.667,54.0,1,1,2.17,0,MEDIUM,2,DEGRADED,3,MEDIUM,2,6.98,0,3,16,8,0.5,3,417,2.397,0,174,209.6,57.81,77.06,synthetic,1.0.0,42
synth-task-00189,SYN-ENGG-0189,synth-asset-ENGG-375,CSMT-KYN,TRACK_TAMPING,ENGG,TRACK,2,0,1,45.0,3.679,54.0,1,1,3.92,2,HIGH,3,UNDER_MAINTENANCE,2,LOW,1,-1.4,1,4,22,11,0.5,1,177,0.783,11,226,243.3,62.29,95.76,synthetic,1.0.0,42
synth-task-00190,SYN-ENGG-0190,synth-asset-ENGG-306,MAS-GDR,TURNOUT_PACKING,ENGG,TURNOUT,4,0,1,15.0,1.797,138.0,1,1,4.6,0,MEDIUM,2,UNDER_MAINTENANCE,2,MEDIUM,2,-1.48,1,2,11,5,0.455,2,266,1.956,5,136,141.3,56.64,75.15,synthetic,1.0.0,42
synth-task-00191,SYN-ENGG-0191,synth-asset-ENGG-459,MAS-GDR,RAIL_GRINDING,ENGG,TRACK,3,0,1,0.0,2.185,138.0,1,1,5.36,1,HIGH,3,DEGRADED,3,HIGH,3,13.13,0,3,5,2,0.4,1,180,0.845,2,213,230.3,72.2,60.54,synthetic,1.0.0,42
synth-task-00192,SYN-SNT-0192,synth-asset-SNT-282,HWH-DDU,POINTS_TESTING,SNT,INTERLOCKING,3,0,1,0.0,1.448,675.0,1,1,2.51,0,LOW,1,DEGRADED,3,MEDIUM,2,11.78,0,3,14,3,0.214,3,480,4.66,4,103,97.6,47.95,68.86,synthetic,1.0.0,42
synth-task-00193,SYN-TRD-0193,synth-asset-TRD-414,NDLS-CNB,CONTACT_WIRE_RENEWAL,TRD,OHE_LINE,1,1,1,30.0,3.397,440.5,1,1,0.84,0,MEDIUM,2,MAINTENANCE_REQUIRED,4,HIGH,3,11.51,0,5,13,2,0.154,2,252,1.029,2,245,248.3,79.39,81.87,synthetic,1.0.0,42
synth-task-00194,SYN-ENGG-0194,synth-asset-ENGG-196,MAS-GDR,RAIL_GRINDING,ENGG,TRACK,3,0,1,30.0,2.198,138.0,1,1,0.96,0,MEDIUM,2,DEGRADED,3,HIGH,3,-0.86,1,3,6,1,0.167,3,501,2.087,1,240,258.2,71.49,56.78,synthetic,1.0.0,42
synth-task-00195,SYN-ENGG-0195,synth-asset-ENGG-763,CSMT-KYN,RAIL_FRACTURE_REPAIR,ENGG,TRACK,1,0,1,45.0,2.788,54.0,1,1,4.85,0,CRITICAL,4,FAILED,5,IMMEDIATE,4,-1.36,1,5,24,8,0.333,1,153,1.354,8,113,105.1,100.0,82.55,synthetic,1.0.0,42
synth-task-00196,SYN-ENGG-0196,synth-asset-ENGG-172,NDLS-CNB,TRACK_TAMPING,ENGG,TRACK,2,0,1,20.0,1.912,440.5,1,1,2.6,0,CRITICAL,4,DEGRADED,3,HIGH,3,4.54,0,4,16,5,0.312,1,178,1.006,5,177,207.5,81.32,89.84,synthetic,1.0.0,42
synth-task-00197,SYN-ENGG-0197,synth-asset-ENGG-562,NDLS-CNB,RAIL_GRINDING,ENGG,TRACK,4,0,1,45.0,3.253,440.5,1,1,5.27,1,MEDIUM,2,OPERATIONAL,1,LOW,1,11.32,0,2,15,8,0.533,2,354,1.469,9,241,254.6,31.96,100.0,synthetic,1.0.0,42
synth-task-00198,SYN-TRD-0198,synth-asset-TRD-289,MAS-GDR,SUBSTATION_MAINTENANCE,TRD,TRACTION_SUBSTATION,2,1,0,0.0,2.181,138.0,1,1,4.66,1,MEDIUM,2,OPERATIONAL,1,MEDIUM,2,-5.24,1,4,8,3,0.375,3,645,3.042,0,212,220.8,58.04,53.59,synthetic,1.0.0,42
synth-task-00199,SYN-SNT-0199,synth-asset-SNT-248,NDLS-CNB,POINTS_TESTING,SNT,INTERLOCKING,2,0,1,0.0,1.96,440.5,1,1,2.2,1,HIGH,3,MAINTENANCE_REQUIRED,4,HIGH,3,5.14,0,4,12,2,0.167,1,153,1.319,2,116,60.7,73.42,65.97,synthetic,1.0.0,42
synth-task-00200,SYN-ENGG-0200,synth-asset-ENGG-781,HWH-DDU,RAIL_GRINDING,ENGG,TRACK,3,0,1,0.0,1.599,675.0,1,1,2.35,0,LOW,1,DEGRADED,3,LOW,1,11.2,0,3,9,2,0.222,2,408,1.736,3,235,179.1,38.53,67.41,synthetic,1.0.0,42
synth-task-00201,SYN-ENGG-0201,synth-asset-ENGG-589,HWH-DDU,RAIL_FRACTURE_REPAIR,ENGG,TRACK,1,0,1,45.0,3.63,675.0,1,1,1.2,2,CRITICAL,4,FAILED,5,IMMEDIATE,4,-0.6,1,5,14,1,0.071,1,202,1.629,1,124,108.3,100.0,61.53,synthetic,1.0.0,42
synth-task-00202,SYN-TRD-0202,synth-asset-TRD-378,CSMT-KYN,SUBSTATION_MAINTENANCE,TRD,TRACTION_SUBSTATION,2,1,0,0.0,1.494,54.0,1,1,1.64,0,CRITICAL,4,MAINTENANCE_REQUIRED,4,IMMEDIATE,4,-0.54,1,4,18,3,0.167,3,696,3.588,0,194,202.4,100.0,69.08,synthetic,1.0.0,42
synth-task-00203,SYN-ENGG-0203,synth-asset-ENGG-658,HWH-DDU,TRACK_TAMPING,ENGG,TRACK,2,0,1,20.0,2.588,675.0,1,1,4.73,1,CRITICAL,4,DEGRADED,3,HIGH,3,4.93,0,4,13,6,0.462,2,388,1.822,6,213,213.4,72.75,96.93,synthetic,1.0.0,42
synth-task-00204,SYN-SNT-0204,synth-asset-SNT-481,NDLS-CNB,SIGNAL_ASPECT_ALIGNMENT,SNT,SIGNAL,5,0,0,0.0,1.105,440.5,1,1,2.06,1,MEDIUM,2,DEGRADED,3,MEDIUM,2,10.39,0,1,13,5,0.385,2,296,4.485,0,66,62.3,48.77,60.96,synthetic,1.0.0,42
synth-task-00205,SYN-ENGG-0205,synth-asset-ENGG-834,HWH-DDU,DEEP_SCREENING,ENGG,TRACK,3,0,1,15.0,2.416,675.0,1,1,0.95,1,MEDIUM,2,FAILED,5,IMMEDIATE,4,8.11,0,3,9,1,0.111,1,139,0.517,2,269,225.8,76.66,66.55,synthetic,1.0.0,42
synth-task-00206,SYN-TRD-0206,synth-asset-TRD-534,NDLS-CNB,SUBSTATION_MAINTENANCE,TRD,TRACTION_SUBSTATION,3,1,0,0.0,2.526,440.5,1,1,0.61,2,LOW,1,UNDER_MAINTENANCE,2,MEDIUM,2,-6.73,1,3,11,3,0.273,3,390,1.814,0,215,194.0,51.79,55.55,synthetic,1.0.0,42
synth-task-00207,SYN-SNT-0207,synth-asset-SNT-126,CSMT-KYN,INTERLOCKING_LOGIC_TEST,SNT,INTERLOCKING,2,0,1,0.0,1.44,54.0,1,1,2.7,0,CRITICAL,4,MAINTENANCE_REQUIRED,4,HIGH,3,5.55,0,4,24,7,0.292,3,393,2.933,8,134,124.3,88.43,89.31,synthetic,1.0.0,42
synth-task-00208,SYN-TRD-0208,synth-asset-TRD-686,HWH-DDU,CANTILEVER_ADJUSTMENT,TRD,OHE_MAST,4,1,1,0.0,2.563,675.0,1,1,3.35,0,HIGH,3,UNDER_MAINTENANCE,2,MEDIUM,2,12.96,0,2,9,1,0.111,1,157,0.877,2,179,186.6,50.84,57.43,synthetic,1.0.0,42
synth-task-00209,SYN-SNT-0209,synth-asset-SNT-870,CSMT-KYN,AXLE_COUNTER_OVERHAUL,SNT,AXLE_COUNTER,2,0,0,0.0,0.8,54.0,1,1,1.95,0,HIGH,3,DEGRADED,3,HIGH,3,3.08,0,4,19,4,0.211,2,438,5.214,0,84,34.3,68.05,57.89,synthetic,1.0.0,42
synth-task-00210,SYN-ENGG-0210,synth-asset-ENGG-162,HWH-DDU,RAIL_GRINDING,ENGG,TRACK,3,0,1,0.0,2.078,675.0,1,1,0.88,1,LOW,1,OPERATIONAL,1,HIGH,3,2.25,0,3,14,1,0.071,3,714,3.306,1,216,194.5,44.21,65.28,synthetic,1.0.0,42
synth-task-00211,SYN-TRD-0211,synth-asset-TRD-156,NDLS-CNB,CONTACT_WIRE_RENEWAL,TRD,OHE_LINE,2,1,1,0.0,2.461,440.5,1,1,0.92,0,CRITICAL,4,MAINTENANCE_REQUIRED,4,HIGH,3,6.45,0,4,9,1,0.111,2,290,1.401,1,207,208.7,85.63,54.8,synthetic,1.0.0,42
synth-task-00212,SYN-TRD-0212,synth-asset-TRD-816,MAS-GDR,INSULATOR_WASHING,TRD,OHE_INSULATOR,1,1,1,0.0,2.471,138.0,1,1,2.28,0,CRITICAL,4,FAILED,5,HIGH,3,10.17,0,5,12,2,0.167,2,466,3.236,3,144,93.0,89.79,53.92,synthetic,1.0.0,42
synth-task-00213,SYN-ENGG-0213,synth-asset-ENGG-911,NDLS-CNB,RAIL_GRINDING,ENGG,TRACK,3,0,1,45.0,2.538,440.5,1,1,5.61,0,HIGH,3,DEGRADED,3,MEDIUM,2,10.24,0,3,16,2,0.125,3,429,1.924,2,223,263.4,64.55,81.39,synthetic,1.0.0,42
synth-task-00214,SYN-SNT-0214,synth-asset-SNT-221,CSMT-KYN,TRACK_CIRCUIT_CHECK,SNT,TRACK_CIRCUIT,1,0,1,0.0,1.592,54.0,1,1,2.45,0,CRITICAL,4,DEGRADED,3,IMMEDIATE,4,-4.39,1,5,14,6,0.429,3,519,6.92,7,75,48.2,100.0,81.78,synthetic,1.0.0,42
synth-task-00215,SYN-ENGG-0215,synth-asset-ENGG-222,CSMT-KYN,RAIL_GRINDING,ENGG,TRACK,3,0,1,15.0,2.939,54.0,1,1,4.18,2,MEDIUM,2,DEGRADED,3,LOW,1,-4.27,1,3,21,5,0.238,3,534,2.352,6,227,251.8,55.65,89.53,synthetic,1.0.0,42
synth-task-00216,SYN-ENGG-0216,synth-asset-ENGG-520,MAS-GDR,DEEP_SCREENING,ENGG,TRACK,1,0,1,0.0,1.594,138.0,1,1,2.66,0,CRITICAL,4,DEGRADED,3,IMMEDIATE,4,-3.04,1,5,10,1,0.1,1,231,0.955,1,242,254.4,100.0,61.82,synthetic,1.0.0,42
synth-task-00217,SYN-TRD-0217,synth-asset-TRD-523,CSMT-KYN,CANTILEVER_ADJUSTMENT,TRD,OHE_MAST,3,1,1,0.0,2.43,54.0,1,1,1.48,0,MEDIUM,2,UNDER_MAINTENANCE,2,MEDIUM,2,8.48,0,3,19,2,0.105,2,320,1.871,3,171,159.0,50.41,70.32,synthetic,1.0.0,42
synth-task-00218,SYN-TRD-0218,synth-asset-TRD-635,HWH-DDU,SUBSTATION_MAINTENANCE,TRD,TRACTION_SUBSTATION,3,1,0,0.0,2.056,675.0,1,1,5.53,1,MEDIUM,2,DEGRADED,3,LOW,1,4.12,0,3,6,2,0.333,2,324,1.705,0,190,191.0,46.82,45.14,synthetic,1.0.0,42
synth-task-00219,SYN-ENGG-0219,synth-asset-ENGG-737,MAS-GDR,TURNOUT_PACKING,ENGG,TURNOUT,3,0,1,50.0,2.89,138.0,1,1,3.14,0,MEDIUM,2,OPERATIONAL,1,MEDIUM,2,7.38,0,3,7,1,0.143,1,180,1.364,2,132,142.6,42.5,48.9,synthetic,1.0.0,42
synth-task-00220,SYN-ENGG-0220,synth-asset-ENGG-673,MAS-GDR,TRACK_TAMPING,ENGG,TRACK,3,0,1,30.0,2.281,138.0,1,1,4.3,0,HIGH,3,DEGRADED,3,MEDIUM,2,8.34,0,3,7,1,0.143,1,169,0.782,2,216,198.3,59.36,56.16,synthetic,1.0.0,42
synth-task-00221,SYN-TRD-0221,synth-asset-TRD-264,HWH-DDU,CANTILEVER_ADJUSTMENT,TRD,OHE_MAST,4,1,1,0.0,2.521,675.0,1,1,0.61,0,HIGH,3,DEGRADED,3,LOW,1,-4.96,1,2,9,3,0.333,3,405,2.143,4,189,177.8,61.23,66.52,synthetic,1.0.0,42
synth-task-00222,SYN-ENGG-0222,synth-asset-ENGG-750,CSMT-KYN,RAIL_FRACTURE_REPAIR,ENGG,TRACK,1,0,1,45.0,3.556,54.0,1,1,4.94,2,CRITICAL,4,FAILED,5,IMMEDIATE,4,-1.73,1,5,15,1,0.067,3,537,4.068,1,132,132.5,100.0,67.57,synthetic,1.0.0,42
synth-task-00223,SYN-ENGG-0223,synth-asset-ENGG-728,MAS-GDR,TURNOUT_PACKING,ENGG,TURNOUT,2,0,1,0.0,1.462,138.0,1,1,1.06,0,CRITICAL,4,OPERATIONAL,1,HIGH,3,-5.69,1,4,10,1,0.1,2,346,2.454,2,141,104.9,79.13,57.15,synthetic,1.0.0,42
synth-task-00224,SYN-ENGG-0224,synth-asset-ENGG-329,CSMT-KYN,TURNOUT_PACKING,ENGG,TURNOUT,1,0,1,0.0,1.605,54.0,1,1,5.87,0,CRITICAL,4,MAINTENANCE_REQUIRED,4,IMMEDIATE,4,12.28,0,5,21,7,0.333,3,423,3.021,7,140,112.5,92.17,94.22,synthetic,1.0.0,42
synth-task-00225,SYN-ENGG-0225,synth-asset-ENGG-237,HWH-DDU,DEEP_SCREENING,ENGG,TRACK,3,0,1,30.0,2.847,675.0,1,1,3.45,1,MEDIUM,2,UNDER_MAINTENANCE,2,MEDIUM,2,4.06,0,3,9,2,0.222,3,471,1.647,2,286,298.5,46.48,65.6,synthetic,1.0.0,42
synth-task-00226,SYN-SNT-0226,synth-asset-SNT-812,NDLS-CNB,POINTS_TESTING,SNT,INTERLOCKING,1,0,1,50.0,2.937,440.5,1,1,3.06,0,LOW,1,MAINTENANCE_REQUIRED,4,MEDIUM,2,-2.27,1,5,14,4,0.286,1,170,1.288,5,132,110.6,70.51,73.47,synthetic,1.0.0,42
synth-task-00227,SYN-ENGG-0227,synth-asset-ENGG-785,NDLS-CNB,RAIL_GRINDING,ENGG,TRACK,4,0,1,50.0,2.652,440.5,1,1,4.35,0,MEDIUM,2,DEGRADED,3,HIGH,3,12.78,0,2,15,8,0.533,1,189,0.759,9,249,270.8,58.98,96.49,synthetic,1.0.0,42
synth-task-00228,SYN-TRD-0228,synth-asset-TRD-664,CSMT-KYN,CONTACT_WIRE_RENEWAL,TRD,OHE_LINE,3,1,1,30.0,3.356,54.0,1,1,3.43,0,MEDIUM,2,DEGRADED,3,LOW,1,2.2,0,3,18,5,0.278,1,161,0.674,5,239,274.7,50.41,94.53,synthetic,1.0.0,42
synth-task-00229,SYN-ENGG-0229,synth-asset-ENGG-116,MAS-GDR,RAIL_FRACTURE_REPAIR,ENGG,TRACK,1,0,1,30.0,2.769,138.0,1,1,5.19,1,CRITICAL,4,FAILED,5,IMMEDIATE,4,-0.35,1,5,12,6,0.5,2,248,2.408,7,103,100.6,100.0,83.77,synthetic,1.0.0,42
synth-task-00230,SYN-TRD-0230,synth-asset-TRD-992,CSMT-KYN,CANTILEVER_ADJUSTMENT,TRD,OHE_MAST,1,1,1,0.0,3.542,54.0,1,1,0.87,2,CRITICAL,4,OPERATIONAL,1,IMMEDIATE,4,11.46,0,5,24,12,0.5,1,122,0.709,12,172,167.1,72.85,91.29,synthetic,1.0.0,42
synth-task-00231,SYN-TRD-0231,synth-asset-TRD-447,MAS-GDR,SUBSTATION_MAINTENANCE,TRD,TRACTION_SUBSTATION,3,1,0,0.0,1.597,138.0,1,1,0.88,0,MEDIUM,2,MAINTENANCE_REQUIRED,4,HIGH,3,7.06,0,3,9,3,0.333,3,615,3.203,0,192,181.1,70.61,51.46,synthetic,1.0.0,42
synth-task-00232,SYN-SNT-0232,synth-asset-SNT-559,HWH-DDU,SIGNAL_ASPECT_ALIGNMENT,SNT,SIGNAL,2,0,0,0.0,0.8,675.0,1,1,1.15,0,MEDIUM,2,MAINTENANCE_REQUIRED,4,IMMEDIATE,4,12.6,0,4,7,1,0.143,1,235,3.73,0,63,35.9,81.73,18.1,synthetic,1.0.0,42
synth-task-00233,SYN-ENGG-0233,synth-asset-ENGG-795,MAS-GDR,TURNOUT_PACKING,ENGG,TURNOUT,3,0,1,0.0,1.628,138.0,1,1,1.61,0,MEDIUM,2,DEGRADED,3,MEDIUM,2,10.71,0,3,6,1,0.167,1,221,1.727,2,128,150.4,54.44,47.98,synthetic,1.0.0,42
synth-task-00234,SYN-SNT-0234,synth-asset-SNT-315,HWH-DDU,SIGNAL_ASPECT_ALIGNMENT,SNT,SIGNAL,1,0,0,0.0,1.011,675.0,1,1,1.4,1,MEDIUM,2,MAINTENANCE_REQUIRED,4,IMMEDIATE,4,-3.31,1,5,14,7,0.5,1,154,2.232,0,69,66.1,89.87,65.19,synthetic,1.0.0,42
synth-task-00235,SYN-SNT-0235,synth-asset-SNT-237,NDLS-CNB,AXLE_COUNTER_OVERHAUL,SNT,AXLE_COUNTER,3,0,0,0.0,0.8,440.5,1,1,1.8,0,LOW,1,DEGRADED,3,LOW,1,8.16,0,3,11,5,0.455,3,498,5.533,0,90,52.3,42.95,54.71,synthetic,1.0.0,42
synth-task-00236,SYN-TRD-0236,synth-asset-TRD-140,MAS-GDR,CONTACT_WIRE_RENEWAL,TRD,OHE_LINE,2,1,1,15.0,2.941,138.0,1,1,3.19,0,MEDIUM,2,FAILED,5,MEDIUM,2,-3.36,1,4,6,1,0.167,3,411,1.851,1,222,242.6,83.53,55.73,synthetic,1.0.0,42
synth-task-00237,SYN-TRD-0237,synth-asset-TRD-313,HWH-DDU,CANTILEVER_ADJUSTMENT,TRD,OHE_MAST,3,1,1,0.0,2.598,675.0,1,1,1.41,0,HIGH,3,OPERATIONAL,1,LOW,1,1.05,0,3,14,4,0.286,1,198,1.222,5,162,183.3,36.39,77.98,synthetic,1.0.0,42
synth-task-00238,SYN-TRD-0238,synth-asset-TRD-530,MAS-GDR,SUBSTATION_MAINTENANCE,TRD,TRACTION_SUBSTATION,2,1,0,0.0,2.133,138.0,1,1,2.04,1,HIGH,3,MAINTENANCE_REQUIRED,4,HIGH,3,-0.13,1,4,10,1,0.1,1,152,0.7,0,217,177.4,84.01,45.66,synthetic,1.0.0,42
synth-task-00239,SYN-SNT-0239,synth-asset-SNT-369,HWH-DDU,POINTS_TESTING,SNT,INTERLOCKING,1,0,1,0.0,1.519,675.0,1,1,1.22,0,CRITICAL,4,DEGRADED,3,HIGH,3,7.46,0,5,13,6,0.462,3,402,3.295,6,122,101.3,79.49,83.86,synthetic,1.0.0,42
synth-task-00240,SYN-ENGG-0240,synth-asset-ENGG-189,MAS-GDR,RAIL_GRINDING,ENGG,TRACK,3,0,1,50.0,3.317,138.0,1,1,4.53,1,MEDIUM,2,UNDER_MAINTENANCE,2,MEDIUM,2,4.78,0,3,11,4,0.364,2,444,1.827,4,243,246.4,50.59,83.32,synthetic,1.0.0,42
synth-task-00241,SYN-ENGG-0241,synth-asset-ENGG-456,HWH-DDU,TRACK_TAMPING,ENGG,TRACK,3,0,1,0.0,1.482,675.0,1,1,2.46,0,HIGH,3,OPERATIONAL,1,MEDIUM,2,9.72,0,3,6,1,0.167,1,176,0.903,2,195,167.4,48.51,46.25,synthetic,1.0.0,42
synth-task-00242,SYN-SNT-0242,synth-asset-SNT-924,NDLS-CNB,TRACK_CIRCUIT_CHECK,SNT,TRACK_CIRCUIT,3,0,1,0.0,1.448,440.5,1,1,4.97,0,MEDIUM,2,UNDER_MAINTENANCE,2,HIGH,3,4.6,0,3,16,1,0.062,3,657,6.317,1,104,49.7,56.14,56.52,synthetic,1.0.0,42
synth-task-00243,SYN-SNT-0243,synth-asset-SNT-881,NDLS-CNB,SIGNAL_ASPECT_ALIGNMENT,SNT,SIGNAL,5,0,0,0.0,1.194,440.5,1,1,5.17,1,MEDIUM,2,UNDER_MAINTENANCE,2,MEDIUM,2,12.43,0,1,8,3,0.375,1,224,3.797,0,59,70.0,40.04,47.99,synthetic,1.0.0,42
synth-task-00244,SYN-ENGG-0244,synth-asset-ENGG-295,HWH-DDU,RAIL_FRACTURE_REPAIR,ENGG,TRACK,1,0,1,20.0,2.196,675.0,1,1,5.58,0,CRITICAL,4,FAILED,5,IMMEDIATE,4,-0.7,1,5,9,3,0.333,3,474,3.792,4,125,120.3,100.0,68.63,synthetic,1.0.0,42
synth-task-00245,SYN-SNT-0245,synth-asset-SNT-275,HWH-DDU,AXLE_COUNTER_OVERHAUL,SNT,AXLE_COUNTER,3,0,0,0.0,0.8,675.0,1,1,2.08,0,HIGH,3,DEGRADED,3,MEDIUM,2,-2.59,1,3,14,7,0.5,2,266,3.8,0,70,65.7,71.47,72.11,synthetic,1.0.0,42
synth-task-00246,SYN-ENGG-0246,synth-asset-ENGG-594,CSMT-KYN,RAIL_GRINDING,ENGG,TRACK,1,0,1,50.0,2.703,54.0,1,1,4.29,0,HIGH,3,MAINTENANCE_REQUIRED,4,IMMEDIATE,4,4.18,0,5,14,4,0.286,3,606,2.424,5,250,261.9,82.19,84.62,synthetic,1.0.0,42
synth-task-00247,SYN-ENGG-0247,synth-asset-ENGG-405,MAS-GDR,DEEP_SCREENING,ENGG,TRACK,3,0,1,15.0,2.307,138.0,1,1,5.35,1,CRITICAL,4,DEGRADED,3,HIGH,3,1.62,0,3,8,2,0.25,1,169,0.619,3,273,297.8,71.55,67.11,synthetic,1.0.0,42
synth-task-00248,SYN-SNT-0248,synth-asset-SNT-870,MAS-GDR,AXLE_COUNTER_OVERHAUL,SNT,AXLE_COUNTER,4,0,0,0.0,0.8,138.0,1,1,1.23,0,LOW,1,OPERATIONAL,1,HIGH,3,13.96,0,2,7,2,0.286,1,154,1.75,0,88,73.1,36.31,26.56,synthetic,1.0.0,42
synth-task-00249,SYN-TRD-0249,synth-asset-TRD-484,HWH-DDU,SUBSTATION_MAINTENANCE,TRD,TRACTION_SUBSTATION,3,1,0,0.0,1.544,675.0,1,1,2.7,0,MEDIUM,2,DEGRADED,3,LOW,1,5.54,0,3,8,1,0.125,3,465,2.173,0,214,178.7,51.02,43.93,synthetic,1.0.0,42
synth-task-00250,SYN-SNT-0250,synth-asset-SNT-644,HWH-DDU,INTERLOCKING_LOGIC_TEST,SNT,INTERLOCKING,1,0,1,0.0,1.552,675.0,1,1,3.75,0,HIGH,3,MAINTENANCE_REQUIRED,4,HIGH,3,-6.52,1,5,12,3,0.25,3,648,4.73,3,137,118.7,89.5,66.96,synthetic,1.0.0,42
synth-task-00251,SYN-ENGG-0251,synth-asset-ENGG-654,NDLS-CNB,RAIL_GRINDING,ENGG,TRACK,1,0,1,0.0,1.915,440.5,1,1,4.25,1,MEDIUM,2,MAINTENANCE_REQUIRED,4,IMMEDIATE,4,-5.03,1,5,12,1,0.083,1,124,0.571,2,217,206.2,88.81,62.06,synthetic,1.0.0,42
synth-task-00252,SYN-ENGG-0252,synth-asset-ENGG-692,NDLS-CNB,TURNOUT_PACKING,ENGG,TURNOUT,2,0,1,0.0,2.525,440.5,1,1,3.5,2,CRITICAL,4,OPERATIONAL,1,MEDIUM,2,12.95,0,4,15,5,0.333,1,172,1.17,6,147,124.0,62.48,86.83,synthetic,1.0.0,42
synth-task-00253,SYN-ENGG-0253,synth-asset-ENGG-508,NDLS-CNB,DEEP_SCREENING,ENGG,TRACK,1,0,1,15.0,1.904,440.5,1,1,0.91,0,HIGH,3,MAINTENANCE_REQUIRED,4,HIGH,3,-0.68,1,5,12,2,0.167,2,334,1.189,3,281,229.5,83.82,71.56,synthetic,1.0.0,42
synth-task-00254,SYN-ENGG-0254,synth-asset-ENGG-464,HWH-DDU,DEEP_SCREENING,ENGG,TRACK,3,0,1,0.0,1.456,675.0,1,1,1.5,0,MEDIUM,2,DEGRADED,3,LOW,1,1.12,0,3,8,1,0.125,2,352,1.485,2,237,230.9,46.97,64.12,synthetic,1.0.0,42
synth-task-00255,SYN-SNT-0255,synth-asset-SNT-856,CSMT-KYN,AXLE_COUNTER_OVERHAUL,SNT,AXLE_COUNTER,2,0,0,0.0,1.405,54.0,1,1,2.85,2,HIGH,3,MAINTENANCE_REQUIRED,4,HIGH,3,-5.1,1,4,21,6,0.286,2,330,3.511,0,94,69.3,85.08,72.71,synthetic,1.0.0,42
synth-task-00256,SYN-TRD-0256,synth-asset-TRD-206,MAS-GDR,OHE_INSPECTION,TRD,OHE_LINE,1,1,1,0.0,2.5,138.0,1,1,4.57,0,CRITICAL,4,OPERATIONAL,1,IMMEDIATE,4,12.37,0,5,9,2,0.222,2,394,2.478,2,159,138.9,72.83,60.71,synthetic,1.0.0,42
synth-task-00257,SYN-ENGG-0257,synth-asset-ENGG-796,CSMT-KYN,DEEP_SCREENING,ENGG,TRACK,2,0,1,45.0,3.063,54.0,1,1,4.93,1,LOW,1,MAINTENANCE_REQUIRED,4,HIGH,3,4.26,0,4,22,7,0.318,1,226,0.843,8,268,324.2,61.31,96.32,synthetic,1.0.0,42
synth-task-00258,SYN-ENGG-0258,synth-asset-ENGG-846,HWH-DDU,RAIL_GRINDING,ENGG,TRACK,3,0,1,20.0,2.075,675.0,1,1,4.33,0,MEDIUM,2,DEGRADED,3,MEDIUM,2,5.41,0,3,9,3,0.333,1,231,0.943,4,245,246.0,52.03,76.71,synthetic,1.0.0,42
synth-task-00259,SYN-SNT-0259,synth-asset-SNT-989,NDLS-CNB,INTERLOCKING_LOGIC_TEST,SNT,INTERLOCKING,1,0,1,0.0,1.533,440.5,1,1,2.04,0,MEDIUM,2,MAINTENANCE_REQUIRED,4,HIGH,3,12.5,0,5,11,4,0.364,3,615,4.92,4,125,125.8,75.45,67.03,synthetic,1.0.0,42
synth-task-00260,SYN-TRD-0260,synth-asset-TRD-270,CSMT-KYN,CONTACT_WIRE_RENEWAL,TRD,OHE_LINE,4,1,1,0.0,2.54,54.0,1,1,1.16,0,LOW,1,DEGRADED,3,MEDIUM,2,9.52,0,2,15,5,0.333,3,396,1.678,5,236,241.2,44.71,98.41,synthetic,1.0.0,42
synth-task-00261,SYN-ENGG-0261,synth-asset-ENGG-147,HWH-DDU,DEEP_SCREENING,ENGG,TRACK,2,0,1,30.0,2.339,675.0,1,1,4.67,0,HIGH,3,UNDER_MAINTENANCE,2,MEDIUM,2,10.28,0,4,14,5,0.357,2,284,1.15,5,247,272.7,63.66,90.95,synthetic,1.0.0,42
synth-task-00262,SYN-SNT-0262,synth-asset-SNT-242,CSMT-KYN,INTERLOCKING_LOGIC_TEST,SNT,INTERLOCKING,3,0,1,0.0,1.468,54.0,1,1,4.3,0,HIGH,3,UNDER_MAINTENANCE,2,LOW,1,12.09,0,3,19,3,0.158,1,163,1.094,3,149,130.2,45.99,70.47,synthetic,1.0.0,42
synth-task-00263,SYN-ENGG-0263,synth-asset-ENGG-818,NDLS-CNB,RAIL_GRINDING,ENGG,TRACK,2,0,1,15.0,1.963,440.5,1,1,3.92,0,HIGH,3,MAINTENANCE_REQUIRED,4,MEDIUM,2,6.78,0,4,10,3,0.3,1,212,0.951,4,223,229.6,66.46,76.22,synthetic,1.0.0,42
synth-task-00264,SYN-ENGG-0264,synth-asset-ENGG-653,NDLS-CNB,TRACK_TAMPING,ENGG,TRACK,1,0,1,20.0,1.931,440.5,1,1,5.56,0,MEDIUM,2,FAILED,5,HIGH,3,3.52,0,5,16,2,0.125,3,528,2.563,3,206,185.5,79.63,76.41,synthetic,1.0.0,42
synth-task-00265,SYN-ENGG-0265,synth-asset-ENGG-581,CSMT-KYN,TRACK_TAMPING,ENGG,TRACK,2,0,1,45.0,2.646,54.0,1,1,4.36,0,HIGH,3,MAINTENANCE_REQUIRED,4,IMMEDIATE,4,4.43,0,4,22,11,0.5,2,428,1.928,11,222,224.9,82.41,91.45,synthetic,1.0.0,42
synth-task-00266,SYN-SNT-0266,synth-asset-SNT-296,MAS-GDR,AXLE_COUNTER_OVERHAUL,SNT,AXLE_COUNTER,1,0,0,0.0,0.8,138.0,1,1,2.27,0,CRITICAL,4,FAILED,5,MEDIUM,2,8.8,0,5,10,2,0.2,1,164,2.645,0,62,67.6,88.34,44.04,synthetic,1.0.0,42
synth-task-00267,SYN-ENGG-0267,synth-asset-ENGG-594,NDLS-CNB,TURNOUT_PACKING,ENGG,TURNOUT,1,0,1,20.0,3.149,440.5,1,1,1.76,3,LOW,1,MAINTENANCE_REQUIRED,4,IMMEDIATE,4,2.12,0,5,12,5,0.417,2,304,2.126,6,143,113.7,77.35,75.14,synthetic,1.0.0,42
synth-task-00268,SYN-ENGG-0268,synth-asset-ENGG-856,CSMT-KYN,TRACK_TAMPING,ENGG,TRACK,1,0,1,20.0,2.007,54.0,1,1,3.93,0,HIGH,3,MAINTENANCE_REQUIRED,4,IMMEDIATE,4,7.33,0,5,24,8,0.333,3,579,2.573,8,225,202.8,81.37,99.03,synthetic,1.0.0,42
synth-task-00269,SYN-SNT-0269,synth-asset-SNT-975,NDLS-CNB,SIGNAL_ASPECT_ALIGNMENT,SNT,SIGNAL,3,0,0,0.0,1.635,440.5,1,1,2.77,2,LOW,1,DEGRADED,3,MEDIUM,2,5.14,0,3,11,3,0.273,2,268,3.775,0,71,51.0,49.19,48.22,synthetic,1.0.0,42
synth-task-00270,SYN-SNT-0270,synth-asset-SNT-953,MAS-GDR,INTERLOCKING_LOGIC_TEST,SNT,INTERLOCKING,2,0,1,0.0,1.535,138.0,1,1,5.04,0,HIGH,3,MAINTENANCE_REQUIRED,4,HIGH,3,8.76,0,4,7,3,0.429,3,480,3.78,4,127,138.0,80.73,59.3,synthetic,1.0.0,42
synth-task-00271,SYN-SNT-0271,synth-asset-SNT-870,NDLS-CNB,TRACK_CIRCUIT_CHECK,SNT,TRACK_CIRCUIT,3,0,1,0.0,1.566,440.5,1,1,3.55,0,HIGH,3,FAILED,5,IMMEDIATE,4,-4.93,1,3,13,6,0.462,1,199,3.373,6,59,93.1,96.8,82.29,synthetic,1.0.0,42
synth-task-00272,SYN-TRD-0272,synth-asset-TRD-573,NDLS-CNB,SUBSTATION_MAINTENANCE,TRD,TRACTION_SUBSTATION,4,1,0,0.0,1.499,440.5,1,1,5.61,0,MEDIUM,2,OPERATIONAL,1,MEDIUM,2,9.39,0,2,13,1,0.077,1,237,1.156,0,205,217.1,38.84,57.64,synthetic,1.0.0,42
synth-task-00273,SYN-SNT-0273,synth-asset-SNT-321,CSMT-KYN,POINTS_TESTING,SNT,INTERLOCKING,4,0,1,0.0,2.525,54.0,1,1,1.19,2,MEDIUM,2,DEGRADED,3,MEDIUM,2,4.98,0,2,17,6,0.353,3,660,5.197,7,127,106.6,51.44,92.72,synthetic,1.0.0,42
synth-task-00274,SYN-ENGG-0274,synth-asset-ENGG-210,NDLS-CNB,TRACK_TAMPING,ENGG,TRACK,1,0,1,30.0,2.151,440.5,1,1,2.62,0,CRITICAL,4,UNDER_MAINTENANCE,2,MEDIUM,2,12.58,0,5,10,3,0.3,3,579,3.0,4,193,189.1,69.35,77.46,synthetic,1.0.0,42
synth-task-00275,SYN-ENGG-0275,synth-asset-ENGG-320,CSMT-KYN,TURNOUT_PACKING,ENGG,TURNOUT,1,0,1,0.0,1.452,54.0,1,1,1.92,0,HIGH,3,MAINTENANCE_REQUIRED,4,IMMEDIATE,4,13.05,0,5,15,1,0.067,3,384,3.048,2,126,155.1,88.66,69.6,synthetic,1.0.0,42
synth-task-00276,SYN-ENGG-0276,synth-asset-ENGG-783,CSMT-KYN,TURNOUT_PACKING,ENGG,TURNOUT,1,0,1,20.0,2.068,54.0,1,1,1.06,0,CRITICAL,4,MAINTENANCE_REQUIRED,4,HIGH,3,0.56,0,5,17,4,0.235,1,130,0.956,4,136,120.1,89.58,79.35,synthetic,1.0.0,42
synth-task-00277,SYN-SNT-0277,synth-asset-SNT-135,CSMT-KYN,TRACK_CIRCUIT_CHECK,SNT,TRACK_CIRCUIT,1,0,1,0.0,1.442,54.0,1,1,3.61,0,HIGH,3,MAINTENANCE_REQUIRED,4,IMMEDIATE,4,-3.49,1,5,16,4,0.25,1,185,2.312,4,80,86.8,98.54,77.52,synthetic,1.0.0,42
synth-task-00278,SYN-TRD-0278,synth-asset-TRD-635,MAS-GDR,CONTACT_WIRE_RENEWAL,TRD,OHE_LINE,4,1,1,0.0,2.458,138.0,1,1,2.85,0,MEDIUM,2,UNDER_MAINTENANCE,2,MEDIUM,2,1.17,0,2,12,5,0.417,1,227,0.962,6,236,269.0,42.72,89.01,synthetic,1.0.0,42
synth-task-00279,SYN-TRD-0279,synth-asset-TRD-669,MAS-GDR,CONTACT_WIRE_RENEWAL,TRD,OHE_LINE,5,1,1,0.0,2.453,138.0,1,1,4.46,0,LOW,1,UNDER_MAINTENANCE,2,MEDIUM,2,3.2,0,1,8,3,0.375,1,141,0.629,4,224,238.5,29.08,67.03,synthetic,1.0.0,42
synth-task-00280,SYN-TRD-0280,synth-asset-TRD-994,HWH-DDU,CANTILEVER_ADJUSTMENT,TRD,OHE_MAST,2,1,1,0.0,2.472,675.0,1,1,5.95,0,CRITICAL,4,MAINTENANCE_REQUIRED,4,HIGH,3,-4.69,1,4,12,1,0.083,1,163,0.773,2,211,162.9,94.44,64.73,synthetic,1.0.0,42
synth-task-00281,SYN-ENGG-0281,synth-asset-ENGG-928,HWH-DDU,RAIL_GRINDING,ENGG,TRACK,3,0,1,45.0,2.8,675.0,1,1,0.72,0,HIGH,3,DEGRADED,3,HIGH,3,1.06,0,3,9,1,0.111,2,274,1.181,1,232,213.7,62.55,59.99,synthetic,1.0.0,42
synth-task-00282,SYN-ENGG-0282,synth-asset-ENGG-528,HWH-DDU,DEEP_SCREENING,ENGG,TRACK,2,0,1,30.0,2.85,675.0,1,1,4.32,1,HIGH,3,OPERATIONAL,1,MEDIUM,2,8.36,0,4,9,4,0.444,1,165,0.673,4,245,323.1,54.43,81.54,synthetic,1.0.0,42
synth-task-00283,SYN-TRD-0283,synth-asset-TRD-121,MAS-GDR,CONTACT_WIRE_RENEWAL,TRD,OHE_LINE,3,1,1,0.0,3.579,138.0,1,1,5.61,2,HIGH,3,DEGRADED,3,LOW,1,2.42,0,3,10,4,0.4,3,531,2.074,5,256,274.7,57.37,82.88,synthetic,1.0.0,42
synth-task-00284,SYN-ENGG-0284,synth-asset-ENGG-800,HWH-DDU,TURNOUT_PACKING,ENGG,TURNOUT,2,0,1,50.0,2.855,675.0,1,1,4.08,0,MEDIUM,2,MAINTENANCE_REQUIRED,4,IMMEDIATE,4,9.91,0,4,14,6,0.429,3,426,3.252,6,131,157.9,80.21,92.9,synthetic,1.0.0,42
synth-task-00285,SYN-SNT-0285,synth-asset-SNT-596,HWH-DDU,INTERLOCKING_LOGIC_TEST,SNT,INTERLOCKING,3,0,1,0.0,2.53,675.0,1,1,3.05,3,HIGH,3,DEGRADED,3,MEDIUM,2,9.7,0,3,8,1,0.125,2,332,2.371,1,140,174.9,56.67,56.92,synthetic,1.0.0,42
synth-task-00286,SYN-TRD-0286,synth-asset-TRD-105,MAS-GDR,CANTILEVER_ADJUSTMENT,TRD,OHE_MAST,5,1,1,0.0,2.957,138.0,1,1,2.32,1,HIGH,3,UNDER_MAINTENANCE,2,HIGH,3,5.27,0,1,12,3,0.25,3,534,3.123,3,171,190.0,54.69,72.15,synthetic,1.0.0,42
synth-task-00287,SYN-TRD-0287,synth-asset-TRD-836,HWH-DDU,INSULATOR_WASHING,TRD,OHE_INSULATOR,4,1,1,0.0,2.597,675.0,1,1,2.94,0,MEDIUM,2,DEGRADED,3,HIGH,3,13.24,0,2,12,1,0.083,1,135,1.047,1,129,128.9,51.46,60.63,synthetic,1.0.0,42
synth-task-00288,SYN-ENGG-0288,synth-asset-ENGG-676,NDLS-CNB,RAIL_FRACTURE_REPAIR,ENGG,TRACK,1,0,1,45.0,2.749,440.5,1,1,3.66,0,CRITICAL,4,FAILED,5,IMMEDIATE,4,-1.65,1,5,12,6,0.5,3,579,4.746,7,122,116.0,100.0,89.57,synthetic,1.0.0,42
synth-task-00289,SYN-ENGG-0289,synth-asset-ENGG-288,CSMT-KYN,TRACK_TAMPING,ENGG,TRACK,2,0,1,15.0,2.014,54.0,1,1,4.95,0,HIGH,3,MAINTENANCE_REQUIRED,4,IMMEDIATE,4,13.25,0,4,22,3,0.136,3,603,3.015,4,200,212.4,86.72,79.81,synthetic,1.0.0,42
synth-task-00290,SYN-ENGG-0290,synth-asset-ENGG-863,NDLS-CNB,TRACK_TAMPING,ENGG,TRACK,3,0,1,15.0,2.818,440.5,1,1,5.34,2,MEDIUM,2,DEGRADED,3,MEDIUM,2,4.87,0,3,15,4,0.267,3,486,2.113,4,230,240.8,55.92,89.77,synthetic,1.0.0,42
synth-task-00291,SYN-SNT-0291,synth-asset-SNT-656,NDLS-CNB,TRACK_CIRCUIT_CHECK,SNT,TRACK_CIRCUIT,2,0,1,0.0,1.951,440.5,1,1,2.49,1,MEDIUM,2,DEGRADED,3,MEDIUM,2,6.82,0,4,9,3,0.333,1,162,2.531,3,64,59.3,56.21,57.01,synthetic,1.0.0,42
synth-task-00292,SYN-ENGG-0292,synth-asset-ENGG-776,CSMT-KYN,RAIL_GRINDING,ENGG,TRACK,2,0,1,20.0,2.175,54.0,1,1,2.05,0,CRITICAL,4,DEGRADED,3,MEDIUM,2,11.86,0,4,22,7,0.318,3,483,2.236,7,216,231.8,74.97,93.77,synthetic,1.0.0,42
synth-task-00293,SYN-TRD-0293,synth-asset-TRD-695,CSMT-KYN,OHE_INSPECTION,TRD,OHE_LINE,2,1,1,0.0,2.565,54.0,1,1,3.8,0,LOW,1,MAINTENANCE_REQUIRED,4,HIGH,3,4.39,0,4,24,1,0.042,1,162,1.237,1,131,142.0,67.15,64.64,synthetic,1.0.0,42
synth-task-00294,SYN-ENGG-0294,synth-asset-ENGG-875,HWH-DDU,DEEP_SCREENING,ENGG,TRACK,2,0,1,0.0,1.452,675.0,1,1,1.06,0,HIGH,3,OPERATIONAL,1,MEDIUM,2,12.37,0,4,6,1,0.167,3,366,1.441,1,254,244.4,53.09,61.07,synthetic,1.0.0,42
synth-task-00295,SYN-TRD-0295,synth-asset-TRD-625,CSMT-KYN,SUBSTATION_MAINTENANCE,TRD,TRACTION_SUBSTATION,3,1,0,0.0,1.497,54.0,1,1,2.62,0,MEDIUM,2,UNDER_MAINTENANCE,2,LOW,1,7.11,0,3,24,8,0.333,2,342,1.66,0,206,179.5,39.56,79.47,synthetic,1.0.0,42
synth-task-00296,SYN-ENGG-0296,synth-asset-ENGG-643,CSMT-KYN,RAIL_FRACTURE_REPAIR,ENGG,TRACK,1,0,1,30.0,2.419,54.0,1,1,0.87,0,CRITICAL,4,FAILED,5,IMMEDIATE,4,-0.18,1,5,19,6,0.316,2,342,2.923,7,117,77.9,100.0,88.72,synthetic,1.0.0,42
synth-task-00297,SYN-SNT-0297,synth-asset-SNT-677,NDLS-CNB,TRACK_CIRCUIT_CHECK,SNT,TRACK_CIRCUIT,3,0,1,0.0,1.532,440.5,1,1,1.75,0,MEDIUM,2,OPERATIONAL,1,HIGH,3,9.16,0,3,10,1,0.1,2,462,6.696,1,69,73.7,50.31,49.04,synthetic,1.0.0,42
synth-task-00298,SYN-ENGG-0298,synth-asset-ENGG-173,HWH-DDU,DEEP_SCREENING,ENGG,TRACK,2,0,1,15.0,1.976,675.0,1,1,1.12,0,MEDIUM,2,MAINTENANCE_REQUIRED,4,IMMEDIATE,4,11.26,0,4,11,4,0.364,1,165,0.685,5,241,240.0,76.29,82.26,synthetic,1.0.0,42
synth-task-00299,SYN-SNT-0299,synth-asset-SNT-331,NDLS-CNB,SIGNAL_ASPECT_ALIGNMENT,SNT,SIGNAL,1,0,0,0.0,0.8,440.5,1,1,1.62,0,CRITICAL,4,UNDER_MAINTENANCE,2,HIGH,3,7.63,0,5,9,1,0.111,1,145,1.933,0,75,56.9,76.82,28.7,synthetic,1.0.0,42
synth-task-00300,SYN-TRD-0300,synth-asset-TRD-113,MAS-GDR,SUBSTATION_MAINTENANCE,TRD,TRACTION_SUBSTATION,1,1,0,0.0,1.671,138.0,1,1,3.34,0,MEDIUM,2,MAINTENANCE_REQUIRED,4,HIGH,3,-4.43,1,5,11,1,0.091,3,570,2.78,0,205,200.3,83.35,48.09,synthetic,1.0.0,42
synth-task-00301,SYN-SNT-0301,synth-asset-SNT-582,NDLS-CNB,INTERLOCKING_LOGIC_TEST,SNT,INTERLOCKING,2,0,1,0.0,1.625,440.5,1,1,5.21,0,CRITICAL,4,MAINTENANCE_REQUIRED,4,MEDIUM,2,11.62,0,4,8,1,0.125,3,381,2.822,2,135,147.4,76.47,47.81,synthetic,1.0.0,42
synth-task-00302,SYN-SNT-0302,synth-asset-SNT-899,MAS-GDR,POINTS_TESTING,SNT,INTERLOCKING,3,0,1,0.0,1.606,138.0,1,1,5.91,0,CRITICAL,4,MAINTENANCE_REQUIRED,4,HIGH,3,1.85,0,3,10,4,0.4,1,127,1.104,5,115,80.7,79.95,67.32,synthetic,1.0.0,42
synth-task-00303,SYN-TRD-0303,synth-asset-TRD-808,MAS-GDR,CANTILEVER_ADJUSTMENT,TRD,OHE_MAST,2,1,1,0.0,2.604,138.0,1,1,5.38,0,CRITICAL,4,OPERATIONAL,1,MEDIUM,2,-0.69,1,4,6,1,0.167,1,206,1.191,2,173,189.1,70.91,55.98,synthetic,1.0.0,42
synth-task-00304,SYN-TRD-0304,synth-asset-TRD-918,NDLS-CNB,OHE_INSPECTION,TRD,OHE_LINE,3,1,1,0.0,3.515,440.5,1,1,0.7,2,MEDIUM,2,UNDER_MAINTENANCE,2,HIGH,3,7.16,0,3,11,2,0.182,1,126,0.741,2,170,65.8,57.27,64.2,synthetic,1.0.0,42
synth-task-00305,SYN-ENGG-0305,synth-asset-ENGG-829,MAS-GDR,DEEP_SCREENING,ENGG,TRACK,2,0,1,50.0,3.308,138.0,1,1,1.84,1,CRITICAL,4,MAINTENANCE_REQUIRED,4,HIGH,3,-6.4,1,4,11,2,0.182,3,669,2.687,3,249,265.7,91.21,66.42,synthetic,1.0.0,42
synth-task-00306,SYN-TRD-0306,synth-asset-TRD-404,MAS-GDR,SUBSTATION_MAINTENANCE,TRD,TRACTION_SUBSTATION,2,1,0,0.0,1.94,138.0,1,1,4.3,1,MEDIUM,2,MAINTENANCE_REQUIRED,4,HIGH,3,-2.45,1,4,11,3,0.273,2,452,2.142,0,211,200.0,82.2,58.02,synthetic,1.0.0,42
synth-task-00307,SYN-SNT-0307,synth-asset-SNT-860,CSMT-KYN,TRACK_CIRCUIT_CHECK,SNT,TRACK_CIRCUIT,4,0,1,50.0,3.172,54.0,1,1,3.33,1,MEDIUM,2,UNDER_MAINTENANCE,2,MEDIUM,2,3.23,0,2,17,4,0.235,1,169,2.086,4,81,44.1,49.6,78.47,synthetic,1.0.0,42
synth-task-00308,SYN-SNT-0308,synth-asset-SNT-438,HWH-DDU,POINTS_TESTING,SNT,INTERLOCKING,2,0,1,0.0,1.601,675.0,1,1,4.86,0,HIGH,3,MAINTENANCE_REQUIRED,4,HIGH,3,12.3,0,4,13,4,0.308,3,528,4.673,4,113,80.3,78.18,76.24,synthetic,1.0.0,42
synth-task-00309,SYN-TRD-0309,synth-asset-TRD-326,NDLS-CNB,CONTACT_WIRE_RENEWAL,TRD,OHE_LINE,3,1,1,0.0,2.636,440.5,1,1,1.05,0,MEDIUM,2,OPERATIONAL,1,HIGH,3,11.58,0,3,15,5,0.333,2,362,1.472,6,246,290.4,49.7,95.68,synthetic,1.0.0,42
synth-task-00310,SYN-SNT-0310,synth-asset-SNT-740,CSMT-KYN,TRACK_CIRCUIT_CHECK,SNT,TRACK_CIRCUIT,1,0,1,0.0,1.938,54.0,1,1,4.44,1,MEDIUM,2,MAINTENANCE_REQUIRED,4,IMMEDIATE,4,2.74,0,5,15,4,0.267,2,384,4.315,4,89,78.0,83.46,78.32,synthetic,1.0.0,42
synth-task-00311,SYN-TRD-0311,synth-asset-TRD-855,HWH-DDU,SUBSTATION_MAINTENANCE,TRD,TRACTION_SUBSTATION,2,1,0,0.0,1.447,675.0,1,1,1.93,0,CRITICAL,4,OPERATIONAL,1,MEDIUM,2,11.94,0,4,10,1,0.1,3,639,4.149,0,154,188.0,57.71,52.41,synthetic,1.0.0,42
synth-task-00312,SYN-ENGG-0312,synth-asset-ENGG-579,CSMT-KYN,TRACK_TAMPING,ENGG,TRACK,1,0,1,50.0,3.337,54.0,1,1,3.99,1,CRITICAL,4,MAINTENANCE_REQUIRED,4,MEDIUM,2,4.18,0,5,19,7,0.368,1,186,0.903,8,206,228.9,76.89,94.93,synthetic,1.0.0,42
synth-task-00313,SYN-ENGG-0313,synth-asset-ENGG-315,HWH-DDU,TRACK_TAMPING,ENGG,TRACK,5,0,1,45.0,2.771,675.0,1,1,1.43,0,MEDIUM,2,OPERATIONAL,1,HIGH,3,4.68,0,1,11,2,0.182,1,152,0.724,2,210,212.5,39.84,64.83,synthetic,1.0.0,42
synth-task-00314,SYN-SNT-0314,synth-asset-SNT-676,NDLS-CNB,TRACK_CIRCUIT_CHECK,SNT,TRACK_CIRCUIT,2,0,1,0.0,1.979,440.5,1,1,0.71,1,MEDIUM,2,MAINTENANCE_REQUIRED,4,IMMEDIATE,4,6.65,0,4,12,3,0.25,3,375,4.518,3,83,69.0,78.53,63.41,synthetic,1.0.0,42
synth-task-00315,SYN-ENGG-0315,synth-asset-ENGG-850,HWH-DDU,RAIL_GRINDING,ENGG,TRACK,4,0,1,50.0,2.722,675.0,1,1,4.32,0,HIGH,3,UNDER_MAINTENANCE,2,MEDIUM,2,1.13,0,2,10,4,0.4,2,354,1.427,5,248,243.9,51.15,75.01,synthetic,1.0.0,42
synth-task-00316,SYN-SNT-0316,synth-asset-SNT-941,NDLS-CNB,INTERLOCKING_LOGIC_TEST,SNT,INTERLOCKING,3,0,1,0.0,2.1,440.5,1,1,2.35,1,CRITICAL,4,DEGRADED,3,IMMEDIATE,4,1.96,0,3,12,3,0.25,3,603,4.37,4,138,144.0,79.94,74.98,synthetic,1.0.0,42
synth-task-00317,SYN-TRD-0317,synth-asset-TRD-990,MAS-GDR,CANTILEVER_ADJUSTMENT,TRD,OHE_MAST,2,1,1,0.0,2.447,138.0,1,1,3.63,0,HIGH,3,MAINTENANCE_REQUIRED,4,HIGH,3,-1.09,1,4,11,2,0.182,3,708,4.0,3,177,175.7,83.66,70.53,synthetic,1.0.0,42
synth-task-00318,SYN-TRD-0318,synth-asset-TRD-514,NDLS-CNB,CONTACT_WIRE_RENEWAL,TRD,OHE_LINE,2,1,1,0.0,3.44,440.5,1,1,5.41,3,MEDIUM,2,OPERATIONAL,1,LOW,1,12.97,0,4,14,2,0.143,1,170,0.642,2,265,319.2,44.31,78.09,synthetic,1.0.0,42
synth-task-00319,SYN-ENGG-0319,synth-asset-ENGG-863,MAS-GDR,DEEP_SCREENING,ENGG,TRACK,3,0,1,20.0,2.134,138.0,1,1,0.53,0,HIGH,3,OPERATIONAL,1,MEDIUM,2,4.09,0,3,8,2,0.25,3,513,1.9,2,270,277.0,49.86,68.01,synthetic,1.0.0,42
synth-task-00320,SYN-SNT-0320,synth-asset-SNT-145,MAS-GDR,POINTS_TESTING,SNT,INTERLOCKING,2,0,1,0.0,2.021,138.0,1,1,3.99,1,HIGH,3,MAINTENANCE_REQUIRED,4,IMMEDIATE,4,3.55,0,4,5,1,0.2,2,272,2.248,1,121,104.1,85.34,41.25,synthetic,1.0.0,42
synth-task-00321,SYN-SNT-0321,synth-asset-SNT-159,NDLS-CNB,SIGNAL_ASPECT_ALIGNMENT,SNT,SIGNAL,1,0,0,0.0,0.8,440.5,1,1,5.21,0,MEDIUM,2,FAILED,5,IMMEDIATE,4,-3.61,1,5,8,1,0.125,3,483,6.192,0,78,77.9,100.0,24.54,synthetic,1.0.0,42
synth-task-00322,SYN-ENGG-0322,synth-asset-ENGG-138,NDLS-CNB,RAIL_FRACTURE_REPAIR,ENGG,TRACK,1,0,1,15.0,1.941,440.5,1,1,1.27,0,CRITICAL,4,FAILED,5,IMMEDIATE,4,-1.6,1,5,12,4,0.333,3,456,4.385,5,104,67.5,100.0,69.39,synthetic,1.0.0,42
synth-task-00323,SYN-SNT-0323,synth-asset-SNT-952,HWH-DDU,TRACK_CIRCUIT_CHECK,SNT,TRACK_CIRCUIT,4,0,1,0.0,1.523,675.0,1,1,5.74,0,HIGH,3,UNDER_MAINTENANCE,2,HIGH,3,1.26,0,2,6,2,0.333,2,270,4.655,3,58,51.5,62.0,45.57,synthetic,1.0.0,42
synth-task-00324,SYN-ENGG-0324,synth-asset-ENGG-650,CSMT-KYN,TRACK_TAMPING,ENGG,TRACK,1,0,1,20.0,2.499,54.0,1,1,1.95,1,LOW,1,MAINTENANCE_REQUIRED,4,IMMEDIATE,4,3.06,0,5,22,2,0.091,3,393,1.899,2,207,206.0,75.09,80.19,synthetic,1.0.0,42
synth-task-00325,SYN-SNT-0325,synth-asset-SNT-612,CSMT-KYN,INTERLOCKING_LOGIC_TEST,SNT,INTERLOCKING,1,0,1,0.0,1.985,54.0,1,1,2.47,1,CRITICAL,4,DEGRADED,3,HIGH,3,13.08,0,5,15,6,0.4,1,187,1.533,6,122,125.7,81.46,84.5,synthetic,1.0.0,42
synth-task-00326,SYN-ENGG-0326,synth-asset-ENGG-829,CSMT-KYN,TURNOUT_PACKING,ENGG,TURNOUT,4,0,1,0.0,2.518,54.0,1,1,2.84,3,HIGH,3,DEGRADED,3,LOW,1,5.52,0,2,24,6,0.25,1,124,0.899,6,138,148.1,48.58,94.99,synthetic,1.0.0,42
synth-task-00327,SYN-ENGG-0327,synth-asset-ENGG-171,NDLS-CNB,DEEP_SCREENING,ENGG,TRACK,2,0,1,45.0,3.083,440.5,1,1,1.25,1,CRITICAL,4,DEGRADED,3,HIGH,3,6.71,0,4,13,6,0.462,3,378,1.355,7,279,271.7,74.59,95.18,synthetic,1.0.0,42
synth-task-00328,SYN-ENGG-0328,synth-asset-ENGG-231,HWH-DDU,TRACK_TAMPING,ENGG,TRACK,2,0,1,50.0,3.33,675.0,1,1,2.6,1,CRITICAL,4,MAINTENANCE_REQUIRED,4,HIGH,3,6.39,0,4,9,2,0.222,3,435,1.951,2,223,226.4,75.97,74.06,synthetic,1.0.0,42
synth-task-00329,SYN-SNT-0329,synth-asset-SNT-133,NDLS-CNB,AXLE_COUNTER_OVERHAUL,SNT,AXLE_COUNTER,1,0,0,0.0,1.646,440.5,1,1,3.19,2,HIGH,3,MAINTENANCE_REQUIRED,4,IMMEDIATE,4,-1.22,1,5,12,4,0.333,3,588,7.737,0,76,69.3,99.14,58.33,synthetic,1.0.0,42
synth-task-00330,SYN-TRD-0330,synth-asset-TRD-224,HWH-DDU,INSULATOR_WASHING,TRD,OHE_INSULATOR,5,1,1,0.0,2.461,675.0,1,1,5.08,0,HIGH,3,DEGRADED,3,LOW,1,1.99,0,1,14,4,0.286,3,447,4.027,4,111,111.9,44.9,78.86,synthetic,1.0.0,42
synth-task-00331,SYN-ENGG-0331,synth-asset-ENGG-451,HWH-DDU,RAIL_FRACTURE_REPAIR,ENGG,TRACK,1,0,1,30.0,2.216,675.0,1,1,3.04,0,CRITICAL,4,FAILED,5,IMMEDIATE,4,-0.81,1,5,6,2,0.333,1,128,1.347,2,95,114.8,100.0,56.07,synthetic,1.0.0,42
synth-task-00332,SYN-ENGG-0332,synth-asset-ENGG-823,MAS-GDR,DEEP_SCREENING,ENGG,TRACK,4,0,1,20.0,2.551,138.0,1,1,3.58,1,HIGH,3,OPERATIONAL,1,LOW,1,-0.74,1,2,12,6,0.5,2,270,0.975,6,277,274.1,46.97,86.79,synthetic,1.0.0,42
synth-task-00333,SYN-SNT-0333,synth-asset-SNT-554,MAS-GDR,AXLE_COUNTER_OVERHAUL,SNT,AXLE_COUNTER,4,0,0,0.0,0.8,138.0,1,1,4.47,0,MEDIUM,2,UNDER_MAINTENANCE,2,MEDIUM,2,11.92,0,2,5,2,0.4,3,414,5.52,0,75,64.2,49.84,32.26,synthetic,1.0.0,42
synth-task-00334,SYN-ENGG-0334,synth-asset-ENGG-513,CSMT-KYN,DEEP_SCREENING,ENGG,TRACK,3,0,1,45.0,2.58,54.0,1,1,3.79,0,MEDIUM,2,OPERATIONAL,1,MEDIUM,2,13.43,0,3,23,4,0.174,2,350,1.383,4,253,286.5,45.54,83.21,synthetic,1.0.0,42
synth-task-00335,SYN-SNT-0335,synth-asset-SNT-850,NDLS-CNB,SIGNAL_ASPECT_ALIGNMENT,SNT,SIGNAL,3,0,0,0.0,0.985,440.5,1,1,2.98,1,LOW,1,DEGRADED,3,MEDIUM,2,10.93,0,3,15,5,0.333,3,396,4.95,0,80,67.4,46.5,66.1,synthetic,1.0.0,42
synth-task-00336,SYN-ENGG-0336,synth-asset-ENGG-283,HWH-DDU,TRACK_TAMPING,ENGG,TRACK,4,0,1,45.0,2.633,675.0,1,1,5.28,0,HIGH,3,DEGRADED,3,MEDIUM,2,1.2,0,2,8,3,0.375,1,204,0.976,4,209,217.5,57.22,66.81,synthetic,1.0.0,42
synth-task-00337,SYN-SNT-0337,synth-asset-SNT-640,MAS-GDR,SIGNAL_ASPECT_ALIGNMENT,SNT,SIGNAL,5,0,0,0.0,0.8,138.0,1,1,4.64,0,HIGH,3,OPERATIONAL,1,HIGH,3,2.34,0,1,9,3,0.333,3,474,7.075,0,67,55.7,46.79,42.04,synthetic,1.0.0,42
synth-task-00338,SYN-TRD-0338,synth-asset-TRD-386,NDLS-CNB,CONTACT_WIRE_RENEWAL,TRD,OHE_LINE,3,1,1,20.0,2.958,440.5,1,1,3.39,0,LOW,1,UNDER_MAINTENANCE,2,MEDIUM,2,0.74,0,3,9,2,0.222,3,549,2.179,2,252,247.7,43.41,71.24,synthetic,1.0.0,42
synth-task-00339,SYN-TRD-0339,synth-asset-TRD-208,NDLS-CNB,SUBSTATION_MAINTENANCE,TRD,TRACTION_SUBSTATION,1,1,0,0.0,1.635,440.5,1,1,4.18,0,CRITICAL,4,MAINTENANCE_REQUIRED,4,IMMEDIATE,4,2.34,0,5,14,7,0.5,2,382,2.221,0,172,203.4,100.0,79.52,synthetic,1.0.0,42
synth-task-00340,SYN-ENGG-0340,synth-asset-ENGG-521,CSMT-KYN,RAIL_FRACTURE_REPAIR,ENGG,TRACK,1,0,1,50.0,2.901,54.0,1,1,5.51,0,CRITICAL,4,FAILED,5,IMMEDIATE,4,-0.37,1,5,23,3,0.13,1,138,1.327,4,104,97.5,100.0,70.12,synthetic,1.0.0,42
synth-task-00341,SYN-SNT-0341,synth-asset-SNT-324,NDLS-CNB,AXLE_COUNTER_OVERHAUL,SNT,AXLE_COUNTER,3,0,0,0.0,0.8,440.5,1,1,4.61,0,HIGH,3,UNDER_MAINTENANCE,2,MEDIUM,2,10.15,0,3,14,2,0.143,1,186,1.958,0,95,44.0,61.54,40.5,synthetic,1.0.0,42
synth-task-00342,SYN-SNT-0342,synth-asset-SNT-898,MAS-GDR,SIGNAL_ASPECT_ALIGNMENT,SNT,SIGNAL,3,0,0,0.0,0.8,138.0,1,1,1.13,0,HIGH,3,UNDER_MAINTENANCE,2,MEDIUM,2,6.78,0,3,12,6,0.5,3,624,12.0,0,52,54.9,53.74,64.55,synthetic,1.0.0,42
synth-task-00343,SYN-ENGG-0343,synth-asset-ENGG-579,HWH-DDU,RAIL_FRACTURE_REPAIR,ENGG,TRACK,1,0,1,20.0,1.904,675.0,1,1,5.16,0,CRITICAL,4,FAILED,5,IMMEDIATE,4,-1.12,1,5,13,2,0.154,2,284,3.264,2,87,109.1,100.0,69.49,synthetic,1.0.0,42
synth-task-00344,SYN-TRD-0344,synth-asset-TRD-420,MAS-GDR,OHE_INSPECTION,TRD,OHE_LINE,2,1,1,0.0,2.573,138.0,1,1,3.74,0,CRITICAL,4,UNDER_MAINTENANCE,2,IMMEDIATE,4,6.84,0,4,5,2,0.4,3,684,4.171,3,164,139.2,80.42,54.17,synthetic,1.0.0,42
synth-task-00345,SYN-ENGG-0345,synth-asset-ENGG-266,NDLS-CNB,TRACK_TAMPING,ENGG,TRACK,2,0,1,0.0,1.554,440.5,1,1,0.65,0,HIGH,3,MAINTENANCE_REQUIRED,4,MEDIUM,2,6.56,0,4,11,3,0.273,1,175,0.921,3,190,176.0,69.27,72.17,synthetic,1.0.0,42
synth-task-00346,SYN-TRD-0346,synth-asset-TRD-215,NDLS-CNB,SUBSTATION_MAINTENANCE,TRD,TRACTION_SUBSTATION,3,1,0,0.0,2.068,440.5,1,1,0.7,1,HIGH,3,UNDER_MAINTENANCE,2,LOW,1,1.56,0,3,12,5,0.417,1,136,0.739,0,184,192.2,48.97,76.72,synthetic,1.0.0,42
synth-task-00347,SYN-ENGG-0347,synth-asset-ENGG-416,HWH-DDU,TRACK_TAMPING,ENGG,TRACK,3,0,1,0.0,1.573,675.0,1,1,4.3,0,MEDIUM,2,DEGRADED,3,LOW,1,9.21,0,3,7,1,0.143,2,324,1.493,1,217,194.1,45.74,54.07,synthetic,1.0.0,42
synth-task-00348,SYN-SNT-0348,synth-asset-SNT-173,MAS-GDR,TRACK_CIRCUIT_CHECK,SNT,TRACK_CIRCUIT,3,0,1,0.0,1.401,138.0,1,1,1.92,0,MEDIUM,2,OPERATIONAL,1,MEDIUM,2,6.37,0,3,10,2,0.2,3,714,13.222,3,54,81.3,42.21,53.61,synthetic,1.0.0,42
synth-task-00349,SYN-ENGG-0349,synth-asset-ENGG-742,HWH-DDU,RAIL_FRACTURE_REPAIR,ENGG,TRACK,1,0,1,15.0,1.807,675.0,1,1,4.53,0,CRITICAL,4,FAILED,5,IMMEDIATE,4,-0.27,1,5,6,1,0.167,2,266,2.418,1,110,98.2,100.0,51.21,synthetic,1.0.0,42
synth-task-00350,SYN-ENGG-0350,synth-asset-ENGG-433,NDLS-CNB,RAIL_FRACTURE_REPAIR,ENGG,TRACK,1,0,1,15.0,2.018,440.5,1,1,1.97,0,CRITICAL,4,FAILED,5,IMMEDIATE,4,-1.45,1,5,15,2,0.133,1,121,1.08,2,112,100.3,100.0,71.52,synthetic,1.0.0,42
synth-task-00351,SYN-SNT-0351,synth-asset-SNT-664,NDLS-CNB,TRACK_CIRCUIT_CHECK,SNT,TRACK_CIRCUIT,2,0,1,45.0,3.263,440.5,1,1,3.69,1,CRITICAL,4,MAINTENANCE_REQUIRED,4,HIGH,3,0.82,0,4,14,6,0.429,2,288,3.512,7,82,38.8,82.12,80.37,synthetic,1.0.0,42
synth-task-00352,SYN-ENGG-0352,synth-asset-ENGG-393,MAS-GDR,RAIL_FRACTURE_REPAIR,ENGG,TRACK,1,0,1,30.0,2.306,138.0,1,1,3.39,0,CRITICAL,4,FAILED,5,IMMEDIATE,4,-1.25,1,5,12,1,0.083,2,428,3.424,2,125,95.2,100.0,56.78,synthetic,1.0.0,42
synth-task-00353,SYN-TRD-0353,synth-asset-TRD-227,NDLS-CNB,INSULATOR_WASHING,TRD,OHE_INSULATOR,3,1,1,0.0,2.958,440.5,1,1,3.12,1,HIGH,3,OPERATIONAL,1,MEDIUM,2,9.72,0,3,10,1,0.1,1,160,1.29,1,124,98.0,47.19,54.61,synthetic,1.0.0,42
synth-task-00354,SYN-SNT-0354,synth-asset-SNT-922,MAS-GDR,POINTS_TESTING,SNT,INTERLOCKING,2,0,1,0.0,1.666,138.0,1,1,5.68,0,HIGH,3,DEGRADED,3,MEDIUM,2,11.55,0,4,11,2,0.182,2,246,2.016,2,122,57.1,64.38,55.69,synthetic,1.0.0,42
synth-task-00355,SYN-SNT-0355,synth-asset-SNT-424,NDLS-CNB,SIGNAL_ASPECT_ALIGNMENT,SNT,SIGNAL,2,0,0,0.0,0.8,440.5,1,1,3.22,0,MEDIUM,2,DEGRADED,3,MEDIUM,2,4.7,0,4,16,1,0.062,2,248,2.818,0,88,30.0,56.13,42.52,synthetic,1.0.0,42
synth-task-00356,SYN-ENGG-0356,synth-asset-ENGG-978,HWH-DDU,TRACK_TAMPING,ENGG,TRACK,2,0,1,20.0,2.017,675.0,1,1,2.83,0,HIGH,3,FAILED,5,HIGH,3,-3.26,1,4,12,6,0.5,1,215,1.005,7,214,189.0,89.77,87.28,synthetic,1.0.0,42
synth-task-00357,SYN-SNT-0357,synth-asset-SNT-494,HWH-DDU,AXLE_COUNTER_OVERHAUL,SNT,AXLE_COUNTER,1,0,0,0.0,0.8,675.0,1,1,0.55,0,MEDIUM,2,MAINTENANCE_REQUIRED,4,HIGH,3,-6.88,1,5,9,2,0.222,1,213,2.696,0,79,70.4,83.31,39.0,synthetic,1.0.0,42
synth-task-00358,SYN-ENGG-0358,synth-asset-ENGG-149,HWH-DDU,TURNOUT_PACKING,ENGG,TURNOUT,4,0,1,20.0,2.995,675.0,1,1,4.23,2,MEDIUM,2,DEGRADED,3,MEDIUM,2,5.2,0,2,11,1,0.091,2,454,3.388,1,134,148.8,50.83,61.58,synthetic,1.0.0,42
synth-task-00359,SYN-ENGG-0359,synth-asset-ENGG-623,CSMT-KYN,TURNOUT_PACKING,ENGG,TURNOUT,4,0,1,45.0,2.543,54.0,1,1,3.89,0,HIGH,3,UNDER_MAINTENANCE,2,MEDIUM,2,11.92,0,2,17,4,0.235,3,477,3.18,5,150,140.7,52.78,80.85,synthetic,1.0.0,42
synth-task-00360,SYN-SNT-0360,synth-asset-SNT-403,MAS-GDR,POINTS_TESTING,SNT,INTERLOCKING,3,0,1,0.0,1.548,138.0,1,1,4.15,0,MEDIUM,2,DEGRADED,3,LOW,1,-4.07,1,3,11,4,0.364,3,420,4.242,4,99,85.0,58.81,66.33,synthetic,1.0.0,42
synth-task-00361,SYN-ENGG-0361,synth-asset-ENGG-922,MAS-GDR,DEEP_SCREENING,ENGG,TRACK,1,0,1,15.0,1.922,138.0,1,1,5.65,0,MEDIUM,2,FAILED,5,HIGH,3,-2.72,1,5,12,1,0.083,3,630,2.775,1,227,271.7,89.09,68.07,synthetic,1.0.0,42
synth-task-00362,SYN-ENGG-0362,synth-asset-ENGG-396,NDLS-CNB,RAIL_GRINDING,ENGG,TRACK,2,0,1,0.0,2.197,440.5,1,1,4.36,1,HIGH,3,UNDER_MAINTENANCE,2,MEDIUM,2,6.14,0,4,13,4,0.308,1,166,0.695,5,239,215.8,55.1,82.59,synthetic,1.0.0,42
synth-task-00363,SYN-ENGG-0363,synth-asset-ENGG-712,NDLS-CNB,DEEP_SCREENING,ENGG,TRACK,2,0,1,20.0,1.965,440.5,1,1,1.12,0,CRITICAL,4,OPERATIONAL,1,IMMEDIATE,4,7.49,0,4,14,1,0.071,2,394,1.454,2,271,278.3,68.02,78.65,synthetic,1.0.0,42
synth-task-00364,SYN-SNT-0364,synth-asset-SNT-664,NDLS-CNB,AXLE_COUNTER_OVERHAUL,SNT,AXLE_COUNTER,2,0,0,0.0,0.8,440.5,1,1,4.23,0,MEDIUM,2,MAINTENANCE_REQUIRED,4,IMMEDIATE,4,-0.4,1,4,15,4,0.267,3,453,7.55,0,60,99.6,90.87,61.25,synthetic,1.0.0,42
synth-task-00365,SYN-ENGG-0365,synth-asset-ENGG-614,MAS-GDR,RAIL_GRINDING,ENGG,TRACK,3,0,1,50.0,2.934,138.0,1,1,3.81,0,HIGH,3,DEGRADED,3,MEDIUM,2,11.53,0,3,12,2,0.167,3,657,2.832,3,232,242.2,57.14,79.16,synthetic,1.0.0,42
synth-task-00366,SYN-SNT-0366,synth-asset-SNT-472,CSMT-KYN,POINTS_TESTING,SNT,INTERLOCKING,3,0,1,0.0,1.484,54.0,1,1,4.09,0,MEDIUM,2,DEGRADED,3,LOW,1,5.01,0,3,22,3,0.136,1,160,1.441,3,111,86.6,45.12,78.29,synthetic,1.0.0,42
synth-task-00367,SYN-SNT-0367,synth-asset-SNT-984,CSMT-KYN,AXLE_COUNTER_OVERHAUL,SNT,AXLE_COUNTER,1,0,0,0.0,1.069,54.0,1,1,5.48,1,HIGH,3,MAINTENANCE_REQUIRED,4,HIGH,3,8.55,0,5,21,11,0.524,2,424,5.889,0,72,96.1,79.19,72.68,synthetic,1.0.0,42
synth-task-00368,SYN-TRD-0368,synth-asset-TRD-762,CSMT-KYN,CANTILEVER_ADJUSTMENT,TRD,OHE_MAST,3,1,1,0.0,2.986,54.0,1,1,3.12,1,HIGH,3,DEGRADED,3,LOW,1,8.28,0,3,15,4,0.267,2,400,2.339,4,171,184.6,60.76,84.16,synthetic,1.0.0,42
synth-task-00369,SYN-ENGG-0369,synth-asset-ENGG-612,MAS-GDR,DEEP_SCREENING,ENGG,TRACK,3,0,1,0.0,1.646,138.0,1,1,0.65,0,MEDIUM,2,MAINTENANCE_REQUIRED,4,HIGH,3,-5.11,1,3,6,1,0.167,3,717,2.79,1,257,214.9,77.99,55.06,synthetic,1.0.0,42
synth-task-00370,SYN-ENGG-0370,synth-asset-ENGG-327,NDLS-CNB,TRACK_TAMPING,ENGG,TRACK,4,0,1,0.0,1.651,440.5,1,1,4.88,0,HIGH,3,UNDER_MAINTENANCE,2,LOW,1,12.67,0,2,10,3,0.3,2,284,1.427,4,199,214.3,41.59,74.26,synthetic,1.0.0,42
synth-task-00371,SYN-SNT-0371,synth-asset-SNT-984,NDLS-CNB,SIGNAL_ASPECT_ALIGNMENT,SNT,SIGNAL,2,0,0,0.0,0.8,440.5,1,1,4.45,0,HIGH,3,OPERATIONAL,1,HIGH,3,13.82,0,4,8,2,0.25,3,648,7.807,0,83,92.2,59.45,34.16,synthetic,1.0.0,42
synth-task-00372,SYN-ENGG-0372,synth-asset-ENGG-965,MAS-GDR,DEEP_SCREENING,ENGG,TRACK,3,0,1,20.0,2.088,138.0,1,1,1.41,0,MEDIUM,2,MAINTENANCE_REQUIRED,4,MEDIUM,2,-5.64,1,3,8,1,0.125,2,294,1.205,2,244,250.9,74.48,60.3,synthetic,1.0.0,42
synth-task-00373,SYN-TRD-0373,synth-asset-TRD-438,HWH-DDU,CANTILEVER_ADJUSTMENT,TRD,OHE_MAST,3,1,1,0.0,2.438,675.0,1,1,2.86,0,MEDIUM,2,DEGRADED,3,HIGH,3,2.8,0,3,13,1,0.077,1,152,0.938,1,162,189.3,58.1,65.46,synthetic,1.0.0,42
synth-task-00374,SYN-SNT-0374,synth-asset-SNT-287,HWH-DDU,SIGNAL_ASPECT_ALIGNMENT,SNT,SIGNAL,5,0,0,0.0,0.8,675.0,1,1,2.17,0,HIGH,3,UNDER_MAINTENANCE,2,MEDIUM,2,13.4,0,1,12,5,0.417,1,220,2.857,0,77,55.4,47.41,66.76,synthetic,1.0.0,42
synth-task-00375,SYN-ENGG-0375,synth-asset-ENGG-957,NDLS-CNB,RAIL_GRINDING,ENGG,TRACK,3,0,1,20.0,2.131,440.5,1,1,5.1,0,HIGH,3,UNDER_MAINTENANCE,2,MEDIUM,2,0.64,0,3,12,6,0.5,2,432,1.964,6,220,221.0,54.56,89.77,synthetic,1.0.0,42
synth-task-00376,SYN-SNT-0376,synth-asset-SNT-976,CSMT-KYN,POINTS_TESTING,SNT,INTERLOCKING,3,0,1,0.0,2.604,54.0,1,1,3.71,2,MEDIUM,2,DEGRADED,3,LOW,1,3.6,0,3,17,3,0.176,2,422,3.576,3,118,128.9,54.62,78.4,synthetic,1.0.0,42
synth-task-00377,SYN-ENGG-0377,synth-asset-ENGG-222,MAS-GDR,RAIL_FRACTURE_REPAIR,ENGG,TRACK,1,0,1,30.0,2.35,138.0,1,1,2.98,0,CRITICAL,4,FAILED,5,IMMEDIATE,4,-1.74,1,5,12,3,0.25,1,157,1.495,4,105,59.8,100.0,63.21,synthetic,1.0.0,42
synth-task-00378,SYN-SNT-0378,synth-asset-SNT-769,CSMT-KYN,SIGNAL_ASPECT_ALIGNMENT,SNT,SIGNAL,3,0,0,0.0,0.8,54.0,1,1,5.19,0,MEDIUM,2,DEGRADED,3,MEDIUM,2,10.42,0,3,14,7,0.5,3,567,7.662,0,74,30.6,59.83,63.59,synthetic,1.0.0,42
synth-task-00379,SYN-SNT-0379,synth-asset-SNT-422,NDLS-CNB,POINTS_TESTING,SNT,INTERLOCKING,3,0,1,0.0,1.68,440.5,1,1,4.89,0,MEDIUM,2,DEGRADED,3,MEDIUM,2,7.3,0,3,10,3,0.3,1,208,2.019,4,103,100.6,56.41,58.27,synthetic,1.0.0,42
synth-task-00380,SYN-ENGG-0380,synth-asset-ENGG-721,MAS-GDR,RAIL_FRACTURE_REPAIR,ENGG,TRACK,1,0,1,50.0,2.67,138.0,1,1,2.46,0,CRITICAL,4,FAILED,5,IMMEDIATE,4,-1.19,1,5,8,3,0.375,1,196,1.798,3,109,97.2,100.0,59.63,synthetic,1.0.0,42
synth-task-00381,SYN-SNT-0381,synth-asset-SNT-980,CSMT-KYN,AXLE_COUNTER_OVERHAUL,SNT,AXLE_COUNTER,2,0,0,0.0,0.8,54.0,1,1,5.36,0,HIGH,3,UNDER_MAINTENANCE,2,MEDIUM,2,-2.82,1,4,22,12,0.545,2,386,4.337,0,89,70.6,74.29,71.16,synthetic,1.0.0,42
synth-task-00382,SYN-SNT-0382,synth-asset-SNT-962,MAS-GDR,INTERLOCKING_LOGIC_TEST,SNT,INTERLOCKING,1,0,1,0.0,1.615,138.0,1,1,4.3,0,CRITICAL,4,MAINTENANCE_REQUIRED,4,IMMEDIATE,4,2.33,0,5,9,3,0.333,2,408,2.935,3,139,147.2,95.56,71.43,synthetic,1.0.0,42
synth-task-00383,SYN-ENGG-0383,synth-asset-ENGG-890,HWH-DDU,DEEP_SCREENING,ENGG,TRACK,3,0,1,15.0,1.884,675.0,1,1,4.8,0,HIGH,3,DEGRADED,3,LOW,1,10.0,0,3,12,5,0.417,1,175,0.751,5,233,278.1,55.67,92.36,synthetic,1.0.0,42
synth-task-00384,SYN-SNT-0384,synth-asset-SNT-149,CSMT-KYN,SIGNAL_ASPECT_ALIGNMENT,SNT,SIGNAL,2,0,0,0.0,0.8,54.0,1,1,3.46,0,LOW,1,DEGRADED,3,MEDIUM,2,11.66,0,4,24,8,0.333,1,122,2.033,0,60,71.8,52.62,67.32,synthetic,1.0.0,42
synth-task-00385,SYN-TRD-0385,synth-asset-TRD-938,CSMT-KYN,CANTILEVER_ADJUSTMENT,TRD,OHE_MAST,3,1,1,0.0,2.613,54.0,1,1,1.82,0,HIGH,3,UNDER_MAINTENANCE,2,MEDIUM,2,10.2,0,3,14,1,0.071,3,414,2.379,1,174,176.0,57.0,69.63,synthetic,1.0.0,42
synth-task-00386,SYN-ENGG-0386,synth-asset-ENGG-829,HWH-DDU,TURNOUT_PACKING,ENGG,TURNOUT,5,0,1,20.0,2.594,675.0,1,1,1.29,1,MEDIUM,2,OPERATIONAL,1,HIGH,3,6.66,0,1,8,3,0.375,2,266,1.75,4,152,126.5,38.85,58.84,synthetic,1.0.0,42
synth-task-00387,SYN-ENGG-0387,synth-asset-ENGG-936,MAS-GDR,TRACK_TAMPING,ENGG,TRACK,3,0,1,20.0,2.085,138.0,1,1,2.71,0,CRITICAL,4,DEGRADED,3,MEDIUM,2,4.91,0,3,6,1,0.167,3,372,1.879,2,198,225.6,69.2,59.21,synthetic,1.0.0,42
synth-task-00388,SYN-ENGG-0388,synth-asset-ENGG-889,HWH-DDU,TURNOUT_PACKING,ENGG,TURNOUT,3,0,1,0.0,1.508,675.0,1,1,5.37,0,HIGH,3,UNDER_MAINTENANCE,2,LOW,1,2.28,0,3,12,6,0.5,1,185,1.331,7,139,143.8,50.99,86.57,synthetic,1.0.0,42
synth-task-00389,SYN-SNT-0389,synth-asset-SNT-792,NDLS-CNB,AXLE_COUNTER_OVERHAUL,SNT,AXLE_COUNTER,3,0,0,0.0,0.8,440.5,1,1,0.7,0,MEDIUM,2,OPERATIONAL,1,MEDIUM,2,2.41,0,3,8,1,0.125,1,198,2.538,0,78,69.2,44.81,29.6,synthetic,1.0.0,42
synth-task-00390,SYN-ENGG-0390,synth-asset-ENGG-573,NDLS-CNB,TRACK_TAMPING,ENGG,TRACK,2,0,1,30.0,3.402,440.5,1,1,2.14,2,MEDIUM,2,DEGRADED,3,MEDIUM,2,13.42,0,4,16,4,0.25,2,336,1.527,4,220,225.1,57.43,85.91,synthetic,1.0.0,42
synth-task-00391,SYN-TRD-0391,synth-asset-TRD-583,NDLS-CNB,CONTACT_WIRE_RENEWAL,TRD,OHE_LINE,2,1,1,30.0,3.228,440.5,1,1,1.73,0,HIGH,3,FAILED,5,HIGH,3,-4.31,1,4,13,2,0.154,2,478,1.959,3,244,252.3,95.23,75.36,synthetic,1.0.0,42
synth-task-00392,SYN-ENGG-0392,synth-asset-ENGG-186,NDLS-CNB,TURNOUT_PACKING,ENGG,TURNOUT,3,0,1,0.0,1.463,440.5,1,1,3.74,0,MEDIUM,2,UNDER_MAINTENANCE,2,HIGH,3,11.78,0,3,12,2,0.167,1,225,1.433,2,157,144.6,52.42,67.52,synthetic,1.0.0,42
synth-task-00393,SYN-SNT-0393,synth-asset-SNT-301,CSMT-KYN,SIGNAL_ASPECT_ALIGNMENT,SNT,SIGNAL,4,0,0,0.0,1.58,54.0,1,1,1.39,3,MEDIUM,2,OPERATIONAL,1,MEDIUM,2,0.63,0,2,18,4,0.222,3,390,5.821,0,67,40.6,39.22,62.52,synthetic,1.0.0,42
synth-task-00394,SYN-ENGG-0394,synth-asset-ENGG-255,MAS-GDR,DEEP_SCREENING,ENGG,TRACK,3,0,1,45.0,2.667,138.0,1,1,2.53,0,HIGH,3,DEGRADED,3,MEDIUM,2,13.4,0,3,10,2,0.2,2,360,1.385,3,260,317.8,60.49,67.41,synthetic,1.0.0,42
synth-task-00395,SYN-ENGG-0395,synth-asset-ENGG-575,CSMT-KYN,TURNOUT_PACKING,ENGG,TURNOUT,4,0,1,0.0,1.454,54.0,1,1,1.67,0,MEDIUM,2,UNDER_MAINTENANCE,2,MEDIUM,2,6.72,0,2,23,5,0.217,2,346,2.79,6,124,122.6,44.33,84.36,synthetic,1.0.0,42
synth-task-00396,SYN-TRD-0396,synth-asset-TRD-522,CSMT-KYN,OHE_INSPECTION,TRD,OHE_LINE,3,1,1,0.0,2.479,54.0,1,1,4.85,0,CRITICAL,4,FAILED,5,IMMEDIATE,4,-1.74,1,3,20,1,0.05,1,121,0.896,2,135,174.7,100.0,70.18,synthetic,1.0.0,42
synth-task-00397,SYN-SNT-0397,synth-asset-SNT-918,NDLS-CNB,SIGNAL_ASPECT_ALIGNMENT,SNT,SIGNAL,3,0,0,0.0,0.8,440.5,1,1,3.43,0,MEDIUM,2,OPERATIONAL,1,MEDIUM,2,7.86,0,3,14,3,0.214,1,200,2.439,0,82,57.8,50.48,51.54,synthetic,1.0.0,42
synth-task-00398,SYN-ENGG-0398,synth-asset-ENGG-254,HWH-DDU,RAIL_FRACTURE_REPAIR,ENGG,TRACK,1,0,1,15.0,1.832,675.0,1,1,1.42,0,CRITICAL,4,FAILED,5,IMMEDIATE,4,-1.54,1,5,11,4,0.364,3,636,5.835,5,109,58.5,100.0,65.65,synthetic,1.0.0,42
synth-task-00399,SYN-ENGG-0399,synth-asset-ENGG-201,CSMT-KYN,TRACK_TAMPING,ENGG,TRACK,2,0,1,0.0,1.439,54.0,1,1,5.02,0,LOW,1,MAINTENANCE_REQUIRED,4,IMMEDIATE,4,-3.2,1,4,23,4,0.174,2,366,1.937,4,189,192.3,81.49,84.48,synthetic,1.0.0,42
synth-task-00400,SYN-ENGG-0400,synth-asset-ENGG-217,CSMT-KYN,RAIL_GRINDING,ENGG,TRACK,2,0,1,50.0,2.906,54.0,1,1,2.27,0,LOW,1,OPERATIONAL,1,MEDIUM,2,4.49,0,4,24,13,0.542,3,696,2.9,13,240,240.9,44.02,99.43,synthetic,1.0.0,42
synth-task-00401,SYN-ENGG-0401,synth-asset-ENGG-996,MAS-GDR,RAIL_GRINDING,ENGG,TRACK,2,0,1,20.0,2.908,138.0,1,1,5.46,3,HIGH,3,FAILED,5,IMMEDIATE,4,11.17,0,4,8,2,0.25,3,495,2.054,3,241,241.1,87.02,75.82,synthetic,1.0.0,42
synth-task-00402,SYN-TRD-0402,synth-asset-TRD-799,CSMT-KYN,INSULATOR_WASHING,TRD,OHE_INSULATOR,5,1,1,0.0,2.49,54.0,1,1,5.38,0,HIGH,3,UNDER_MAINTENANCE,2,MEDIUM,2,-3.46,1,1,18,6,0.333,2,454,4.54,7,100,106.9,58.9,89.61,synthetic,1.0.0,42
synth-task-00403,SYN-SNT-0403,synth-asset-SNT-149,HWH-DDU,TRACK_CIRCUIT_CHECK,SNT,TRACK_CIRCUIT,2,0,1,0.0,1.643,675.0,1,1,2.72,0,MEDIUM,2,MAINTENANCE_REQUIRED,4,HIGH,3,10.52,0,4,10,1,0.1,3,408,6.09,1,67,46.6,69.98,50.72,synthetic,1.0.0,42
synth-task-00404,SYN-SNT-0404,synth-asset-SNT-724,HWH-DDU,INTERLOCKING_LOGIC_TEST,SNT,INTERLOCKING,2,0,1,0.0,1.935,675.0,1,1,3.67,1,HIGH,3,FAILED,5,MEDIUM,2,0.92,0,4,12,6,0.5,1,159,1.205,7,132,131.2,78.3,84.39,synthetic,1.0.0,42
synth-task-00405,SYN-SNT-0405,synth-asset-SNT-940,MAS-GDR,AXLE_COUNTER_OVERHAUL,SNT,AXLE_COUNTER,2,0,0,0.0,0.8,138.0,1,1,3.41,0,MEDIUM,2,MAINTENANCE_REQUIRED,4,HIGH,3,7.94,0,4,11,3,0.273,1,238,2.615,0,91,74.0,64.13,46.16,synthetic,1.0.0,42
synth-task-00406,SYN-SNT-0406,synth-asset-SNT-506,HWH-DDU,AXLE_COUNTER_OVERHAUL,SNT,AXLE_COUNTER,3,0,0,0.0,1.681,675.0,1,1,1.46,3,HIGH,3,DEGRADED,3,MEDIUM,2,-0.71,1,3,10,5,0.5,2,478,6.051,0,79,70.4,71.91,54.07,synthetic,1.0.0,42
synth-task-00407,SYN-SNT-0407,synth-asset-SNT-574,CSMT-KYN,SIGNAL_ASPECT_ALIGNMENT,SNT,SIGNAL,3,0,0,0.0,0.8,54.0,1,1,0.67,0,HIGH,3,DEGRADED,3,MEDIUM,2,11.71,0,3,16,1,0.062,1,189,2.625,0,72,69.7,60.85,48.58,synthetic,1.0.0,42
synth-task-00408,SYN-ENGG-0408,synth-asset-ENGG-276,MAS-GDR,TURNOUT_PACKING,ENGG,TURNOUT,3,0,1,0.0,1.53,138.0,1,1,4.16,0,HIGH,3,UNDER_MAINTENANCE,2,MEDIUM,2,7.79,0,3,6,2,0.333,3,636,5.008,2,127,155.3,56.51,56.53,synthetic,1.0.0,42
synth-task-00409,SYN-ENGG-0409,synth-asset-ENGG-328,MAS-GDR,RAIL_FRACTURE_REPAIR,ENGG,TRACK,1,0,1,20.0,2.096,138.0,1,1,1.34,0,CRITICAL,4,FAILED,5,IMMEDIATE,4,-1.12,1,5,7,1,0.143,2,388,3.374,1,115,90.6,100.0,48.2,synthetic,1.0.0,42
synth-task-00410,SYN-ENGG-0410,synth-asset-ENGG-576,NDLS-CNB,TURNOUT_PACKING,ENGG,TURNOUT,3,0,1,0.0,2.136,440.5,1,1,5.51,1,HIGH,3,DEGRADED,3,MEDIUM,2,12.07,0,3,12,5,0.417,1,143,1.153,6,124,128.5,62.05,84.14,synthetic,1.0.0,42
synth-task-00411,SYN-ENGG-0411,synth-asset-ENGG-956,NDLS-CNB,TURNOUT_PACKING,ENGG,TURNOUT,1,0,1,30.0,3.234,440.5,1,1,1.9,2,CRITICAL,4,DEGRADED,3,HIGH,3,-2.23,1,5,11,1,0.091,1,131,0.789,2,166,158.5,88.83,56.06,synthetic,1.0.0,42
synth-task-00412,SYN-ENGG-0412,synth-asset-ENGG-118,HWH-DDU,RAIL_FRACTURE_REPAIR,ENGG,TRACK,1,0,1,15.0,1.842,675.0,1,1,3.28,0,CRITICAL,4,FAILED,5,IMMEDIATE,4,-1.24,1,5,12,6,0.5,3,522,4.35,7,120,101.6,100.0,85.45,synthetic,1.0.0,42
synth-task-00413,SYN-ENGG-0413,synth-asset-ENGG-418,CSMT-KYN,RAIL_FRACTURE_REPAIR,ENGG,TRACK,1,0,1,30.0,2.913,54.0,1,1,1.84,1,CRITICAL,4,FAILED,5,IMMEDIATE,4,-1.24,1,5,15,3,0.2,3,429,3.796,4,113,93.2,100.0,75.68,synthetic,1.0.0,42
synth-task-00414,SYN-ENGG-0414,synth-asset-ENGG-619,CSMT-KYN,DEEP_SCREENING,ENGG,TRACK,3,0,1,0.0,1.577,54.0,1,1,1.23,0,HIGH,3,UNDER_MAINTENANCE,2,MEDIUM,2,9.4,0,3,18,9,0.5,3,522,2.08,10,251,253.5,55.12,100.0,synthetic,1.0.0,42
synth-task-00415,SYN-TRD-0415,synth-asset-TRD-887,CSMT-KYN,CANTILEVER_ADJUSTMENT,TRD,OHE_MAST,2,1,1,0.0,3.19,54.0,1,1,1.52,1,CRITICAL,4,UNDER_MAINTENANCE,2,HIGH,3,4.02,0,4,16,6,0.375,2,416,2.537,7,164,178.1,73.65,92.92,synthetic,1.0.0,42
synth-task-00416,SYN-ENGG-0416,synth-asset-ENGG-906,CSMT-KYN,TRACK_TAMPING,ENGG,TRACK,3,0,1,50.0,2.814,54.0,1,1,4.37,0,MEDIUM,2,OPERATIONAL,1,MEDIUM,2,3.16,0,3,17,3,0.176,1,208,0.933,4,223,242.1,41.18,85.09,synthetic,1.0.0,42
synth-task-00417,SYN-SNT-0417,synth-asset-SNT-952,HWH-DDU,TRACK_CIRCUIT_CHECK,SNT,TRACK_CIRCUIT,1,0,1,30.0,2.358,675.0,1,1,3.74,0,CRITICAL,4,FAILED,5,IMMEDIATE,4,2.17,0,5,6,2,0.333,1,213,2.448,3,87,74.0,98.59,44.18,synthetic,1.0.0,42
synth-task-00418,SYN-ENGG-0418,synth-asset-ENGG-816,CSMT-KYN,DEEP_SCREENING,ENGG,TRACK,2,0,1,45.0,2.723,54.0,1,1,4.38,0,LOW,1,DEGRADED,3,HIGH,3,9.35,0,4,17,5,0.294,2,282,1.085,5,260,278.8,57.31,98.61,synthetic,1.0.0,42
synth-task-00419,SYN-SNT-0419,synth-asset-SNT-706,MAS-GDR,SIGNAL_ASPECT_ALIGNMENT,SNT,SIGNAL,3,0,0,0.0,0.8,138.0,1,1,5.06,0,LOW,1,DEGRADED,3,HIGH,3,12.66,0,3,12,5,0.417,3,618,7.186,0,86,70.7,51.75,58.87,synthetic,1.0.0,42
synth-task-00420,SYN-TRD-0420,synth-asset-TRD-974,HWH-DDU,INSULATOR_WASHING,TRD,OHE_INSULATOR,2,1,1,0.0,2.532,675.0,1,1,1.52,0,MEDIUM,2,FAILED,5,IMMEDIATE,4,2.8,0,4,11,2,0.182,2,252,2.0,2,126,111.3,79.6,57.18,synthetic,1.0.0,42
synth-task-00421,SYN-ENGG-0421,synth-asset-ENGG-423,NDLS-CNB,TRACK_TAMPING,ENGG,TRACK,3,0,1,45.0,2.805,440.5,1,1,1.88,0,HIGH,3,DEGRADED,3,LOW,1,12.47,0,3,8,1,0.125,2,440,2.056,1,214,207.8,56.66,53.26,synthetic,1.0.0,42
synth-task-00422,SYN-ENGG-0422,synth-asset-ENGG-452,CSMT-KYN,TRACK_TAMPING,ENGG,TRACK,2,0,1,50.0,2.803,54.0,1,1,4.98,0,CRITICAL,4,OPERATIONAL,1,IMMEDIATE,4,7.59,0,4,21,8,0.381,1,149,0.727,9,205,206.7,78.45,96.46,synthetic,1.0.0,42
synth-task-00423,SYN-ENGG-0423,synth-asset-ENGG-279,HWH-DDU,TRACK_TAMPING,ENGG,TRACK,4,0,1,0.0,2.461,675.0,1,1,4.73,3,LOW,1,OPERATIONAL,1,MEDIUM,2,13.25,0,2,14,2,0.143,1,160,0.758,3,211,234.4,32.31,72.71,synthetic,1.0.0,42
synth-task-00424,SYN-TRD-0424,synth-asset-TRD-260,NDLS-CNB,INSULATOR_WASHING,TRD,OHE_INSULATOR,4,1,1,0.0,2.633,440.5,1,1,0.64,0,HIGH,3,UNDER_MAINTENANCE,2,LOW,1,13.54,0,2,13,4,0.308,3,390,2.932,5,133,99.0,47.99,74.79,synthetic,1.0.0,42
synth-task-00425,SYN-ENGG-0425,synth-asset-ENGG-387,CSMT-KYN,TURNOUT_PACKING,ENGG,TURNOUT,2,0,1,45.0,2.649,54.0,1,1,5.71,0,HIGH,3,MAINTENANCE_REQUIRED,4,IMMEDIATE,4,-2.92,1,4,14,5,0.357,3,489,3.26,6,150,148.9,86.59,84.74,synthetic,1.0.0,42
synth-task-00426,SYN-ENGG-0426,synth-asset-ENGG-917,NDLS-CNB,TURNOUT_PACKING,ENGG,TURNOUT,4,0,1,0.0,1.652,440.5,1,1,2.76,0,LOW,1,DEGRADED,3,MEDIUM,2,-3.21,1,2,12,5,0.417,3,501,3.657,6,137,143.0,51.45,77.27,synthetic,1.0.0,42
synth-task-00427,SYN-ENGG-0427,synth-asset-ENGG-579,NDLS-CNB,TURNOUT_PACKING,ENGG,TURNOUT,2,0,1,0.0,1.97,440.5,1,1,4.05,1,MEDIUM,2,DEGRADED,3,LOW,1,6.07,0,4,15,2,0.133,1,237,1.756,2,135,119.5,55.03,67.93,synthetic,1.0.0,42
synth-task-00428,SYN-ENGG-0428,synth-asset-ENGG-495,NDLS-CNB,TURNOUT_PACKING,ENGG,TURNOUT,2,0,1,30.0,3.335,440.5,1,1,1.66,3,MEDIUM,2,MAINTENANCE_REQUIRED,4,IMMEDIATE,4,-5.81,1,4,16,5,0.312,2,296,2.161,5,137,160.5,86.85,95.51,synthetic,1.0.0,42
synth-task-00429,SYN-TRD-0429,synth-asset-TRD-249,NDLS-CNB,CONTACT_WIRE_RENEWAL,TRD,OHE_LINE,2,1,1,0.0,2.46,440.5,1,1,5.62,0,MEDIUM,2,MAINTENANCE_REQUIRED,4,HIGH,3,4.01,0,4,8,3,0.375,3,429,1.873,4,229,242.7,71.6,73.04,synthetic,1.0.0,42
synth-task-00430,SYN-ENGG-0430,synth-asset-ENGG-495,CSMT-KYN,DEEP_SCREENING,ENGG,TRACK,2,0,1,50.0,2.868,54.0,1,1,2.68,0,MEDIUM,2,DEGRADED,3,MEDIUM,2,-4.54,1,4,18,4,0.222,3,609,2.16,5,282,276.6,70.03,92.08,synthetic,1.0.0,42
synth-task-00431,SYN-ENGG-0431,synth-asset-ENGG-983,NDLS-CNB,RAIL_FRACTURE_REPAIR,ENGG,TRACK,1,0,1,20.0,1.997,440.5,1,1,4.73,0,CRITICAL,4,FAILED,5,IMMEDIATE,4,-1.43,1,5,12,2,0.167,1,161,1.288,2,125,77.0,100.0,60.34,synthetic,1.0.0,42
synth-task-00432,SYN-TRD-0432,synth-asset-TRD-808,NDLS-CNB,INSULATOR_WASHING,TRD,OHE_INSULATOR,3,1,1,0.0,2.666,440.5,1,1,3.66,0,LOW,1,DEGRADED,3,LOW,1,5.15,0,3,8,3,0.375,2,376,3.514,4,107,136.5,42.73,63.99,synthetic,1.0.0,42
synth-task-00433,SYN-TRD-0433,synth-asset-TRD-202,CSMT-KYN,INSULATOR_WASHING,TRD,OHE_INSULATOR,2,1,1,0.0,3.578,54.0,1,1,4.3,2,CRITICAL,4,DEGRADED,3,MEDIUM,2,7.78,0,4,16,3,0.188,2,440,3.52,3,125,119.2,70.4,75.42,synthetic,1.0.0,42
synth-task-00434,SYN-ENGG-0434,synth-asset-ENGG-981,MAS-GDR,DEEP_SCREENING,ENGG,TRACK,2,0,1,30.0,2.905,138.0,1,1,4.18,1,LOW,1,MAINTENANCE_REQUIRED,4,MEDIUM,2,-5.53,1,4,8,2,0.25,3,432,1.594,2,271,301.2,66.37,65.35,synthetic,1.0.0,42
synth-task-00435,SYN-ENGG-0435,synth-asset-ENGG-282,MAS-GDR,RAIL_GRINDING,ENGG,TRACK,2,0,1,50.0,3.942,138.0,1,1,2.86,2,MEDIUM,2,UNDER_MAINTENANCE,2,MEDIUM,2,8.25,0,4,10,1,0.1,2,428,1.798,2,238,292.2,55.83,68.2,synthetic,1.0.0,42
synth-task-00436,SYN-ENGG-0436,synth-asset-ENGG-199,HWH-DDU,RAIL_FRACTURE_REPAIR,ENGG,TRACK,1,0,1,45.0,3.594,675.0,1,1,4.11,2,CRITICAL,4,FAILED,5,IMMEDIATE,4,-1.58,1,5,11,5,0.455,1,192,1.488,5,129,111.9,100.0,78.97,synthetic,1.0.0,42
synth-task-00437,SYN-ENGG-0437,synth-asset-ENGG-718,MAS-GDR,RAIL_GRINDING,ENGG,TRACK,1,0,1,0.0,2.683,138.0,1,1,2.51,3,CRITICAL,4,MAINTENANCE_REQUIRED,4,IMMEDIATE,4,5.83,0,5,6,1,0.167,3,621,2.464,1,252,269.2,92.78,53.66,synthetic,1.0.0,42
synth-task-00438,SYN-ENGG-0438,synth-asset-ENGG-433,CSMT-KYN,RAIL_GRINDING,ENGG,TRACK,1,0,1,0.0,2.689,54.0,1,1,4.16,2,CRITICAL,4,OPERATIONAL,1,HIGH,3,2.62,0,5,17,9,0.529,3,621,2.631,10,236,266.8,77.19,97.43,synthetic,1.0.0,42
synth-task-00439,SYN-SNT-0439,synth-asset-SNT-718,MAS-GDR,AXLE_COUNTER_OVERHAUL,SNT,AXLE_COUNTER,1,0,0,0.0,0.8,138.0,1,1,3.27,0,HIGH,3,MAINTENANCE_REQUIRED,4,MEDIUM,2,10.53,0,5,12,6,0.5,1,175,2.083,0,84,59.0,74.61,62.05,synthetic,1.0.0,42
synth-task-00440,SYN-ENGG-0440,synth-asset-ENGG-183,MAS-GDR,TRACK_TAMPING,ENGG,TRACK,1,0,1,15.0,2.001,138.0,1,1,3.05,0,MEDIUM,2,MAINTENANCE_REQUIRED,4,HIGH,3,-0.83,1,5,8,1,0.125,1,158,0.832,1,190,209.6,83.85,60.36,synthetic,1.0.0,42
synth-task-00441,SYN-ENGG-0441,synth-asset-ENGG-625,MAS-GDR,DEEP_SCREENING,ENGG,TRACK,3,0,1,30.0,2.432,138.0,1,1,0.85,0,HIGH,3,OPERATIONAL,1,MEDIUM,2,6.92,0,3,7,1,0.143,1,196,0.787,2,249,270.5,51.2,55.33,synthetic,1.0.0,42
synth-task-00442,SYN-ENGG-0442,synth-asset-ENGG-201,HWH-DDU,TRACK_TAMPING,ENGG,TRACK,2,0,1,30.0,2.256,675.0,1,1,4.2,0,HIGH,3,OPERATIONAL,1,MEDIUM,2,1.19,0,4,7,3,0.429,3,507,2.613,4,194,228.7,54.3,64.49,synthetic,1.0.0,42
synth-task-00443,SYN-ENGG-0443,synth-asset-ENGG-285,CSMT-KYN,TURNOUT_PACKING,ENGG,TURNOUT,2,0,1,50.0,2.795,54.0,1,1,5.46,0,MEDIUM,2,DEGRADED,3,LOW,1,5.01,0,4,17,2,0.118,1,170,1.214,2,140,145.3,52.44,73.81,synthetic,1.0.0,42
synth-task-00444,SYN-TRD-0444,synth-asset-TRD-491,NDLS-CNB,SUBSTATION_MAINTENANCE,TRD,TRACTION_SUBSTATION,1,1,0,0.0,1.57,440.5,1,1,3.23,0,HIGH,3,MAINTENANCE_REQUIRED,4,IMMEDIATE,4,-2.98,1,5,13,3,0.231,2,374,1.889,0,198,218.0,99.43,62.21,synthetic,1.0.0,42
synth-task-00445,SYN-SNT-0445,synth-asset-SNT-716,NDLS-CNB,SIGNAL_ASPECT_ALIGNMENT,SNT,SIGNAL,3,0,0,0.0,1.551,440.5,1,1,4.88,3,MEDIUM,2,MAINTENANCE_REQUIRED,4,HIGH,3,-5.7,1,3,10,4,0.4,3,675,10.385,0,65,65.1,76.79,52.5,synthetic,1.0.0,42
synth-task-00446,SYN-TRD-0446,synth-asset-TRD-632,HWH-DDU,OHE_INSPECTION,TRD,OHE_LINE,3,1,1,0.0,2.928,675.0,1,1,2.34,1,MEDIUM,2,MAINTENANCE_REQUIRED,4,HIGH,3,7.94,0,3,10,4,0.4,2,296,2.226,5,133,144.6,68.61,71.71,synthetic,1.0.0,42
synth-task-00447,SYN-TRD-0447,synth-asset-TRD-199,HWH-DDU,SUBSTATION_MAINTENANCE,TRD,TRACTION_SUBSTATION,1,1,0,0.0,1.681,675.0,1,1,4.89,0,MEDIUM,2,MAINTENANCE_REQUIRED,4,IMMEDIATE,4,12.16,0,5,12,1,0.083,1,172,0.86,0,200,181.5,78.09,53.71,synthetic,1.0.0,42
synth-task-00448,SYN-TRD-0448,synth-asset-TRD-305,MAS-GDR,OHE_INSPECTION,TRD,OHE_LINE,3,1,1,30.0,4.347,138.0,1,1,5.41,2,LOW,1,DEGRADED,3,MEDIUM,2,9.32,0,3,5,2,0.4,2,244,1.488,2,164,181.5,52.76,51.0,synthetic,1.0.0,42
synth-task-00449,SYN-ENGG-0449,synth-asset-ENGG-157,MAS-GDR,DEEP_SCREENING,ENGG,TRACK,1,0,1,15.0,1.91,138.0,1,1,4.86,0,MEDIUM,2,MAINTENANCE_REQUIRED,4,IMMEDIATE,4,-3.2,1,5,8,3,0.375,3,660,2.568,4,257,287.2,88.48,73.67,synthetic,1.0.0,42
synth-task-00450,SYN-ENGG-0450,synth-asset-ENGG-406,CSMT-KYN,RAIL_FRACTURE_REPAIR,ENGG,TRACK,1,0,1,50.0,2.924,54.0,1,1,1.38,0,CRITICAL,4,FAILED,5,IMMEDIATE,4,-0.89,1,5,20,4,0.2,1,230,2.035,4,113,96.2,100.0,75.92,synthetic,1.0.0,42
synth-task-00451,SYN-SNT-0451,synth-asset-SNT-424,HWH-DDU,TRACK_CIRCUIT_CHECK,SNT,TRACK_CIRCUIT,3,0,1,0.0,2.059,675.0,1,1,2.08,1,LOW,1,DEGRADED,3,MEDIUM,2,-5.88,1,3,8,3,0.375,2,246,4.824,3,51,100.5,60.34,61.81,synthetic,1.0.0,42
synth-task-00452,SYN-TRD-0452,synth-asset-TRD-972,NDLS-CNB,OHE_INSPECTION,TRD,OHE_LINE,2,1,1,0.0,3.093,440.5,1,1,1.96,1,CRITICAL,4,FAILED,5,MEDIUM,2,2.0,0,4,15,2,0.133,3,627,4.18,2,150,164.7,83.21,68.29,synthetic,1.0.0,42
synth-task-00453,SYN-ENGG-0453,synth-asset-ENGG-255,MAS-GDR,TURNOUT_PACKING,ENGG,TURNOUT,4,0,1,0.0,1.598,138.0,1,1,4.59,0,MEDIUM,2,DEGRADED,3,LOW,1,2.47,0,2,9,2,0.222,3,672,5.291,3,127,87.0,38.2,61.54,synthetic,1.0.0,42
synth-task-00454,SYN-ENGG-0454,synth-asset-ENGG-376,NDLS-CNB,TURNOUT_PACKING,ENGG,TURNOUT,3,0,1,0.0,1.638,440.5,1,1,4.32,0,LOW,1,DEGRADED,3,LOW,1,-3.38,1,3,11,4,0.364,1,196,1.281,4,153,126.6,55.26,66.28,synthetic,1.0.0,42
synth-task-00455,SYN-ENGG-0455,synth-asset-ENGG-483,CSMT-KYN,TURNOUT_PACKING,ENGG,TURNOUT,4,0,1,50.0,2.796,54.0,1,1,2.91,0,HIGH,3,DEGRADED,3,HIGH,3,1.54,0,2,17,7,0.412,3,597,4.117,8,145,151.6,62.34,90.28,synthetic,1.0.0,42
synth-task-00456,SYN-TRD-0456,synth-asset-TRD-716,NDLS-CNB,CANTILEVER_ADJUSTMENT,TRD,OHE_MAST,2,1,1,0.0,2.624,440.5,1,1,1.72,0,CRITICAL,4,MAINTENANCE_REQUIRED,4,IMMEDIATE,4,-6.52,1,4,13,1,0.077,3,588,3.161,1,186,155.6,97.26,66.26,synthetic,1.0.0,42
synth-task-00457,SYN-ENGG-0457,synth-asset-ENGG-216,NDLS-CNB,DEEP_SCREENING,ENGG,TRACK,3,0,1,45.0,2.797,440.5,1,1,2.16,0,MEDIUM,2,DEGRADED,3,MEDIUM,2,9.1,0,3,11,3,0.273,1,128,0.476,3,269,283.9,52.89,76.39,synthetic,1.0.0,42
synth-task-00458,SYN-TRD-0458,synth-asset-TRD-857,HWH-DDU,CANTILEVER_ADJUSTMENT,TRD,OHE_MAST,1,1,1,0.0,2.605,675.0,1,1,2.59,0,HIGH,3,MAINTENANCE_REQUIRED,4,HIGH,3,-0.24,1,5,6,1,0.167,1,145,0.725,1,200,192.6,89.97,49.45,synthetic,1.0.0,42
synth-task-00459,SYN-ENGG-0459,synth-asset-ENGG-833,HWH-DDU,RAIL_GRINDING,ENGG,TRACK,4,0,1,0.0,2.597,675.0,1,1,0.92,2,MEDIUM,2,DEGRADED,3,MEDIUM,2,5.22,0,2,8,2,0.25,3,522,2.212,2,236,241.4,52.22,64.21,synthetic,1.0.0,42
synth-task-00460,SYN-SNT-0460,synth-asset-SNT-519,MAS-GDR,POINTS_TESTING,SNT,INTERLOCKING,1,0,1,0.0,1.974,138.0,1,1,5.26,1,MEDIUM,2,MAINTENANCE_REQUIRED,4,IMMEDIATE,4,-3.51,1,5,6,2,0.333,1,143,1.349,2,106,91.1,86.05,50.56,synthetic,1.0.0,42
synth-task-00461,SYN-ENGG-0461,synth-asset-ENGG-743,HWH-DDU,RAIL_GRINDING,ENGG,TRACK,2,0,1,15.0,1.878,675.0,1,1,1.66,0,HIGH,3,DEGRADED,3,HIGH,3,5.23,0,4,11,4,0.364,2,270,1.2,4,225,216.6,70.54,75.95,synthetic,1.0.0,42
synth-task-00462,SYN-SNT-0462,synth-asset-SNT-778,CSMT-KYN,POINTS_TESTING,SNT,INTERLOCKING,3,0,1,30.0,2.375,54.0,1,1,4.5,0,LOW,1,DEGRADED,3,LOW,1,5.4,0,3,22,2,0.091,1,122,1.08,3,113,151.3,41.92,74.55,synthetic,1.0.0,42
synth-task-00463,SYN-ENGG-0463,synth-asset-ENGG-809,CSMT-KYN,TRACK_TAMPING,ENGG,TRACK,3,0,1,45.0,2.576,54.0,1,1,4.13,0,MEDIUM,2,UNDER_MAINTENANCE,2,MEDIUM,2,11.01,0,3,22,7,0.318,2,412,2.091,8,197,255.5,49.29,100.0,synthetic,1.0.0,42
synth-task-00464,SYN-ENGG-0464,synth-asset-ENGG-159,NDLS-CNB,RAIL_GRINDING,ENGG,TRACK,4,0,1,20.0,1.981,440.5,1,1,1.06,0,HIGH,3,UNDER_MAINTENANCE,2,MEDIUM,2,-3.1,1,2,9,3,0.333,1,234,1.068,3,219,218.4,61.34,67.82,synthetic,1.0.0,42
synth-task-00465,SYN-ENGG-0465,synth-asset-ENGG-619,NDLS-CNB,TRACK_TAMPING,ENGG,TRACK,3,0,1,0.0,1.447,440.5,1,1,3.78,0,HIGH,3,OPERATIONAL,1,MEDIUM,2,9.4,0,3,15,4,0.267,1,223,1.155,5,193,209.2,51.05,84.93,synthetic,1.0.0,42
synth-task-00466,SYN-SNT-0466,synth-asset-SNT-105,CSMT-KYN,SIGNAL_ASPECT_ALIGNMENT,SNT,SIGNAL,2,0,0,0.0,0.8,54.0,1,1,2.75,0,CRITICAL,4,MAINTENANCE_REQUIRED,4,IMMEDIATE,4,0.82,0,4,19,1,0.053,3,453,6.761,0,67,76.5,86.69,52.69,synthetic,1.0.0,42
synth-task-00467,SYN-TRD-0467,synth-asset-TRD-593,MAS-GDR,CANTILEVER_ADJUSTMENT,TRD,OHE_MAST,4,1,1,0.0,3.169,138.0,1,1,4.77,1,HIGH,3,DEGRADED,3,MEDIUM,2,12.32,0,2,7,1,0.143,3,546,3.05,2,179,210.2,53.95,59.2,synthetic,1.0.0,42
synth-task-00468,SYN-SNT-0468,synth-asset-SNT-272,NDLS-CNB,INTERLOCKING_LOGIC_TEST,SNT,INTERLOCKING,1,0,1,0.0,1.452,440.5,1,1,4.52,0,CRITICAL,4,UNDER_MAINTENANCE,2,IMMEDIATE,4,11.01,0,5,11,1,0.091,2,404,2.606,2,155,116.8,76.49,58.48,synthetic,1.0.0,42
synth-task-00469,SYN-ENGG-0469,synth-asset-ENGG-465,NDLS-CNB,DEEP_SCREENING,ENGG,TRACK,1,0,1,30.0,2.437,440.5,1,1,5.35,0,HIGH,3,MAINTENANCE_REQUIRED,4,IMMEDIATE,4,-2.89,1,5,8,1,0.125,2,352,1.354,2,260,293.9,99.56,63.12,synthetic,1.0.0,42
synth-task-00470,SYN-ENGG-0470,synth-asset-ENGG-735,NDLS-CNB,RAIL_FRACTURE_REPAIR,ENGG,TRACK,1,0,1,20.0,2.107,440.5,1,1,5.34,0,CRITICAL,4,FAILED,5,IMMEDIATE,4,-1.66,1,5,8,2,0.25,2,274,2.192,3,125,102.7,100.0,44.58,synthetic,1.0.0,42
synth-task-00471,SYN-SNT-0471,synth-asset-SNT-742,NDLS-CNB,INTERLOCKING_LOGIC_TEST,SNT,INTERLOCKING,1,0,1,0.0,2.126,440.5,1,1,4.39,1,HIGH,3,MAINTENANCE_REQUIRED,4,IMMEDIATE,4,4.81,0,5,14,7,0.5,1,130,0.935,7,139,129.8,90.18,91.06,synthetic,1.0.0,42
synth-task-00472,SYN-ENGG-0472,synth-asset-ENGG-771,NDLS-CNB,TRACK_TAMPING,ENGG,TRACK,3,0,1,50.0,2.8,440.5,1,1,2.53,0,HIGH,3,DEGRADED,3,MEDIUM,2,3.46,0,3,9,4,0.444,3,627,3.119,5,201,213.9,59.03,80.15,synthetic,1.0.0,42
synth-task-00473,SYN-SNT-0473,synth-asset-SNT-224,CSMT-KYN,SIGNAL_ASPECT_ALIGNMENT,SNT,SIGNAL,2,0,0,0.0,0.8,54.0,1,1,2.43,0,CRITICAL,4,MAINTENANCE_REQUIRED,4,MEDIUM,2,-5.5,1,4,23,1,0.043,2,344,4.526,0,76,72.3,88.34,45.51,synthetic,1.0.0,42
synth-task-00474,SYN-SNT-0474,synth-asset-SNT-533,MAS-GDR,TRACK_CIRCUIT_CHECK,SNT,TRACK_CIRCUIT,3,0,1,50.0,2.739,138.0,1,1,1.37,0,HIGH,3,DEGRADED,3,LOW,1,9.59,0,3,10,4,0.4,2,374,6.131,4,61,35.2,54.99,69.83,synthetic,1.0.0,42
synth-task-00475,SYN-ENGG-0475,synth-asset-ENGG-661,CSMT-KYN,TRACK_TAMPING,ENGG,TRACK,2,0,1,15.0,1.935,54.0,1,1,5.52,0,HIGH,3,OPERATIONAL,1,LOW,1,1.56,0,4,14,1,0.071,1,230,1.192,1,193,197.4,49.88,68.74,synthetic,1.0.0,42
synth-task-00476,SYN-SNT-0476,synth-asset-SNT-974,MAS-GDR,INTERLOCKING_LOGIC_TEST,SNT,INTERLOCKING,2,0,1,0.0,1.41,138.0,1,1,5.87,0,MEDIUM,2,DEGRADED,3,MEDIUM,2,6.28,0,4,11,5,0.455,1,220,1.429,5,154,121.9,54.3,82.48,synthetic,1.0.0,42
synth-task-00477,SYN-ENGG-0477,synth-asset-ENGG-334,NDLS-CNB,TURNOUT_PACKING,ENGG,TURNOUT,2,0,1,45.0,2.734,440.5,1,1,3.51,0,HIGH,3,FAILED,5,HIGH,3,13.65,0,4,14,2,0.143,3,438,3.042,3,144,150.6,84.96,68.72,synthetic,1.0.0,42
synth-task-00478,SYN-TRD-0478,synth-asset-TRD-916,MAS-GDR,CONTACT_WIRE_RENEWAL,TRD,OHE_LINE,3,1,1,0.0,2.648,138.0,1,1,4.69,0,CRITICAL,4,FAILED,5,IMMEDIATE,4,12.48,0,3,8,1,0.125,2,262,1.096,1,239,270.8,86.65,63.4,synthetic,1.0.0,42
synth-task-00479,SYN-ENGG-0479,synth-asset-ENGG-672,NDLS-CNB,DEEP_SCREENING,ENGG,TRACK,2,0,1,20.0,1.979,440.5,1,1,0.86,0,LOW,1,DEGRADED,3,MEDIUM,2,12.92,0,4,12,5,0.417,1,220,0.806,6,273,201.9,53.92,90.97,synthetic,1.0.0,42
synth-task-00480,SYN-TRD-0480,synth-asset-TRD-213,MAS-GDR,INSULATOR_WASHING,TRD,OHE_INSULATOR,3,1,1,0.0,3.081,138.0,1,1,1.57,1,MEDIUM,2,DEGRADED,3,MEDIUM,2,4.84,0,3,10,4,0.4,1,201,1.386,5,145,131.6,57.68,69.14,synthetic,1.0.0,42
synth-task-00481,SYN-SNT-0481,synth-asset-SNT-300,MAS-GDR,AXLE_COUNTER_OVERHAUL,SNT,AXLE_COUNTER,2,0,0,0.0,0.8,138.0,1,1,1.64,0,HIGH,3,MAINTENANCE_REQUIRED,4,HIGH,3,9.44,0,4,5,2,0.4,2,270,3.803,0,71,76.2,82.88,30.79,synthetic,1.0.0,42
synth-task-00482,SYN-TRD-0482,synth-asset-TRD-227,NDLS-CNB,CONTACT_WIRE_RENEWAL,TRD,OHE_LINE,4,1,1,50.0,3.869,440.5,1,1,4.44,0,HIGH,3,UNDER_MAINTENANCE,2,MEDIUM,2,13.79,0,2,12,1,0.083,2,416,1.793,1,232,301.5,56.12,69.66,synthetic,1.0.0,42
synth-task-00483,SYN-SNT-0483,synth-asset-SNT-198,CSMT-KYN,INTERLOCKING_LOGIC_TEST,SNT,INTERLOCKING,3,0,1,0.0,2.505,54.0,1,1,5.3,2,LOW,1,OPERATIONAL,1,MEDIUM,2,9.27,0,3,23,1,0.043,1,125,0.822,2,152,162.5,37.69,64.45,synthetic,1.0.0,42
synth-task-00484,SYN-SNT-0484,synth-asset-SNT-144,HWH-DDU,TRACK_CIRCUIT_CHECK,SNT,TRACK_CIRCUIT,1,0,1,0.0,1.468,675.0,1,1,5.69,0,CRITICAL,4,UNDER_MAINTENANCE,2,HIGH,3,5.46,0,5,8,1,0.125,1,135,3.068,1,44,63.3,79.12,51.84,synthetic,1.0.0,42
synth-task-00485,SYN-SNT-0485,synth-asset-SNT-461,MAS-GDR,POINTS_TESTING,SNT,INTERLOCKING,3,0,1,0.0,1.66,138.0,1,1,2.29,0,MEDIUM,2,UNDER_MAINTENANCE,2,MEDIUM,2,2.18,0,3,5,2,0.4,1,206,1.981,2,104,69.1,48.38,47.03,synthetic,1.0.0,42
synth-task-00486,SYN-TRD-0486,synth-asset-TRD-671,MAS-GDR,OHE_INSPECTION,TRD,OHE_LINE,2,1,1,0.0,3.028,138.0,1,1,0.7,1,HIGH,3,MAINTENANCE_REQUIRED,4,MEDIUM,2,-1.85,1,4,8,3,0.375,2,332,2.17,4,153,101.4,79.46,61.06,synthetic,1.0.0,42
synth-task-00487,SYN-SNT-0487,synth-asset-SNT-730,HWH-DDU,AXLE_COUNTER_OVERHAUL,SNT,AXLE_COUNTER,1,0,0,0.0,0.8,675.0,1,1,2.11,0,LOW,1,MAINTENANCE_REQUIRED,4,HIGH,3,11.88,0,5,7,3,0.429,2,462,7.333,0,63,39.4,73.31,37.64,synthetic,1.0.0,42
synth-task-00488,SYN-ENGG-0488,synth-asset-ENGG-802,NDLS-CNB,TRACK_TAMPING,ENGG,TRACK,1,0,1,15.0,3.01,440.5,1,1,5.96,3,LOW,1,MAINTENANCE_REQUIRED,4,IMMEDIATE,4,-6.66,1,5,16,7,0.438,3,717,3.447,8,208,233.4,83.37,97.44,synthetic,1.0.0,42
synth-task-00489,SYN-TRD-0489,synth-asset-TRD-109,MAS-GDR,CONTACT_WIRE_RENEWAL,TRD,OHE_LINE,2,1,1,20.0,3.136,138.0,1,1,4.26,0,HIGH,3,OPERATIONAL,1,MEDIUM,2,5.55,0,4,7,1,0.143,2,354,1.41,1,251,300.9,48.94,63.8,synthetic,1.0.0,42
synth-task-00490,SYN-SNT-0490,synth-asset-SNT-325,HWH-DDU,INTERLOCKING_LOGIC_TEST,SNT,INTERLOCKING,2,0,1,0.0,1.67,675.0,1,1,3.47,0,HIGH,3,DEGRADED,3,LOW,1,11.98,0,4,13,3,0.231,1,140,0.986,4,142,135.4,57.61,79.23,synthetic,1.0.0,42
synth-task-00491,SYN-TRD-0491,synth-asset-TRD-264,NDLS-CNB,INSULATOR_WASHING,TRD,OHE_INSULATOR,3,1,1,0.0,2.657,440.5,1,1,0.75,0,HIGH,3,FAILED,5,MEDIUM,2,-3.71,1,3,16,1,0.062,1,143,1.172,1,122,118.4,81.52,63.36,synthetic,1.0.0,42
synth-task-00492,SYN-ENGG-0492,synth-asset-ENGG-518,NDLS-CNB,TRACK_TAMPING,ENGG,TRACK,1,0,1,50.0,2.768,440.5,1,1,1.38,0,LOW,1,MAINTENANCE_REQUIRED,4,HIGH,3,-4.46,1,5,8,1,0.125,3,564,2.686,2,210,172.6,77.35,50.6,synthetic,1.0.0,42
synth-task-00493,SYN-ENGG-0493,synth-asset-ENGG-561,MAS-GDR,DEEP_SCREENING,ENGG,TRACK,2,0,1,15.0,2.057,138.0,1,1,1.44,0,HIGH,3,OPERATIONAL,1,LOW,1,4.31,0,4,7,2,0.286,1,159,0.587,3,271,260.7,46.09,67.27,synthetic,1.0.0,42
synth-task-00494,SYN-SNT-0494,synth-asset-SNT-666,NDLS-CNB,POINTS_TESTING,SNT,INTERLOCKING,3,0,1,45.0,2.722,440.5,1,1,3.87,0,HIGH,3,OPERATIONAL,1,MEDIUM,2,1.23,0,3,15,1,0.067,2,440,3.411,2,129,94.5,47.88,65.1,synthetic,1.0.0,42
synth-task-00495,SYN-ENGG-0495,synth-asset-ENGG-466,MAS-GDR,DEEP_SCREENING,ENGG,TRACK,3,0,1,30.0,2.356,138.0,1,1,4.5,0,LOW,1,DEGRADED,3,MEDIUM,2,4.27,0,3,9,1,0.111,2,246,0.921,2,267,285.8,48.21,59.21,synthetic,1.0.0,42
synth-task-00496,SYN-TRD-0496,synth-asset-TRD-880,MAS-GDR,OHE_INSPECTION,TRD,OHE_LINE,2,1,1,0.0,2.691,138.0,1,1,4.33,0,HIGH,3,DEGRADED,3,LOW,1,2.82,0,4,11,5,0.455,2,324,2.012,5,161,163.4,55.83,80.13,synthetic,1.0.0,42
synth-task-00497,SYN-TRD-0497,synth-asset-TRD-572,MAS-GDR,CANTILEVER_ADJUSTMENT,TRD,OHE_MAST,2,1,1,20.0,3.066,138.0,1,1,5.15,0,MEDIUM,2,MAINTENANCE_REQUIRED,4,HIGH,3,-1.59,1,4,12,5,0.417,1,199,1.15,5,173,210.3,79.62,79.65,synthetic,1.0.0,42
synth-task-00498,SYN-ENGG-0498,synth-asset-ENGG-130,MAS-GDR,TURNOUT_PACKING,ENGG,TURNOUT,2,0,1,0.0,1.507,138.0,1,1,2.38,0,LOW,1,MAINTENANCE_REQUIRED,4,MEDIUM,2,10.45,0,4,10,3,0.3,2,474,3.674,3,129,104.0,62.19,52.25,synthetic,1.0.0,42
synth-task-00499,SYN-ENGG-0499,synth-asset-ENGG-537,MAS-GDR,DEEP_SCREENING,ENGG,TRACK,3,0,1,20.0,2.462,138.0,1,1,3.23,1,HIGH,3,DEGRADED,3,LOW,1,10.68,0,3,10,2,0.2,2,372,1.42,2,262,264.0,51.35,67.14,synthetic,1.0.0,42
synth-task-00500,SYN-ENGG-0500,synth-asset-ENGG-888,CSMT-KYN,TRACK_TAMPING,ENGG,TRACK,2,0,1,30.0,2.433,54.0,1,1,2.41,0,MEDIUM,2,MAINTENANCE_REQUIRED,4,HIGH,3,3.26,0,4,14,2,0.143,3,570,2.664,2,214,194.3,70.55,73.63,synthetic,1.0.0,42
synth-task-00501,SYN-ENGG-0501,synth-asset-ENGG-673,HWH-DDU,RAIL_FRACTURE_REPAIR,ENGG,TRACK,1,0,1,50.0,2.851,675.0,1,1,1.74,0,CRITICAL,4,FAILED,5,IMMEDIATE,4,-1.81,1,5,11,1,0.091,1,214,2.162,1,99,91.4,100.0,54.76,synthetic,1.0.0,42
synth-task-00502,SYN-SNT-0502,synth-asset-SNT-649,HWH-DDU,INTERLOCKING_LOGIC_TEST,SNT,INTERLOCKING,3,0,1,0.0,2.625,675.0,1,1,4.01,3,MEDIUM,2,MAINTENANCE_REQUIRED,4,HIGH,3,-4.26,1,3,14,3,0.214,3,414,3.067,4,135,114.1,76.73,68.07,synthetic,1.0.0,42
synth-task-00503,SYN-TRD-0503,synth-asset-TRD-841,NDLS-CNB,CONTACT_WIRE_RENEWAL,TRD,OHE_LINE,2,1,1,0.0,2.462,440.5,1,1,3.97,0,MEDIUM,2,DEGRADED,3,MEDIUM,2,1.49,0,4,9,1,0.111,2,296,1.26,1,235,266.9,56.24,65.01,synthetic,1.0.0,42
synth-task-00504,SYN-ENGG-0504,synth-asset-ENGG-965,MAS-GDR,RAIL_GRINDING,ENGG,TRACK,2,0,1,20.0,2.91,138.0,1,1,3.95,2,CRITICAL,4,DEGRADED,3,HIGH,3,11.51,0,4,5,1,0.2,2,368,1.527,1,241,250.3,79.66,46.61,synthetic,1.0.0,42
synth-task-00505,SYN-ENGG-0505,synth-asset-ENGG-960,HWH-DDU,RAIL_FRACTURE_REPAIR,ENGG,TRACK,1,0,1,20.0,3.033,675.0,1,1,5.75,3,CRITICAL,4,FAILED,5,IMMEDIATE,4,-0.95,1,5,6,1,0.167,2,248,2.175,1,114,101.6,100.0,43.82,synthetic,1.0.0,42
synth-task-00506,SYN-ENGG-0506,synth-asset-ENGG-320,MAS-GDR,TRACK_TAMPING,ENGG,TRACK,3,0,1,45.0,2.634,138.0,1,1,0.61,0,HIGH,3,DEGRADED,3,MEDIUM,2,1.27,0,3,8,2,0.25,3,594,2.985,2,199,204.7,60.1,63.57,synthetic,1.0.0,42
synth-task-00507,SYN-SNT-0507,synth-asset-SNT-867,CSMT-KYN,POINTS_TESTING,SNT,INTERLOCKING,1,0,1,0.0,2.067,54.0,1,1,0.79,1,MEDIUM,2,MAINTENANCE_REQUIRED,4,IMMEDIATE,4,-6.56,1,5,24,3,0.125,2,436,4.275,3,102,106.2,90.93,72.94,synthetic,1.0.0,42
synth-task-00508,SYN-SNT-0508,synth-asset-SNT-626,MAS-GDR,POINTS_TESTING,SNT,INTERLOCKING,2,0,1,15.0,1.92,138.0,1,1,3.21,0,HIGH,3,MAINTENANCE_REQUIRED,4,HIGH,3,3.14,0,4,12,2,0.167,3,711,7.04,2,101,104.7,77.3,61.65,synthetic,1.0.0,42
synth-task-00509,SYN-ENGG-0509,synth-asset-ENGG-805,MAS-GDR,DEEP_SCREENING,ENGG,TRACK,2,0,1,50.0,2.666,138.0,1,1,1.79,0,CRITICAL,4,DEGRADED,3,IMMEDIATE,4,-5.84,1,4,10,4,0.4,2,466,1.902,5,245,244.9,98.55,74.65,synthetic,1.0.0,42
synth-task-00510,SYN-SNT-0510,synth-asset-SNT-190,HWH-DDU,INTERLOCKING_LOGIC_TEST,SNT,INTERLOCKING,2,0,1,0.0,2.497,675.0,1,1,1.77,2,CRITICAL,4,DEGRADED,3,HIGH,3,-4.96,1,4,13,5,0.385,1,137,0.965,6,142,112.9,93.8,77.75,synthetic,1.0.0,42
synth-task-00511,SYN-ENGG-0511,synth-asset-ENGG-337,NDLS-CNB,TURNOUT_PACKING,ENGG,TURNOUT,3,0,1,0.0,1.949,440.5,1,1,4.91,1,MEDIUM,2,UNDER_MAINTENANCE,2,LOW,1,13.07,0,3,12,3,0.25,2,326,2.296,4,142,111.0,39.32,63.78,synthetic,1.0.0,42
synth-task-00512,SYN-TRD-0512,synth-asset-TRD-124,HWH-DDU,INSULATOR_WASHING,TRD,OHE_INSULATOR,2,1,1,0.0,3.19,675.0,1,1,2.03,1,HIGH,3,OPERATIONAL,1,MEDIUM,2,9.96,0,4,10,3,0.3,1,168,1.302,3,129,138.5,54.46,67.46,synthetic,1.0.0,42
synth-task-00513,SYN-TRD-0513,synth-asset-TRD-158,MAS-GDR,OHE_INSPECTION,TRD,OHE_LINE,2,1,1,0.0,2.534,138.0,1,1,1.34,0,MEDIUM,2,MAINTENANCE_REQUIRED,4,IMMEDIATE,4,6.78,0,4,6,1,0.167,1,138,1.062,1,130,179.2,79.83,51.01,synthetic,1.0.0,42
synth-task-00514,SYN-ENGG-0514,synth-asset-ENGG-107,CSMT-KYN,RAIL_GRINDING,ENGG,TRACK,4,0,1,0.0,2.584,54.0,1,1,4.84,2,HIGH,3,OPERATIONAL,1,LOW,1,7.09,0,2,16,3,0.188,2,260,1.066,3,244,290.7,42.21,81.29,synthetic,1.0.0,42
synth-task-00515,SYN-SNT-0515,synth-asset-SNT-659,NDLS-CNB,AXLE_COUNTER_OVERHAUL,SNT,AXLE_COUNTER,5,0,0,0.0,0.8,440.5,1,1,1.88,0,HIGH,3,OPERATIONAL,1,MEDIUM,2,1.54,0,1,13,4,0.308,2,244,3.128,0,78,79.2,41.55,57.95,synthetic,1.0.0,42
synth-task-00516,SYN-SNT-0516,synth-asset-SNT-168,NDLS-CNB,SIGNAL_ASPECT_ALIGNMENT,SNT,SIGNAL,2,0,0,0.0,1.168,440.5,1,1,4.16,1,CRITICAL,4,OPERATIONAL,1,MEDIUM,2,0.77,0,4,16,5,0.312,2,344,7.319,0,47,89.7,59.15,69.73,synthetic,1.0.0,42
synth-task-00517,SYN-ENGG-0517,synth-asset-ENGG-779,NDLS-CNB,DEEP_SCREENING,ENGG,TRACK,2,0,1,15.0,1.983,440.5,1,1,4.09,0,HIGH,3,MAINTENANCE_REQUIRED,4,HIGH,3,11.0,0,4,12,2,0.167,1,169,0.665,2,254,261.4,79.27,71.61,synthetic,1.0.0,42
synth-task-00518,SYN-SNT-0518,synth-asset-SNT-392,CSMT-KYN,TRACK_CIRCUIT_CHECK,SNT,TRACK_CIRCUIT,1,0,1,0.0,1.513,54.0,1,1,1.68,0,LOW,1,MAINTENANCE_REQUIRED,4,IMMEDIATE,4,1.11,0,5,16,5,0.312,1,145,2.014,6,72,50.8,78.12,81.59,synthetic,1.0.0,42
synth-task-00519,SYN-SNT-0519,synth-asset-SNT-185,NDLS-CNB,POINTS_TESTING,SNT,INTERLOCKING,1,0,1,0.0,1.607,440.5,1,1,5.28,0,HIGH,3,MAINTENANCE_REQUIRED,4,HIGH,3,9.0,0,5,14,5,0.357,1,160,1.633,6,98,107.2,81.41,80.51,synthetic,1.0.0,42
synth-task-00520,SYN-TRD-0520,synth-asset-TRD-166,MAS-GDR,INSULATOR_WASHING,TRD,OHE_INSULATOR,3,1,1,0.0,2.414,138.0,1,1,2.62,0,HIGH,3,OPERATIONAL,1,MEDIUM,2,3.53,0,3,12,5,0.417,3,702,5.278,6,133,98.8,45.27,79.56,synthetic,1.0.0,42
synth-task-00521,SYN-TRD-0521,synth-asset-TRD-195,MAS-GDR,CONTACT_WIRE_RENEWAL,TRD,OHE_LINE,3,1,1,30.0,3.213,138.0,1,1,4.02,0,MEDIUM,2,DEGRADED,3,MEDIUM,2,3.93,0,3,8,3,0.375,2,326,1.336,3,244,303.2,57.2,76.9,synthetic,1.0.0,42
synth-task-00522,SYN-SNT-0522,synth-asset-SNT-324,HWH-DDU,SIGNAL_ASPECT_ALIGNMENT,SNT,SIGNAL,2,0,0,0.0,0.8,675.0,1,1,0.83,0,HIGH,3,MAINTENANCE_REQUIRED,4,IMMEDIATE,4,12.99,0,4,13,1,0.077,3,654,8.494,0,77,30.0,79.89,41.84,synthetic,1.0.0,42
synth-task-00523,SYN-ENGG-0523,synth-asset-ENGG-777,CSMT-KYN,RAIL_FRACTURE_REPAIR,ENGG,TRACK,1,0,1,50.0,2.754,54.0,1,1,4.06,0,CRITICAL,4,FAILED,5,IMMEDIATE,4,-1.55,1,5,16,5,0.312,3,444,3.964,6,112,125.4,100.0,89.79,synthetic,1.0.0,42
synth-task-00524,SYN-ENGG-0524,synth-asset-ENGG-808,CSMT-KYN,DEEP_SCREENING,ENGG,TRACK,3,0,1,50.0,3.389,54.0,1,1,4.11,1,LOW,1,UNDER_MAINTENANCE,2,MEDIUM,2,7.27,0,3,20,7,0.35,1,205,0.768,8,267,327.6,38.64,100.0,synthetic,1.0.0,42
synth-task-00525,SYN-TRD-0525,synth-asset-TRD-697,CSMT-KYN,SUBSTATION_MAINTENANCE,TRD,TRACTION_SUBSTATION,1,1,0,0.0,1.569,54.0,1,1,2.18,0,CRITICAL,4,DEGRADED,3,MEDIUM,2,8.53,0,5,21,1,0.048,1,131,0.693,0,189,174.0,78.37,54.28,synthetic,1.0.0,42
synth-task-00526,SYN-SNT-0526,synth-asset-SNT-131,MAS-GDR,POINTS_TESTING,SNT,INTERLOCKING,2,0,1,0.0,1.487,138.0,1,1,5.33,0,HIGH,3,MAINTENANCE_REQUIRED,4,HIGH,3,-5.42,1,4,9,4,0.444,1,188,1.843,4,102,112.2,82.18,67.03,synthetic,1.0.0,42
synth-task-00527,SYN-ENGG-0527,synth-asset-ENGG-113,NDLS-CNB,TURNOUT_PACKING,ENGG,TURNOUT,3,0,1,0.0,2.104,440.5,1,1,3.18,1,MEDIUM,2,DEGRADED,3,HIGH,3,6.71,0,3,14,4,0.286,2,274,2.175,5,126,130.7,56.78,88.78,synthetic,1.0.0,42
synth-task-00528,SYN-SNT-0528,synth-asset-SNT-637,MAS-GDR,POINTS_TESTING,SNT,INTERLOCKING,2,0,1,0.0,1.501,138.0,1,1,5.91,0,CRITICAL,4,DEGRADED,3,HIGH,3,2.2,0,4,8,1,0.125,3,363,2.951,1,123,108.9,74.06,56.02,synthetic,1.0.0,42
synth-task-00529,SYN-ENGG-0529,synth-asset-ENGG-292,CSMT-KYN,RAIL_FRACTURE_REPAIR,ENGG,TRACK,1,0,1,20.0,1.942,54.0,1,1,2.53,0,CRITICAL,4,FAILED,5,IMMEDIATE,4,-1.29,1,5,17,9,0.529,2,244,2.302,9,106,50.5,100.0,77.62,synthetic,1.0.0,42
synth-task-00530,SYN-ENGG-0530,synth-asset-ENGG-812,CSMT-KYN,TURNOUT_PACKING,ENGG,TURNOUT,2,0,1,15.0,2.069,54.0,1,1,2.68,0,HIGH,3,MAINTENANCE_REQUIRED,4,HIGH,3,2.68,0,4,17,9,0.529,3,396,2.769,10,143,134.3,80.51,93.21,synthetic,1.0.0,42
synth-task-00531,SYN-ENGG-0531,synth-asset-ENGG-906,MAS-GDR,RAIL_GRINDING,ENGG,TRACK,2,0,1,0.0,1.678,138.0,1,1,1.21,0,MEDIUM,2,MAINTENANCE_REQUIRED,4,HIGH,3,-1.99,1,4,12,1,0.083,2,478,2.017,1,237,182.8,80.1,67.37,synthetic,1.0.0,42
synth-task-00532,SYN-SNT-0532,synth-asset-SNT-255,MAS-GDR,POINTS_TESTING,SNT,INTERLOCKING,4,0,1,0.0,1.541,138.0,1,1,2.33,0,HIGH,3,DEGRADED,3,LOW,1,0.81,0,2,7,3,0.429,3,507,5.633,3,90,92.6,50.65,67.44,synthetic,1.0.0,42
synth-task-00533,SYN-TRD-0533,synth-asset-TRD-252,HWH-DDU,INSULATOR_WASHING,TRD,OHE_INSULATOR,3,1,1,0.0,3.072,675.0,1,1,0.89,1,HIGH,3,OPERATIONAL,1,LOW,1,7.58,0,3,11,5,0.455,2,314,2.661,6,118,73.3,44.62,70.67,synthetic,1.0.0,42
synth-task-00534,SYN-SNT-0534,synth-asset-SNT-669,NDLS-CNB,TRACK_CIRCUIT_CHECK,SNT,TRACK_CIRCUIT,4,0,1,0.0,1.687,440.5,1,1,1.23,0,MEDIUM,2,UNDER_MAINTENANCE,2,MEDIUM,2,7.21,0,2,13,5,0.385,3,396,5.013,6,79,30.0,45.24,75.3,synthetic,1.0.0,42
synth-task-00535,SYN-ENGG-0535,synth-asset-ENGG-493,MAS-GDR,RAIL_FRACTURE_REPAIR,ENGG,TRACK,1,0,1,30.0,2.892,138.0,1,1,5.65,1,CRITICAL,4,FAILED,5,IMMEDIATE,4,-0.7,1,5,12,1,0.083,1,212,1.643,1,129,82.3,100.0,48.63,synthetic,1.0.0,42
synth-task-00536,SYN-ENGG-0536,synth-asset-ENGG-954,HWH-DDU,TURNOUT_PACKING,ENGG,TURNOUT,3,0,1,50.0,2.813,675.0,1,1,5.69,0,HIGH,3,DEGRADED,3,HIGH,3,2.21,0,3,9,1,0.111,1,156,1.047,1,149,186.8,67.12,58.42,synthetic,1.0.0,42
synth-task-00537,SYN-SNT-0537,synth-asset-SNT-107,MAS-GDR,POINTS_TESTING,SNT,INTERLOCKING,2,0,1,0.0,1.621,138.0,1,1,1.66,0,HIGH,3,UNDER_MAINTENANCE,2,HIGH,3,4.84,0,4,12,1,0.083,3,546,5.571,2,98,98.2,66.8,53.76,synthetic,1.0.0,42
synth-task-00538,SYN-TRD-0538,synth-asset-TRD-234,NDLS-CNB,CONTACT_WIRE_RENEWAL,TRD,OHE_LINE,2,1,1,15.0,2.921,440.5,1,1,2.37,0,HIGH,3,UNDER_MAINTENANCE,2,MEDIUM,2,5.56,0,4,11,3,0.273,2,240,0.972,3,247,245.1,60.64,77.82,synthetic,1.0.0,42
synth-task-00539,SYN-SNT-0539,synth-asset-SNT-409,NDLS-CNB,INTERLOCKING_LOGIC_TEST,SNT,INTERLOCKING,2,0,1,0.0,1.606,440.5,1,1,1.71,0,MEDIUM,2,MAINTENANCE_REQUIRED,4,IMMEDIATE,4,-2.79,1,4,10,5,0.5,1,153,1.142,5,134,139.0,89.89,80.16,synthetic,1.0.0,42
synth-task-00540,SYN-ENGG-0540,synth-asset-ENGG-730,NDLS-CNB,TRACK_TAMPING,ENGG,TRACK,2,0,1,50.0,2.65,440.5,1,1,3.09,0,CRITICAL,4,OPERATIONAL,1,HIGH,3,-2.51,1,4,16,7,0.438,1,170,0.776,8,219,231.5,75.25,91.8,synthetic,1.0.0,42
synth-task-00541,SYN-ENGG-0541,synth-asset-ENGG-646,MAS-GDR,RAIL_GRINDING,ENGG,TRACK,2,0,1,30.0,2.361,138.0,1,1,3.61,0,MEDIUM,2,DEGRADED,3,HIGH,3,11.34,0,4,8,1,0.125,3,579,2.316,2,250,250.5,59.74,59.15,synthetic,1.0.0,42
synth-task-00542,SYN-ENGG-0542,synth-asset-ENGG-403,NDLS-CNB,TRACK_TAMPING,ENGG,TRACK,2,0,1,20.0,2.483,440.5,1,1,2.34,1,HIGH,3,UNDER_MAINTENANCE,2,LOW,1,5.91,0,4,16,3,0.188,2,240,1.081,4,222,173.4,55.31,82.48,synthetic,1.0.0,42
synth-task-00543,SYN-ENGG-0543,synth-asset-ENGG-159,MAS-GDR,RAIL_GRINDING,ENGG,TRACK,4,0,1,0.0,2.173,138.0,1,1,5.9,1,MEDIUM,2,DEGRADED,3,MEDIUM,2,5.57,0,2,11,5,0.455,2,440,1.956,5,225,217.9,48.86,86.96,synthetic,1.0.0,42
synth-task-00544,SYN-ENGG-0544,synth-asset-ENGG-858,NDLS-CNB,TURNOUT_PACKING,ENGG,TURNOUT,2,0,1,0.0,1.656,440.5,1,1,4.33,0,HIGH,3,DEGRADED,3,MEDIUM,2,6.83,0,4,11,1,0.091,3,714,5.409,1,132,148.9,59.73,56.77,synthetic,1.0.0,42
synth-task-00545,SYN-TRD-0545,synth-asset-TRD-320,HWH-DDU,OHE_INSPECTION,TRD,OHE_LINE,2,1,1,0.0,2.492,675.0,1,1,1.19,0,MEDIUM,2,UNDER_MAINTENANCE,2,MEDIUM,2,10.48,0,4,13,3,0.231,1,189,1.602,4,118,106.8,50.31,72.31,synthetic,1.0.0,42
synth-task-00546,SYN-SNT-0546,synth-asset-SNT-475,HWH-DDU,INTERLOCKING_LOGIC_TEST,SNT,INTERLOCKING,3,0,1,0.0,1.44,675.0,1,1,4.37,0,HIGH,3,FAILED,5,HIGH,3,-1.14,1,3,9,2,0.222,1,181,1.56,2,116,158.9,89.89,59.27,synthetic,1.0.0,42
synth-task-00547,SYN-ENGG-0547,synth-asset-ENGG-789,MAS-GDR,TURNOUT_PACKING,ENGG,TURNOUT,2,0,1,45.0,2.792,138.0,1,1,2.54,0,MEDIUM,2,DEGRADED,3,MEDIUM,2,13.07,0,4,6,2,0.333,2,400,2.92,3,137,122.9,58.37,46.22,synthetic,1.0.0,42
synth-task-00548,SYN-TRD-0548,synth-asset-TRD-801,NDLS-CNB,OHE_INSPECTION,TRD,OHE_LINE,3,1,1,0.0,2.508,440.5,1,1,3.61,0,HIGH,3,OPERATIONAL,1,MEDIUM,2,6.87,0,3,11,3,0.273,3,630,4.2,3,150,122.9,48.15,64.44,synthetic,1.0.0,42
synth-task-00549,SYN-ENGG-0549,synth-asset-ENGG-113,CSMT-KYN,DEEP_SCREENING,ENGG,TRACK,1,0,1,20.0,2.196,54.0,1,1,3.24,0,CRITICAL,4,MAINTENANCE_REQUIRED,4,IMMEDIATE,4,-1.65,1,5,22,7,0.318,2,300,1.141,8,263,286.4,100.0,100.0,synthetic,1.0.0,42
synth-task-00550,SYN-TRD-0550,synth-asset-TRD-909,MAS-GDR,INSULATOR_WASHING,TRD,OHE_INSULATOR,2,1,1,0.0,2.443,138.0,1,1,3.81,0,MEDIUM,2,MAINTENANCE_REQUIRED,4,MEDIUM,2,9.23,0,4,9,2,0.222,1,126,1.068,3,118,121.7,62.29,55.63,synthetic,1.0.0,42
synth-task-00551,SYN-SNT-0551,synth-asset-SNT-175,CSMT-KYN,SIGNAL_ASPECT_ALIGNMENT,SNT,SIGNAL,2,0,0,0.0,0.8,54.0,1,1,4.8,0,HIGH,3,DEGRADED,3,MEDIUM,2,7.5,0,4,17,3,0.176,2,470,5.802,0,81,55.1,63.84,56.06,synthetic,1.0.0,42
synth-task-00552,SYN-ENGG-0552,synth-asset-ENGG-149,CSMT-KYN,TRACK_TAMPING,ENGG,TRACK,3,0,1,50.0,2.885,54.0,1,1,1.11,0,MEDIUM,2,DEGRADED,3,HIGH,3,7.17,0,3,20,9,0.45,1,183,0.989,10,185,192.0,62.83,99.05,synthetic,1.0.0,42
synth-task-00553,SYN-ENGG-0553,synth-asset-ENGG-573,HWH-DDU,TRACK_TAMPING,ENGG,TRACK,1,0,1,50.0,2.904,675.0,1,1,0.7,0,CRITICAL,4,MAINTENANCE_REQUIRED,4,IMMEDIATE,4,-1.55,1,5,8,1,0.125,1,164,0.792,2,207,209.2,100.0,58.5,synthetic,1.0.0,42
synth-task-00554,SYN-SNT-0554,synth-asset-SNT-160,MAS-GDR,INTERLOCKING_LOGIC_TEST,SNT,INTERLOCKING,1,0,1,0.0,2.159,138.0,1,1,1.88,1,CRITICAL,4,DEGRADED,3,HIGH,3,8.24,0,5,5,2,0.4,3,660,4.615,3,143,147.4,82.55,49.43,synthetic,1.0.0,42
synth-task-00555,SYN-TRD-0555,synth-asset-TRD-909,MAS-GDR,INSULATOR_WASHING,TRD,OHE_INSULATOR,3,1,1,0.0,2.978,138.0,1,1,4.05,1,CRITICAL,4,DEGRADED,3,IMMEDIATE,4,-5.25,1,3,10,3,0.3,1,234,2.108,4,111,146.1,93.03,69.19,synthetic,1.0.0,42
synth-task-00556,SYN-TRD-0556,synth-asset-TRD-466,MAS-GDR,SUBSTATION_MAINTENANCE,TRD,TRACTION_SUBSTATION,2,1,0,0.0,1.585,138.0,1,1,1.44,0,MEDIUM,2,UNDER_MAINTENANCE,2,MEDIUM,2,11.06,0,4,5,2,0.4,2,426,2.099,0,203,170.6,51.4,43.18,synthetic,1.0.0,42
synth-task-00557,SYN-SNT-0557,synth-asset-SNT-409,HWH-DDU,TRACK_CIRCUIT_CHECK,SNT,TRACK_CIRCUIT,5,0,1,0.0,2.406,675.0,1,1,4.62,2,MEDIUM,2,DEGRADED,3,MEDIUM,2,1.98,0,1,12,4,0.333,1,203,2.256,5,90,64.6,48.68,72.25,synthetic,1.0.0,42
synth-task-00558,SYN-TRD-0558,synth-asset-TRD-292,NDLS-CNB,SUBSTATION_MAINTENANCE,TRD,TRACTION_SUBSTATION,2,1,0,0.0,2.542,440.5,1,1,5.59,2,MEDIUM,2,MAINTENANCE_REQUIRED,4,IMMEDIATE,4,5.82,0,4,9,3,0.333,2,366,1.839,0,199,195.0,78.95,53.69,synthetic,1.0.0,42
synth-task-00559,SYN-ENGG-0559,synth-asset-ENGG-339,CSMT-KYN,RAIL_FRACTURE_REPAIR,ENGG,TRACK,1,0,1,50.0,3.306,54.0,1,1,2.35,1,CRITICAL,4,FAILED,5,IMMEDIATE,4,-0.38,1,5,22,9,0.409,1,201,1.689,10,119,126.4,100.0,94.33,synthetic,1.0.0,42
synth-task-00560,SYN-SNT-0560,synth-asset-SNT-675,MAS-GDR,SIGNAL_ASPECT_ALIGNMENT,SNT,SIGNAL,2,0,0,0.0,0.8,138.0,1,1,5.0,0,HIGH,3,UNDER_MAINTENANCE,2,MEDIUM,2,6.11,0,4,9,2,0.222,2,424,5.436,0,78,50.4,64.03,32.29,synthetic,1.0.0,42
synth-task-00561,SYN-SNT-0561,synth-asset-SNT-958,NDLS-CNB,TRACK_CIRCUIT_CHECK,SNT,TRACK_CIRCUIT,2,0,1,0.0,1.641,440.5,1,1,2.86,0,HIGH,3,DEGRADED,3,MEDIUM,2,10.37,0,4,8,2,0.25,3,477,6.718,3,71,80.8,70.12,46.1,synthetic,1.0.0,42
synth-task-00562,SYN-TRD-0562,synth-asset-TRD-722,MAS-GDR,INSULATOR_WASHING,TRD,OHE_INSULATOR,3,1,1,0.0,2.443,138.0,1,1,5.34,0,HIGH,3,DEGRADED,3,MEDIUM,2,-1.63,1,3,11,5,0.455,2,406,3.441,5,118,91.4,73.98,69.86,synthetic,1.0.0,42
synth-task-00563,SYN-ENGG-0563,synth-asset-ENGG-806,NDLS-CNB,RAIL_GRINDING,ENGG,TRACK,5,0,1,50.0,2.947,440.5,1,1,2.14,0,MEDIUM,2,DEGRADED,3,HIGH,3,7.9,0,1,16,3,0.188,3,609,2.614,4,233,255.7,53.46,87.78,synthetic,1.0.0,42
synth-task-00564,SYN-TRD-0564,synth-asset-TRD-955,MAS-GDR,CONTACT_WIRE_RENEWAL,TRD,OHE_LINE,2,1,1,15.0,3.52,138.0,1,1,2.94,1,HIGH,3,MAINTENANCE_REQUIRED,4,IMMEDIATE,4,-3.85,1,4,6,1,0.167,2,386,1.716,1,225,239.3,92.77,48.76,synthetic,1.0.0,42
synth-task-00565,SYN-ENGG-0565,synth-asset-ENGG-536,CSMT-KYN,RAIL_FRACTURE_REPAIR,ENGG,TRACK,1,0,1,15.0,2.014,54.0,1,1,1.58,0,CRITICAL,4,FAILED,5,IMMEDIATE,4,-1.41,1,5,14,6,0.429,2,466,3.758,6,124,94.4,100.0,83.52,synthetic,1.0.0,42
synth-task-00566,SYN-TRD-0566,synth-asset-TRD-199,CSMT-KYN,CONTACT_WIRE_RENEWAL,TRD,OHE_LINE,5,1,1,0.0,3.059,54.0,1,1,4.34,1,MEDIUM,2,OPERATIONAL,1,MEDIUM,2,7.39,0,1,14,1,0.071,3,438,1.84,2,238,280.4,37.87,72.93,synthetic,1.0.0,42
synth-task-00567,SYN-TRD-0567,synth-asset-TRD-652,NDLS-CNB,INSULATOR_WASHING,TRD,OHE_INSULATOR,3,1,1,0.0,2.454,440.5,1,1,4.18,0,LOW,1,DEGRADED,3,MEDIUM,2,11.71,0,3,15,4,0.267,2,358,3.034,4,118,112.0,48.45,78.43,synthetic,1.0.0,42
synth-task-00568,SYN-SNT-0568,synth-asset-SNT-985,NDLS-CNB,POINTS_TESTING,SNT,INTERLOCKING,3,0,1,0.0,1.451,440.5,1,1,0.69,0,LOW,1,OPERATIONAL,1,MEDIUM,2,12.6,0,3,12,4,0.333,2,248,2.667,5,93,87.9,40.13,76.17,synthetic,1.0.0,42
synth-task-00569,SYN-SNT-0569,synth-asset-SNT-712,MAS-GDR,AXLE_COUNTER_OVERHAUL,SNT,AXLE_COUNTER,3,0,0,0.0,1.408,138.0,1,1,4.84,2,MEDIUM,2,OPERATIONAL,1,MEDIUM,2,6.23,0,3,8,1,0.125,1,157,1.826,0,86,92.8,43.56,37.56,synthetic,1.0.0,42
synth-task-00570,SYN-SNT-0570,synth-asset-SNT-371,CSMT-KYN,INTERLOCKING_LOGIC_TEST,SNT,INTERLOCKING,1,0,1,0.0,2.606,54.0,1,1,1.52,2,MEDIUM,2,MAINTENANCE_REQUIRED,4,HIGH,3,6.3,0,5,20,9,0.45,1,215,1.424,9,151,142.8,77.26,89.98,synthetic,1.0.0,42
synth-task-00571,SYN-TRD-0571,synth-asset-TRD-943,NDLS-CNB,CANTILEVER_ADJUSTMENT,TRD,OHE_MAST,5,1,1,0.0,3.039,440.5,1,1,3.17,1,HIGH,3,DEGRADED,3,MEDIUM,2,10.46,0,1,8,1,0.125,1,123,0.715,1,172,161.4,52.92,56.26,synthetic,1.0.0,42
synth-task-00572,SYN-SNT-0572,synth-asset-SNT-941,NDLS-CNB,POINTS_TESTING,SNT,INTERLOCKING,1,0,1,0.0,1.66,440.5,1,1,5.67,0,HIGH,3,MAINTENANCE_REQUIRED,4,HIGH,3,8.39,0,5,8,1,0.125,2,310,2.627,2,118,102.6,76.85,47.56,synthetic,1.0.0,42
synth-task-00573,SYN-ENGG-0573,synth-asset-ENGG-224,NDLS-CNB,DEEP_SCREENING,ENGG,TRACK,1,0,1,45.0,3.132,440.5,1,1,1.96,1,CRITICAL,4,OPERATIONAL,1,IMMEDIATE,4,9.26,0,5,14,5,0.357,3,471,1.641,6,287,298.0,75.53,93.4,synthetic,1.0.0,42
synth-task-00574,SYN-SNT-0574,synth-asset-SNT-818,HWH-DDU,TRACK_CIRCUIT_CHECK,SNT,TRACK_CIRCUIT,3,0,1,20.0,1.937,675.0,1,1,4.41,0,MEDIUM,2,UNDER_MAINTENANCE,2,MEDIUM,2,3.39,0,3,11,5,0.455,3,612,8.743,6,70,64.7,50.33,74.5,synthetic,1.0.0,42
synth-task-00575,SYN-SNT-0575,synth-asset-SNT-146,NDLS-CNB,TRACK_CIRCUIT_CHECK,SNT,TRACK_CIRCUIT,4,0,1,0.0,1.606,440.5,1,1,3.97,0,HIGH,3,UNDER_MAINTENANCE,2,MEDIUM,2,3.31,0,2,11,3,0.273,3,456,5.561,3,82,41.6,48.48,65.88,synthetic,1.0.0,42
synth-task-00576,SYN-TRD-0576,synth-asset-TRD-568,MAS-GDR,OHE_INSPECTION,TRD,OHE_LINE,2,1,1,0.0,3.47,138.0,1,1,3.6,3,HIGH,3,DEGRADED,3,LOW,1,10.86,0,4,10,5,0.5,2,454,3.314,5,137,212.7,59.05,80.13,synthetic,1.0.0,42
synth-task-00577,SYN-ENGG-0577,synth-asset-ENGG-159,CSMT-KYN,RAIL_GRINDING,ENGG,TRACK,1,0,1,0.0,1.689,54.0,1,1,4.26,0,MEDIUM,2,MAINTENANCE_REQUIRED,4,IMMEDIATE,4,4.72,0,5,21,5,0.238,2,354,1.779,5,199,221.3,80.72,96.35,synthetic,1.0.0,42
synth-task-00578,SYN-SNT-0578,synth-asset-SNT-365,MAS-GDR,INTERLOCKING_LOGIC_TEST,SNT,INTERLOCKING,4,0,1,0.0,1.68,138.0,1,1,4.09,0,HIGH,3,OPERATIONAL,1,MEDIUM,2,7.61,0,2,11,4,0.364,1,206,1.373,5,150,121.1,41.42,74.56,synthetic,1.0.0,42
synth-task-00579,SYN-ENGG-0579,synth-asset-ENGG-975,HWH-DDU,RAIL_FRACTURE_REPAIR,ENGG,TRACK,1,0,1,45.0,3.142,675.0,1,1,3.28,1,CRITICAL,4,FAILED,5,IMMEDIATE,4,-1.75,1,5,13,6,0.462,3,585,4.835,7,121,125.4,100.0,88.86,synthetic,1.0.0,42
synth-task-00580,SYN-SNT-0580,synth-asset-SNT-950,HWH-DDU,SIGNAL_ASPECT_ALIGNMENT,SNT,SIGNAL,1,0,0,0.0,1.539,675.0,1,1,5.0,2,HIGH,3,MAINTENANCE_REQUIRED,4,MEDIUM,2,-0.63,1,5,14,7,0.5,3,393,6.141,0,64,46.9,88.23,70.86,synthetic,1.0.0,42
synth-task-00581,SYN-TRD-0581,synth-asset-TRD-162,NDLS-CNB,CANTILEVER_ADJUSTMENT,TRD,OHE_MAST,4,1,1,0.0,2.683,440.5,1,1,3.32,0,HIGH,3,DEGRADED,3,MEDIUM,2,-4.24,1,2,14,3,0.214,2,342,1.839,3,186,199.3,68.5,76.23,synthetic,1.0.0,42
synth-task-00582,SYN-ENGG-0582,synth-asset-ENGG-414,HWH-DDU,RAIL_GRINDING,ENGG,TRACK,3,0,1,15.0,2.31,675.0,1,1,1.72,1,HIGH,3,OPERATIONAL,1,LOW,1,8.07,0,3,10,1,0.1,2,442,2.037,2,217,225.0,42.45,64.63,synthetic,1.0.0,42
synth-task-00583,SYN-ENGG-0583,synth-asset-ENGG-739,NDLS-CNB,RAIL_FRACTURE_REPAIR,ENGG,TRACK,1,0,1,20.0,2.642,440.5,1,1,1.16,1,CRITICAL,4,FAILED,5,IMMEDIATE,4,-0.71,1,5,16,7,0.438,2,248,2.455,8,101,130.2,100.0,93.24,synthetic,1.0.0,42
synth-task-00584,SYN-SNT-0584,synth-asset-SNT-868,MAS-GDR,TRACK_CIRCUIT_CHECK,SNT,TRACK_CIRCUIT,3,0,1,0.0,1.529,138.0,1,1,4.27,0,LOW,1,OPERATIONAL,1,LOW,1,0.78,0,3,9,4,0.444,3,486,5.226,4,93,63.2,30.99,66.53,synthetic,1.0.0,42
synth-task-00585,SYN-TRD-0585,synth-asset-TRD-306,CSMT-KYN,CANTILEVER_ADJUSTMENT,TRD,OHE_MAST,3,1,1,0.0,2.654,54.0,1,1,3.54,0,HIGH,3,OPERATIONAL,1,MEDIUM,2,11.36,0,3,24,11,0.458,3,597,3.827,11,156,180.2,49.44,100.0,synthetic,1.0.0,42
synth-task-00586,SYN-ENGG-0586,synth-asset-ENGG-462,MAS-GDR,TURNOUT_PACKING,ENGG,TURNOUT,1,0,1,0.0,1.681,138.0,1,1,1.91,0,HIGH,3,MAINTENANCE_REQUIRED,4,HIGH,3,3.49,0,5,7,1,0.143,2,318,2.271,2,140,112.0,81.07,55.89,synthetic,1.0.0,42
synth-task-00587,SYN-TRD-0587,synth-asset-TRD-701,NDLS-CNB,CONTACT_WIRE_RENEWAL,TRD,OHE_LINE,2,1,1,0.0,2.556,440.5,1,1,0.96,0,MEDIUM,2,MAINTENANCE_REQUIRED,4,HIGH,3,10.07,0,4,10,1,0.1,1,225,0.983,2,229,221.9,67.98,60.26,synthetic,1.0.0,42
synth-task-00588,SYN-ENGG-0588,synth-asset-ENGG-184,CSMT-KYN,RAIL_FRACTURE_REPAIR,ENGG,TRACK,1,0,1,45.0,2.541,54.0,1,1,4.99,0,CRITICAL,4,FAILED,5,IMMEDIATE,4,-0.66,1,5,19,2,0.105,3,513,3.857,3,133,97.2,100.0,62.91,synthetic,1.0.0,42
synth-task-00589,SYN-TRD-0589,synth-asset-TRD-909,NDLS-CNB,OHE_INSPECTION,TRD,OHE_LINE,2,1,1,0.0,2.516,440.5,1,1,2.49,0,CRITICAL,4,DEGRADED,3,HIGH,3,2.74,0,4,16,3,0.188,1,173,1.169,4,148,124.7,81.32,82.57,synthetic,1.0.0,42
synth-task-00590,SYN-ENGG-0590,synth-asset-ENGG-426,NDLS-CNB,RAIL_FRACTURE_REPAIR,ENGG,TRACK,1,0,1,15.0,1.847,440.5,1,1,4.85,0,CRITICAL,4,FAILED,5,IMMEDIATE,4,-1.43,1,5,10,3,0.3,1,148,1.423,4,104,92.0,100.0,64.18,synthetic,1.0.0,42
synth-task-00591,SYN-ENGG-0591,synth-asset-ENGG-280,HWH-DDU,DEEP_SCREENING,ENGG,TRACK,1,0,1,20.0,2.443,675.0,1,1,0.64,1,CRITICAL,4,UNDER_MAINTENANCE,2,IMMEDIATE,4,-6.04,1,5,9,1,0.111,2,294,1.109,2,265,246.8,91.22,63.04,synthetic,1.0.0,42
synth-task-00592,SYN-ENGG-0592,synth-asset-ENGG-846,CSMT-KYN,TRACK_TAMPING,ENGG,TRACK,2,0,1,15.0,2.023,54.0,1,1,5.62,0,CRITICAL,4,DEGRADED,3,MEDIUM,2,-6.5,1,4,21,4,0.19,3,690,3.224,5,214,185.8,81.12,89.76,synthetic,1.0.0,42
synth-task-00593,SYN-TRD-0593,synth-asset-TRD-149,CSMT-KYN,INSULATOR_WASHING,TRD,OHE_INSULATOR,2,1,1,0.0,2.659,54.0,1,1,3.91,0,HIGH,3,MAINTENANCE_REQUIRED,4,MEDIUM,2,5.27,0,4,20,1,0.05,2,380,3.551,1,107,82.1,71.5,55.73,synthetic,1.0.0,42
synth-task-00594,SYN-ENGG-0594,synth-asset-ENGG-380,NDLS-CNB,TURNOUT_PACKING,ENGG,TURNOUT,2,0,1,15.0,2.475,440.5,1,1,1.16,1,CRITICAL,4,MAINTENANCE_REQUIRED,4,IMMEDIATE,4,-1.4,1,4,16,2,0.125,1,193,1.359,3,142,151.6,98.08,78.22,synthetic,1.0.0,42
synth-task-00595,SYN-ENGG-0595,synth-asset-ENGG-322,HWH-DDU,RAIL_FRACTURE_REPAIR,ENGG,TRACK,1,0,1,50.0,2.673,675.0,1,1,4.07,0,CRITICAL,4,FAILED,5,IMMEDIATE,4,-1.04,1,5,12,1,0.083,1,160,1.404,1,114,91.0,100.0,63.38,synthetic,1.0.0,42
synth-task-00596,SYN-TRD-0596,synth-asset-TRD-926,NDLS-CNB,CONTACT_WIRE_RENEWAL,TRD,OHE_LINE,4,1,1,0.0,3.032,440.5,1,1,3.75,1,MEDIUM,2,UNDER_MAINTENANCE,2,HIGH,3,7.26,0,2,8,2,0.25,2,458,2.009,3,228,295.6,56.87,65.99,synthetic,1.0.0,42
synth-task-00597,SYN-SNT-0597,synth-asset-SNT-301,CSMT-KYN,POINTS_TESTING,SNT,INTERLOCKING,1,0,1,0.0,1.415,54.0,1,1,3.11,0,HIGH,3,MAINTENANCE_REQUIRED,4,HIGH,3,12.36,0,5,22,6,0.273,2,252,2.25,6,112,95.4,78.86,86.33,synthetic,1.0.0,42
synth-task-00598,SYN-ENGG-0598,synth-asset-ENGG-875,NDLS-CNB,RAIL_GRINDING,ENGG,TRACK,1,0,1,20.0,2.919,440.5,1,1,1.62,2,CRITICAL,4,DEGRADED,3,IMMEDIATE,4,1.74,0,5,10,4,0.4,2,360,1.572,5,229,259.9,86.63,84.98,synthetic,1.0.0,42
synth-task-00599,SYN-ENGG-0599,synth-asset-ENGG-863,MAS-GDR,TURNOUT_PACKING,ENGG,TURNOUT,4,0,1,0.0,1.565,138.0,1,1,1.4,0,MEDIUM,2,DEGRADED,3,MEDIUM,2,9.17,0,2,6,2,0.333,2,476,3.424,3,139,122.8,49.37,51.71,synthetic,1.0.0,42
synth-task-00600,SYN-ENGG-0600,synth-asset-ENGG-489,MAS-GDR,RAIL_FRACTURE_REPAIR,ENGG,TRACK,1,0,1,50.0,2.703,138.0,1,1,3.58,0,CRITICAL,4,FAILED,5,IMMEDIATE,4,-1.79,1,5,8,3,0.375,1,136,1.143,3,119,121.8,100.0,62.65,synthetic,1.0.0,42
synth-task-00601,SYN-SNT-0601,synth-asset-SNT-526,HWH-DDU,SIGNAL_ASPECT_ALIGNMENT,SNT,SIGNAL,5,0,0,0.0,0.8,675.0,1,1,4.31,0,LOW,1,OPERATIONAL,1,MEDIUM,2,6.1,0,1,13,1,0.077,1,188,6.065,0,31,101.6,29.3,45.67,synthetic,1.0.0,42
synth-task-00602,SYN-ENGG-0602,synth-asset-ENGG-566,CSMT-KYN,TRACK_TAMPING,ENGG,TRACK,1,0,1,20.0,2.121,54.0,1,1,3.34,0,HIGH,3,MAINTENANCE_REQUIRED,4,MEDIUM,2,1.05,0,5,18,2,0.111,1,175,0.897,3,195,204.9,78.72,83.51,synthetic,1.0.0,42
synth-task-00603,SYN-SNT-0603,synth-asset-SNT-158,MAS-GDR,INTERLOCKING_LOGIC_TEST,SNT,INTERLOCKING,2,0,1,0.0,1.677,138.0,1,1,3.95,0,MEDIUM,2,MAINTENANCE_REQUIRED,4,HIGH,3,6.36,0,4,11,1,0.091,1,235,1.865,2,126,133.6,72.81,53.18,synthetic,1.0.0,42
synth-task-00604,SYN-SNT-0604,synth-asset-SNT-883,NDLS-CNB,AXLE_COUNTER_OVERHAUL,SNT,AXLE_COUNTER,1,0,0,0.0,0.8,440.5,1,1,3.43,0,CRITICAL,4,MAINTENANCE_REQUIRED,4,HIGH,3,5.05,0,5,11,3,0.273,3,612,7.846,0,78,64.5,92.74,42.55,synthetic,1.0.0,42
synth-task-00605,SYN-TRD-0605,synth-asset-TRD-599,HWH-DDU,OHE_INSPECTION,TRD,OHE_LINE,3,1,1,0.0,2.452,675.0,1,1,1.41,0,HIGH,3,DEGRADED,3,MEDIUM,2,3.04,0,3,6,1,0.167,1,129,0.822,1,157,139.0,56.44,49.04,synthetic,1.0.0,42
synth-task-00606,SYN-TRD-0606,synth-asset-TRD-862,MAS-GDR,INSULATOR_WASHING,TRD,OHE_INSULATOR,1,1,1,0.0,2.436,138.0,1,1,4.08,0,MEDIUM,2,MAINTENANCE_REQUIRED,4,HIGH,3,12.47,0,5,9,1,0.111,1,124,0.976,1,127,112.2,77.71,47.16,synthetic,1.0.0,42
synth-task-00607,SYN-TRD-0607,synth-asset-TRD-430,HWH-DDU,CANTILEVER_ADJUSTMENT,TRD,OHE_MAST,2,1,1,0.0,2.48,675.0,1,1,2.01,0,HIGH,3,MAINTENANCE_REQUIRED,4,IMMEDIATE,4,9.82,0,4,10,3,0.3,2,440,2.444,4,180,157.3,80.3,72.32,synthetic,1.0.0,42
synth-task-00608,SYN-TRD-0608,synth-asset-TRD-779,CSMT-KYN,OHE_INSPECTION,TRD,OHE_LINE,3,1,1,15.0,2.862,54.0,1,1,4.09,0,MEDIUM,2,OPERATIONAL,1,MEDIUM,2,10.72,0,3,19,4,0.211,2,404,2.557,4,158,162.4,45.92,84.58,synthetic,1.0.0,42
synth-task-00609,SYN-TRD-0609,synth-asset-TRD-860,NDLS-CNB,SUBSTATION_MAINTENANCE,TRD,TRACTION_SUBSTATION,5,1,0,0.0,1.437,440.5,1,1,3.93,0,HIGH,3,UNDER_MAINTENANCE,2,MEDIUM,2,3.65,0,1,15,1,0.067,3,678,3.39,0,200,183.9,48.65,50.03,synthetic,1.0.0,42
synth-task-00610,SYN-ENGG-0610,synth-asset-ENGG-966,HWH-DDU,TURNOUT_PACKING,ENGG,TURNOUT,3,0,1,0.0,1.556,675.0,1,1,3.35,0,MEDIUM,2,DEGRADED,3,LOW,1,0.55,0,3,14,7,0.5,3,576,4.431,7,130,86.2,50.8,80.87,synthetic,1.0.0,42
synth-task-00611,SYN-ENGG-0611,synth-asset-ENGG-147,HWH-DDU,TURNOUT_PACKING,ENGG,TURNOUT,2,0,1,0.0,1.521,675.0,1,1,3.63,0,MEDIUM,2,MAINTENANCE_REQUIRED,4,IMMEDIATE,4,-6.48,1,4,14,2,0.143,3,687,4.611,3,149,123.0,89.98,62.28,synthetic,1.0.0,42
synth-task-00612,SYN-ENGG-0612,synth-asset-ENGG-220,NDLS-CNB,TURNOUT_PACKING,ENGG,TURNOUT,1,0,1,30.0,2.903,440.5,1,1,4.94,1,HIGH,3,FAILED,5,HIGH,3,-2.93,1,5,13,3,0.231,2,306,2.125,3,144,135.1,96.97,68.35,synthetic,1.0.0,42
synth-task-00613,SYN-ENGG-0613,synth-asset-ENGG-274,MAS-GDR,DEEP_SCREENING,ENGG,TRACK,2,0,1,20.0,2.655,138.0,1,1,3.76,1,HIGH,3,DEGRADED,3,MEDIUM,2,6.66,0,4,12,5,0.417,3,417,1.473,5,283,295.2,57.32,84.64,synthetic,1.0.0,42
synth-task-00614,SYN-TRD-0614,synth-asset-TRD-387,MAS-GDR,INSULATOR_WASHING,TRD,OHE_INSULATOR,3,1,1,0.0,2.567,138.0,1,1,4.15,0,MEDIUM,2,DEGRADED,3,MEDIUM,2,13.62,0,3,5,2,0.4,3,567,6.032,2,94,85.7,55.65,53.33,synthetic,1.0.0,42
synth-task-00615,SYN-SNT-0615,synth-asset-SNT-352,MAS-GDR,TRACK_CIRCUIT_CHECK,SNT,TRACK_CIRCUIT,1,0,1,0.0,1.614,138.0,1,1,3.12,0,MEDIUM,2,MAINTENANCE_REQUIRED,4,IMMEDIATE,4,-5.69,1,5,8,3,0.375,1,160,2.025,4,79,46.7,91.41,50.09,synthetic,1.0.0,42
synth-task-00616,SYN-ENGG-0616,synth-asset-ENGG-545,CSMT-KYN,RAIL_FRACTURE_REPAIR,ENGG,TRACK,1,0,1,45.0,2.569,54.0,1,1,2.35,0,CRITICAL,4,FAILED,5,IMMEDIATE,4,-1.43,1,5,20,3,0.15,3,642,4.977,4,129,114.7,100.0,72.77,synthetic,1.0.0,42
synth-task-00617,SYN-TRD-0617,synth-asset-TRD-168,HWH-DDU,CANTILEVER_ADJUSTMENT,TRD,OHE_MAST,2,1,1,0.0,2.554,675.0,1,1,4.23,0,CRITICAL,4,MAINTENANCE_REQUIRED,4,HIGH,3,-2.1,1,4,7,3,0.429,1,236,1.475,4,160,173.8,87.14,61.3,synthetic,1.0.0,42
synth-task-00618,SYN-SNT-0618,synth-asset-SNT-794,NDLS-CNB,POINTS_TESTING,SNT,INTERLOCKING,3,0,1,0.0,1.527,440.5,1,1,5.09,0,MEDIUM,2,DEGRADED,3,MEDIUM,2,5.02,0,3,12,4,0.333,2,274,3.079,5,89,81.9,55.68,71.15,synthetic,1.0.0,42
synth-task-00619,SYN-SNT-0619,synth-asset-SNT-427,NDLS-CNB,TRACK_CIRCUIT_CHECK,SNT,TRACK_CIRCUIT,4,0,1,0.0,2.101,440.5,1,1,3.01,1,MEDIUM,2,DEGRADED,3,MEDIUM,2,3.41,0,2,11,2,0.182,1,233,2.841,3,82,72.5,49.32,54.98,synthetic,1.0.0,42
synth-task-00620,SYN-TRD-0620,synth-asset-TRD-836,MAS-GDR,INSULATOR_WASHING,TRD,OHE_INSULATOR,2,1,1,0.0,2.579,138.0,1,1,1.98,0,HIGH,3,UNDER_MAINTENANCE,2,MEDIUM,2,4.64,0,4,9,4,0.444,3,621,5.645,4,110,68.9,60.25,62.3,synthetic,1.0.0,42
synth-task-00621,SYN-SNT-0621,synth-asset-SNT-746,MAS-GDR,AXLE_COUNTER_OVERHAUL,SNT,AXLE_COUNTER,2,0,0,0.0,0.8,138.0,1,1,3.36,0,MEDIUM,2,DEGRADED,3,MEDIUM,2,5.24,0,4,10,5,0.5,3,672,9.081,0,74,60.4,65.23,52.01,synthetic,1.0.0,42
synth-task-00622,SYN-SNT-0622,synth-asset-SNT-839,NDLS-CNB,SIGNAL_ASPECT_ALIGNMENT,SNT,SIGNAL,4,0,0,0.0,0.8,440.5,1,1,0.79,0,MEDIUM,2,UNDER_MAINTENANCE,2,MEDIUM,2,13.52,0,2,13,1,0.077,1,220,3.056,0,72,30.3,38.86,34.68,synthetic,1.0.0,42
synth-task-00623,SYN-ENGG-0623,synth-asset-ENGG-703,NDLS-CNB,TURNOUT_PACKING,ENGG,TURNOUT,2,0,1,0.0,1.671,440.5,1,1,2.77,0,CRITICAL,4,MAINTENANCE_REQUIRED,4,IMMEDIATE,4,-6.21,1,4,14,5,0.357,3,564,4.441,6,127,100.1,96.68,82.55,synthetic,1.0.0,42
synth-task-00624,SYN-ENGG-0624,synth-asset-ENGG-303,NDLS-CNB,TURNOUT_PACKING,ENGG,TURNOUT,1,0,1,0.0,1.681,440.5,1,1,1.32,0,MEDIUM,2,MAINTENANCE_REQUIRED,4,HIGH,3,5.59,0,5,9,3,0.333,2,320,2.353,3,136,126.8,75.13,70.01,synthetic,1.0.0,42
synth-task-00625,SYN-TRD-0625,synth-asset-TRD-200,CSMT-KYN,CANTILEVER_ADJUSTMENT,TRD,OHE_MAST,2,1,1,15.0,2.967,54.0,1,1,4.35,0,MEDIUM,2,FAILED,5,IMMEDIATE,4,10.17,0,4,19,10,0.526,2,470,2.487,11,189,175.0,86.75,98.37,synthetic,1.0.0,42
synth-task-00626,SYN-ENGG-0626,synth-asset-ENGG-339,HWH-DDU,TURNOUT_PACKING,ENGG,TURNOUT,3,0,1,0.0,1.622,675.0,1,1,4.36,0,MEDIUM,2,UNDER_MAINTENANCE,2,MEDIUM,2,11.88,0,3,8,2,0.25,3,666,4.5,2,148,153.3,52.65,60.72,synthetic,1.0.0,42
synth-task-00627,SYN-ENGG-0627,synth-asset-ENGG-263,CSMT-KYN,RAIL_FRACTURE_REPAIR,ENGG,TRACK,1,0,1,15.0,2.51,54.0,1,1,2.29,1,CRITICAL,4,FAILED,5,IMMEDIATE,4,-0.69,1,5,14,5,0.357,3,462,4.667,6,99,94.0,100.0,78.7,synthetic,1.0.0,42
synth-task-00628,SYN-ENGG-0628,synth-asset-ENGG-393,MAS-GDR,TURNOUT_PACKING,ENGG,TURNOUT,2,0,1,45.0,2.715,138.0,1,1,5.58,0,LOW,1,FAILED,5,MEDIUM,2,6.61,0,4,11,3,0.273,2,438,2.92,4,150,160.0,63.52,70.36,synthetic,1.0.0,42
synth-task-00629,SYN-ENGG-0629,synth-asset-ENGG-805,HWH-DDU,DEEP_SCREENING,ENGG,TRACK,5,0,1,50.0,2.814,675.0,1,1,1.73,0,HIGH,3,DEGRADED,3,LOW,1,11.37,0,1,12,3,0.25,3,567,2.069,4,274,295.0,43.7,74.76,synthetic,1.0.0,42
synth-task-00630,SYN-SNT-0630,synth-asset-SNT-332,NDLS-CNB,TRACK_CIRCUIT_CHECK,SNT,TRACK_CIRCUIT,2,0,1,45.0,2.537,440.5,1,1,4.86,0,MEDIUM,2,FAILED,5,HIGH,3,13.32,0,4,12,5,0.417,1,226,2.093,5,108,55.5,78.53,73.99,synthetic,1.0.0,42
synth-task-00631,SYN-ENGG-0631,synth-asset-ENGG-100,HWH-DDU,RAIL_GRINDING,ENGG,TRACK,1,0,1,0.0,1.503,675.0,1,1,1.4,0,HIGH,3,MAINTENANCE_REQUIRED,4,MEDIUM,2,6.67,0,5,11,2,0.182,1,238,1.128,2,211,172.2,73.24,65.1,synthetic,1.0.0,42
synth-task-00632,SYN-TRD-0632,synth-asset-TRD-586,CSMT-KYN,OHE_INSPECTION,TRD,OHE_LINE,3,1,1,0.0,2.645,54.0,1,1,5.92,0,MEDIUM,2,UNDER_MAINTENANCE,2,LOW,1,9.93,0,3,23,12,0.522,3,702,5.318,13,132,123.1,41.69,85.9,synthetic,1.0.0,42
synth-task-00633,SYN-TRD-0633,synth-asset-TRD-820,CSMT-KYN,CONTACT_WIRE_RENEWAL,TRD,OHE_LINE,3,1,1,0.0,2.666,54.0,1,1,4.0,0,MEDIUM,2,DEGRADED,3,LOW,1,7.79,0,3,22,8,0.364,2,328,1.491,8,220,246.5,49.04,98.94,synthetic,1.0.0,42
synth-task-00634,SYN-SNT-0634,synth-asset-SNT-950,HWH-DDU,SIGNAL_ASPECT_ALIGNMENT,SNT,SIGNAL,2,0,0,0.0,0.8,675.0,1,1,0.96,0,MEDIUM,2,OPERATIONAL,1,LOW,1,3.3,0,4,9,1,0.111,2,334,4.985,0,67,30.0,40.94,23.87,synthetic,1.0.0,42
synth-task-00635,SYN-ENGG-0635,synth-asset-ENGG-521,CSMT-KYN,RAIL_FRACTURE_REPAIR,ENGG,TRACK,1,0,1,30.0,2.932,54.0,1,1,1.75,1,CRITICAL,4,FAILED,5,IMMEDIATE,4,-1.36,1,5,14,1,0.071,3,444,4.036,2,110,105.3,100.0,60.9,synthetic,1.0.0,42
synth-task-00636,SYN-SNT-0636,synth-asset-SNT-153,NDLS-CNB,AXLE_COUNTER_OVERHAUL,SNT,AXLE_COUNTER,3,0,0,0.0,0.8,440.5,1,1,2.15,0,LOW,1,MAINTENANCE_REQUIRED,4,HIGH,3,12.07,0,3,14,3,0.214,1,137,1.539,0,89,56.6,66.74,46.01,synthetic,1.0.0,42
synth-task-00637,SYN-ENGG-0637,synth-asset-ENGG-939,MAS-GDR,TURNOUT_PACKING,ENGG,TURNOUT,5,0,1,20.0,1.971,138.0,1,1,1.9,0,MEDIUM,2,OPERATIONAL,1,MEDIUM,2,12.56,0,1,12,4,0.333,1,180,1.161,4,155,170.9,37.24,82.05,synthetic,1.0.0,42
synth-task-00638,SYN-ENGG-0638,synth-asset-ENGG-880,NDLS-CNB,RAIL_GRINDING,ENGG,TRACK,3,0,1,30.0,2.334,440.5,1,1,4.11,0,HIGH,3,OPERATIONAL,1,MEDIUM,2,8.94,0,3,11,4,0.364,1,138,0.622,5,222,243.7,50.57,77.81,synthetic,1.0.0,42
synth-task-00639,SYN-ENGG-0639,synth-asset-ENGG-929,MAS-GDR,TURNOUT_PACKING,ENGG,TURNOUT,3,0,1,0.0,2.436,138.0,1,1,0.79,2,MEDIUM,2,UNDER_MAINTENANCE,2,MEDIUM,2,7.31,0,3,9,1,0.111,1,130,0.949,2,137,114.0,45.59,54.35,synthetic,1.0.0,42
synth-task-00640,SYN-SNT-0640,synth-asset-SNT-138,MAS-GDR,AXLE_COUNTER_OVERHAUL,SNT,AXLE_COUNTER,5,0,0,0.0,1.138,138.0,1,1,4.35,1,HIGH,3,DEGRADED,3,MEDIUM,2,9.26,0,1,12,5,0.417,3,414,6.273,0,66,67.3,49.27,62.33,synthetic,1.0.0,42
synth-task-00641,SYN-ENGG-0641,synth-asset-ENGG-815,HWH-DDU,RAIL_FRACTURE_REPAIR,ENGG,TRACK,1,0,1,30.0,2.854,675.0,1,1,2.28,1,CRITICAL,4,FAILED,5,IMMEDIATE,4,-0.23,1,5,14,2,0.143,3,408,3.372,3,121,78.6,100.0,64.56,synthetic,1.0.0,42
synth-task-00642,SYN-ENGG-0642,synth-asset-ENGG-192,NDLS-CNB,RAIL_GRINDING,ENGG,TRACK,3,0,1,20.0,1.935,440.5,1,1,2.63,0,MEDIUM,2,OPERATIONAL,1,HIGH,3,8.61,0,3,9,3,0.333,3,591,2.749,3,215,215.7,50.25,73.92,synthetic,1.0.0,42
synth-task-00643,SYN-SNT-0643,synth-asset-SNT-369,NDLS-CNB,SIGNAL_ASPECT_ALIGNMENT,SNT,SIGNAL,1,0,0,0.0,0.8,440.5,1,1,2.19,0,CRITICAL,4,UNDER_MAINTENANCE,2,IMMEDIATE,4,-5.63,1,5,14,7,0.5,2,478,5.624,0,85,47.0,88.67,61.86,synthetic,1.0.0,42
synth-task-00644,SYN-ENGG-0644,synth-asset-ENGG-281,NDLS-CNB,TURNOUT_PACKING,ENGG,TURNOUT,3,0,1,15.0,2.419,440.5,1,1,3.36,1,MEDIUM,2,UNDER_MAINTENANCE,2,LOW,1,12.07,0,3,15,1,0.067,1,233,1.503,1,155,149.6,42.14,71.08,synthetic,1.0.0,42
synth-task-00645,SYN-ENGG-0645,synth-asset-ENGG-664,CSMT-KYN,TURNOUT_PACKING,ENGG,TURNOUT,5,0,1,0.0,1.431,54.0,1,1,4.38,0,MEDIUM,2,OPERATIONAL,1,HIGH,3,8.98,0,1,23,12,0.522,1,215,1.453,13,148,165.3,45.09,97.57,synthetic,1.0.0,42
synth-task-00646,SYN-SNT-0646,synth-asset-SNT-542,HWH-DDU,POINTS_TESTING,SNT,INTERLOCKING,3,0,1,0.0,1.685,675.0,1,1,3.55,0,HIGH,3,DEGRADED,3,LOW,1,4.61,0,3,10,1,0.1,3,594,5.5,2,108,137.7,55.96,56.14,synthetic,1.0.0,42
synth-task-00647,SYN-ENGG-0647,synth-asset-ENGG-915,NDLS-CNB,RAIL_GRINDING,ENGG,TRACK,1,0,1,15.0,1.89,440.5,1,1,0.97,0,CRITICAL,4,MAINTENANCE_REQUIRED,4,IMMEDIATE,4,10.73,0,5,13,6,0.462,1,210,0.913,6,230,218.1,94.78,93.59,synthetic,1.0.0,42
synth-task-00648,SYN-ENGG-0648,synth-asset-ENGG-528,NDLS-CNB,RAIL_GRINDING,ENGG,TRACK,1,0,1,45.0,2.784,440.5,1,1,4.21,0,CRITICAL,4,DEGRADED,3,HIGH,3,-2.23,1,5,15,4,0.267,3,480,1.868,5,257,272.3,93.32,96.59,synthetic,1.0.0,42
synth-task-00649,SYN-SNT-0649,synth-asset-SNT-419,NDLS-CNB,AXLE_COUNTER_OVERHAUL,SNT,AXLE_COUNTER,2,0,0,0.0,0.8,440.5,1,1,5.59,0,LOW,1,MAINTENANCE_REQUIRED,4,MEDIUM,2,13.59,0,4,15,1,0.067,3,519,4.436,0,117,76.6,56.96,41.56,synthetic,1.0.0,42
synth-task-00650,SYN-SNT-0650,synth-asset-SNT-448,CSMT-KYN,SIGNAL_ASPECT_ALIGNMENT,SNT,SIGNAL,3,0,0,0.0,0.8,54.0,1,1,0.97,0,CRITICAL,4,UNDER_MAINTENANCE,2,IMMEDIATE,4,-6.97,1,3,21,9,0.429,1,202,2.623,0,77,30.0,78.66,70.71,synthetic,1.0.0,42
synth-task-00651,SYN-ENGG-0651,synth-asset-ENGG-136,CSMT-KYN,TRACK_TAMPING,ENGG,TRACK,2,0,1,30.0,2.411,54.0,1,1,1.29,0,HIGH,3,MAINTENANCE_REQUIRED,4,IMMEDIATE,4,13.24,0,4,21,8,0.381,2,366,1.803,9,203,179.4,79.56,93.87,synthetic,1.0.0,42
synth-task-00652,SYN-ENGG-0652,synth-asset-ENGG-639,CSMT-KYN,DEEP_SCREENING,ENGG,TRACK,3,0,1,15.0,2.983,54.0,1,1,2.37,2,HIGH,3,UNDER_MAINTENANCE,2,MEDIUM,2,14.0,0,3,22,12,0.545,1,169,0.631,12,268,294.0,49.88,99.81,synthetic,1.0.0,42
synth-task-00653,SYN-SNT-0653,synth-asset-SNT-114,HWH-DDU,POINTS_TESTING,SNT,INTERLOCKING,3,0,1,0.0,2.005,675.0,1,1,4.11,1,HIGH,3,OPERATIONAL,1,MEDIUM,2,5.46,0,3,9,1,0.111,3,633,5.364,2,118,63.7,54.02,47.59,synthetic,1.0.0,42
synth-task-00654,SYN-ENGG-0654,synth-asset-ENGG-370,NDLS-CNB,RAIL_FRACTURE_REPAIR,ENGG,TRACK,1,0,1,20.0,1.967,440.5,1,1,1.29,0,CRITICAL,4,FAILED,5,IMMEDIATE,4,-0.88,1,5,13,2,0.154,1,196,1.69,2,116,95.8,100.0,64.36,synthetic,1.0.0,42
synth-task-00655,SYN-SNT-0655,synth-asset-SNT-656,CSMT-KYN,TRACK_CIRCUIT_CHECK,SNT,TRACK_CIRCUIT,2,0,1,0.0,2.664,54.0,1,1,1.06,2,HIGH,3,OPERATIONAL,1,MEDIUM,2,-5.39,1,4,22,11,0.5,3,540,7.2,12,75,39.0,61.58,81.25,synthetic,1.0.0,42
synth-task-00656,SYN-TRD-0656,synth-asset-TRD-238,NDLS-CNB,CANTILEVER_ADJUSTMENT,TRD,OHE_MAST,5,1,1,0.0,2.452,440.5,1,1,3.42,0,LOW,1,DEGRADED,3,LOW,1,7.82,0,1,12,2,0.167,1,227,1.428,3,159,170.2,36.69,66.83,synthetic,1.0.0,42
synth-task-00657,SYN-TRD-0657,synth-asset-TRD-566,NDLS-CNB,OHE_INSPECTION,TRD,OHE_LINE,3,1,1,0.0,2.527,440.5,1,1,4.81,0,HIGH,3,UNDER_MAINTENANCE,2,MEDIUM,2,8.41,0,3,14,6,0.429,2,420,3.231,6,130,146.6,56.92,86.06,synthetic,1.0.0,42
synth-task-00658,SYN-ENGG-0658,synth-asset-ENGG-138,NDLS-CNB,RAIL_GRINDING,ENGG,TRACK,4,0,1,50.0,2.888,440.5,1,1,4.19,0,HIGH,3,UNDER_MAINTENANCE,2,LOW,1,3.29,0,2,8,3,0.375,2,386,1.602,4,241,268.9,46.59,70.04,synthetic,1.0.0,42
synth-task-00659,SYN-TRD-0659,synth-asset-TRD-333,CSMT-KYN,CONTACT_WIRE_RENEWAL,TRD,OHE_LINE,1,1,1,50.0,3.739,54.0,1,1,1.48,0,HIGH,3,MAINTENANCE_REQUIRED,4,IMMEDIATE,4,9.28,0,5,16,8,0.5,1,239,0.941,8,254,247.2,90.07,95.11,synthetic,1.0.0,42
synth-task-00660,SYN-SNT-0660,synth-asset-SNT-476,MAS-GDR,TRACK_CIRCUIT_CHECK,SNT,TRACK_CIRCUIT,3,0,1,45.0,2.778,138.0,1,1,2.78,0,HIGH,3,DEGRADED,3,MEDIUM,2,9.5,0,3,5,1,0.2,2,366,5.083,2,72,73.5,59.5,39.29,synthetic,1.0.0,42
synth-task-00661,SYN-SNT-0661,synth-asset-SNT-734,CSMT-KYN,INTERLOCKING_LOGIC_TEST,SNT,INTERLOCKING,2,0,1,0.0,1.44,54.0,1,1,4.88,0,HIGH,3,OPERATIONAL,1,HIGH,3,11.01,0,4,23,5,0.217,1,151,1.007,5,150,144.9,53.7,81.91,synthetic,1.0.0,42
synth-task-00662,SYN-ENGG-0662,synth-asset-ENGG-980,NDLS-CNB,TURNOUT_PACKING,ENGG,TURNOUT,2,0,1,0.0,1.69,440.5,1,1,3.63,0,MEDIUM,2,DEGRADED,3,MEDIUM,2,8.39,0,4,13,6,0.462,2,442,3.348,6,132,129.7,54.48,86.81,synthetic,1.0.0,42
synth-task-00663,SYN-SNT-0663,synth-asset-SNT-948,HWH-DDU,INTERLOCKING_LOGIC_TEST,SNT,INTERLOCKING,1,0,1,0.0,2.517,675.0,1,1,3.01,2,HIGH,3,MAINTENANCE_REQUIRED,4,HIGH,3,12.46,0,5,13,1,0.077,2,322,2.3,1,140,138.1,79.91,58.79,synthetic,1.0.0,42
synth-task-00664,SYN-ENGG-0664,synth-asset-ENGG-746,NDLS-CNB,TURNOUT_PACKING,ENGG,TURNOUT,1,0,1,0.0,1.554,440.5,1,1,4.61,0,CRITICAL,4,DEGRADED,3,IMMEDIATE,4,13.17,0,5,10,4,0.4,1,153,1.177,5,130,143.9,88.44,72.32,synthetic,1.0.0,42
synth-task-00665,SYN-ENGG-0665,synth-asset-ENGG-781,NDLS-CNB,TURNOUT_PACKING,ENGG,TURNOUT,2,0,1,30.0,2.436,440.5,1,1,2.2,0,HIGH,3,MAINTENANCE_REQUIRED,4,MEDIUM,2,7.96,0,4,8,1,0.125,2,370,2.761,1,134,124.7,72.3,58.0,synthetic,1.0.0,42
synth-task-00666,SYN-SNT-0666,synth-asset-SNT-414,CSMT-KYN,AXLE_COUNTER_OVERHAUL,SNT,AXLE_COUNTER,2,0,0,0.0,0.8,54.0,1,1,3.28,0,CRITICAL,4,DEGRADED,3,IMMEDIATE,4,4.13,0,4,19,4,0.211,3,627,6.398,0,98,74.3,82.24,57.96,synthetic,1.0.0,42
synth-task-00667,SYN-SNT-0667,synth-asset-SNT-775,HWH-DDU,INTERLOCKING_LOGIC_TEST,SNT,INTERLOCKING,5,0,1,0.0,2.475,675.0,1,1,3.96,2,HIGH,3,DEGRADED,3,MEDIUM,2,6.83,0,1,14,2,0.143,1,141,0.887,2,159,144.1,48.1,67.5,synthetic,1.0.0,42
synth-task-00668,SYN-SNT-0668,synth-asset-SNT-926,HWH-DDU,SIGNAL_ASPECT_ALIGNMENT,SNT,SIGNAL,5,0,0,0.0,0.8,675.0,1,1,5.29,0,MEDIUM,2,DEGRADED,3,MEDIUM,2,9.25,0,1,13,3,0.231,1,208,2.849,0,73,47.0,44.53,49.97,synthetic,1.0.0,42
synth-task-00669,SYN-TRD-0669,synth-asset-TRD-799,CSMT-KYN,SUBSTATION_MAINTENANCE,TRD,TRACTION_SUBSTATION,2,1,0,0.0,1.959,54.0,1,1,4.26,1,MEDIUM,2,MAINTENANCE_REQUIRED,4,IMMEDIATE,4,6.94,0,4,18,3,0.167,2,476,2.288,0,208,205.4,79.14,69.79,synthetic,1.0.0,42
synth-task-00670,SYN-SNT-0670,synth-asset-SNT-611,CSMT-KYN,SIGNAL_ASPECT_ALIGNMENT,SNT,SIGNAL,2,0,0,0.0,0.8,54.0,1,1,4.55,0,LOW,1,UNDER_MAINTENANCE,2,MEDIUM,2,0.63,0,4,21,9,0.429,3,549,10.765,0,51,53.5,42.93,70.53,synthetic,1.0.0,42
synth-task-00671,SYN-TRD-0671,synth-asset-TRD-203,HWH-DDU,CONTACT_WIRE_RENEWAL,TRD,OHE_LINE,1,1,1,45.0,3.565,675.0,1,1,2.85,0,CRITICAL,4,UNDER_MAINTENANCE,2,HIGH,3,3.2,0,5,8,1,0.125,3,534,2.094,2,255,245.5,72.96,62.87,synthetic,1.0.0,42
synth-task-00672,SYN-ENGG-0672,synth-asset-ENGG-614,CSMT-KYN,DEEP_SCREENING,ENGG,TRACK,2,0,1,30.0,2.417,54.0,1,1,2.79,0,LOW,1,MAINTENANCE_REQUIRED,4,IMMEDIATE,4,2.95,0,4,18,1,0.056,1,198,0.692,2,286,240.0,73.39,72.3,synthetic,1.0.0,42
synth-task-00673,SYN-ENGG-0673,synth-asset-ENGG-323,MAS-GDR,TRACK_TAMPING,ENGG,TRACK,3,0,1,45.0,2.717,138.0,1,1,1.3,0,MEDIUM,2,DEGRADED,3,LOW,1,11.39,0,3,10,2,0.2,3,480,2.286,3,210,190.7,48.2,70.04,synthetic,1.0.0,42
synth-task-00674,SYN-SNT-0674,synth-asset-SNT-294,CSMT-KYN,SIGNAL_ASPECT_ALIGNMENT,SNT,SIGNAL,2,0,0,0.0,0.8,54.0,1,1,1.36,0,MEDIUM,2,MAINTENANCE_REQUIRED,4,IMMEDIATE,4,2.56,0,4,18,8,0.444,1,123,2.236,0,55,59.4,81.09,69.15,synthetic,1.0.0,42
synth-task-00675,SYN-ENGG-0675,synth-asset-ENGG-319,NDLS-CNB,RAIL_FRACTURE_REPAIR,ENGG,TRACK,1,0,1,50.0,2.849,440.5,1,1,5.29,0,CRITICAL,4,FAILED,5,IMMEDIATE,4,-1.13,1,5,16,6,0.375,1,232,2.071,6,112,88.7,100.0,93.45,synthetic,1.0.0,42
synth-task-00676,SYN-TRD-0676,synth-asset-TRD-217,CSMT-KYN,CANTILEVER_ADJUSTMENT,TRD,OHE_MAST,1,1,1,0.0,2.951,54.0,1,1,5.36,1,MEDIUM,2,MAINTENANCE_REQUIRED,4,HIGH,3,-4.63,1,5,22,5,0.227,1,160,0.856,5,187,176.1,84.16,86.9,synthetic,1.0.0,42
synth-task-00677,SYN-ENGG-0677,synth-asset-ENGG-339,NDLS-CNB,DEEP_SCREENING,ENGG,TRACK,2,0,1,30.0,2.319,440.5,1,1,5.0,0,MEDIUM,2,DEGRADED,3,MEDIUM,2,4.9,0,4,11,2,0.182,2,334,1.325,2,252,283.9,61.53,70.22,synthetic,1.0.0,42
synth-task-00678,SYN-ENGG-0678,synth-asset-ENGG-401,HWH-DDU,RAIL_FRACTURE_REPAIR,ENGG,TRACK,1,0,1,20.0,1.93,675.0,1,1,4.72,0,CRITICAL,4,FAILED,5,IMMEDIATE,4,-0.53,1,5,11,3,0.273,2,360,2.667,4,135,110.8,100.0,64.17,synthetic,1.0.0,42
synth-task-00679,SYN-SNT-0679,synth-asset-SNT-671,NDLS-CNB,AXLE_COUNTER_OVERHAUL,SNT,AXLE_COUNTER,3,0,0,0.0,0.8,440.5,1,1,0.51,0,MEDIUM,2,DEGRADED,3,HIGH,3,13.09,0,3,9,3,0.333,2,264,3.3,0,80,96.1,62.83,42.98,synthetic,1.0.0,42
synth-task-00680,SYN-ENGG-0680,synth-asset-ENGG-670,CSMT-KYN,RAIL_FRACTURE_REPAIR,ENGG,TRACK,1,0,1,15.0,1.837,54.0,1,1,1.96,0,CRITICAL,4,FAILED,5,IMMEDIATE,4,-1.26,1,5,21,10,0.476,3,636,5.39,11,118,88.5,100.0,86.53,synthetic,1.0.0,42
synth-task-00681,SYN-SNT-0681,synth-asset-SNT-562,CSMT-KYN,INTERLOCKING_LOGIC_TEST,SNT,INTERLOCKING,2,0,1,0.0,1.44,54.0,1,1,4.59,0,HIGH,3,DEGRADED,3,HIGH,3,2.22,0,4,23,6,0.261,3,591,4.41,6,134,74.4,76.53,85.16,synthetic,1.0.0,42
synth-task-00682,SYN-ENGG-0682,synth-asset-ENGG-905,MAS-GDR,TURNOUT_PACKING,ENGG,TURNOUT,2,0,1,0.0,1.413,138.0,1,1,4.88,0,MEDIUM,2,DEGRADED,3,LOW,1,13.09,0,4,6,1,0.167,2,298,2.365,1,126,120.2,55.31,50.83,synthetic,1.0.0,42
synth-task-00683,SYN-ENGG-0683,synth-asset-ENGG-261,MAS-GDR,TRACK_TAMPING,ENGG,TRACK,1,0,1,15.0,2.479,138.0,1,1,1.96,1,CRITICAL,4,MAINTENANCE_REQUIRED,4,MEDIUM,2,10.96,0,5,8,2,0.25,2,334,1.583,2,211,198.0,84.95,66.71,synthetic,1.0.0,42
synth-task-00684,SYN-ENGG-0684,synth-asset-ENGG-123,HWH-DDU,DEEP_SCREENING,ENGG,TRACK,4,0,1,45.0,3.096,675.0,1,1,2.27,1,HIGH,3,OPERATIONAL,1,MEDIUM,2,2.11,0,2,14,2,0.143,2,444,1.651,3,269,275.4,44.6,88.23,synthetic,1.0.0,42
synth-task-00685,SYN-SNT-0685,synth-asset-SNT-551,NDLS-CNB,SIGNAL_ASPECT_ALIGNMENT,SNT,SIGNAL,3,0,0,0.0,0.8,440.5,1,1,5.39,0,HIGH,3,UNDER_MAINTENANCE,2,HIGH,3,4.41,0,3,15,8,0.533,3,600,7.595,0,79,57.7,66.37,67.37,synthetic,1.0.0,42
synth-task-00686,SYN-SNT-0686,synth-asset-SNT-491,CSMT-KYN,POINTS_TESTING,SNT,INTERLOCKING,2,0,1,0.0,1.429,54.0,1,1,5.72,0,CRITICAL,4,DEGRADED,3,IMMEDIATE,4,8.24,0,4,24,5,0.208,2,402,3.092,6,130,103.4,82.7,80.49,synthetic,1.0.0,42
synth-task-00687,SYN-ENGG-0687,synth-asset-ENGG-923,MAS-GDR,RAIL_GRINDING,ENGG,TRACK,3,0,1,45.0,2.679,138.0,1,1,5.06,0,HIGH,3,DEGRADED,3,MEDIUM,2,5.75,0,3,8,1,0.125,2,296,1.27,1,233,271.5,60.56,63.37,synthetic,1.0.0,42
synth-task-00688,SYN-TRD-0688,synth-asset-TRD-859,MAS-GDR,INSULATOR_WASHING,TRD,OHE_INSULATOR,3,1,1,0.0,2.63,138.0,1,1,4.86,0,MEDIUM,2,DEGRADED,3,MEDIUM,2,5.49,0,3,10,1,0.1,1,167,1.561,2,107,116.7,56.39,53.11,synthetic,1.0.0,42
synth-task-00689,SYN-ENGG-0689,synth-asset-ENGG-450,MAS-GDR,TURNOUT_PACKING,ENGG,TURNOUT,5,0,1,0.0,1.625,138.0,1,1,0.93,0,HIGH,3,DEGRADED,3,MEDIUM,2,8.97,0,1,10,2,0.2,3,528,3.641,2,145,134.4,50.79,61.29,synthetic,1.0.0,42
synth-task-00690,SYN-ENGG-0690,synth-asset-ENGG-957,MAS-GDR,RAIL_FRACTURE_REPAIR,ENGG,TRACK,1,0,1,45.0,2.761,138.0,1,1,4.37,0,CRITICAL,4,FAILED,5,IMMEDIATE,4,-1.03,1,5,9,4,0.444,2,440,3.492,5,126,109.5,100.0,64.23,synthetic,1.0.0,42
synth-task-00691,SYN-TRD-0691,synth-asset-TRD-463,CSMT-KYN,CANTILEVER_ADJUSTMENT,TRD,OHE_MAST,3,1,1,0.0,2.535,54.0,1,1,4.29,0,HIGH,3,DEGRADED,3,LOW,1,2.02,0,3,16,5,0.312,1,202,1.32,5,153,159.9,60.16,90.74,synthetic,1.0.0,42
synth-task-00692,SYN-ENGG-0692,synth-asset-ENGG-661,NDLS-CNB,DEEP_SCREENING,ENGG,TRACK,3,0,1,15.0,2.054,440.5,1,1,4.33,0,CRITICAL,4,DEGRADED,3,MEDIUM,2,1.96,0,3,15,6,0.4,2,470,1.836,6,256,296.0,71.71,96.83,synthetic,1.0.0,42
synth-task-00693,SYN-TRD-0693,synth-asset-TRD-253,NDLS-CNB,OHE_INSPECTION,TRD,OHE_LINE,3,1,1,15.0,2.783,440.5,1,1,1.84,0,HIGH,3,DEGRADED,3,MEDIUM,2,-2.92,1,3,11,3,0.273,3,699,4.723,3,148,142.9,69.05,67.68,synthetic,1.0.0,42
synth-task-00694,SYN-SNT-0694,synth-asset-SNT-786,CSMT-KYN,INTERLOCKING_LOGIC_TEST,SNT,INTERLOCKING,5,0,1,0.0,1.66,54.0,1,1,0.59,0,MEDIUM,2,DEGRADED,3,MEDIUM,2,6.27,0,1,15,8,0.533,1,210,1.448,9,145,137.2,49.69,91.7,synthetic,1.0.0,42
synth-task-00695,SYN-TRD-0695,synth-asset-TRD-533,MAS-GDR,CONTACT_WIRE_RENEWAL,TRD,OHE_LINE,2,1,1,0.0,2.517,138.0,1,1,4.69,0,CRITICAL,4,DEGRADED,3,IMMEDIATE,4,0.97,0,4,7,3,0.429,1,228,1.046,3,218,226.6,93.08,73.06,synthetic,1.0.0,42
synth-task-00696,SYN-TRD-0696,synth-asset-TRD-869,HWH-DDU,SUBSTATION_MAINTENANCE,TRD,TRACTION_SUBSTATION,3,1,0,0.0,1.419,675.0,1,1,0.79,0,MEDIUM,2,MAINTENANCE_REQUIRED,4,HIGH,3,8.99,0,3,7,3,0.429,1,175,0.888,0,197,159.7,65.6,43.34,synthetic,1.0.0,42
synth-task-00697,SYN-SNT-0697,synth-asset-SNT-692,CSMT-KYN,POINTS_TESTING,SNT,INTERLOCKING,1,0,1,0.0,1.504,54.0,1,1,4.89,0,CRITICAL,4,DEGRADED,3,MEDIUM,2,4.53,0,5,20,8,0.4,3,468,4.5,9,104,87.4,75.51,85.3,synthetic,1.0.0,42
synth-task-00698,SYN-TRD-0698,synth-asset-TRD-171,NDLS-CNB,OHE_INSPECTION,TRD,OHE_LINE,4,1,1,0.0,2.633,440.5,1,1,4.56,0,MEDIUM,2,DEGRADED,3,LOW,1,6.46,0,2,9,2,0.222,3,612,4.053,2,151,169.1,46.91,60.54,synthetic,1.0.0,42
synth-task-00699,SYN-SNT-0699,synth-asset-SNT-710,HWH-DDU,TRACK_CIRCUIT_CHECK,SNT,TRACK_CIRCUIT,1,0,1,0.0,1.698,675.0,1,1,1.75,0,MEDIUM,2,MAINTENANCE_REQUIRED,4,HIGH,3,7.25,0,5,7,3,0.429,2,300,3.75,3,80,40.2,72.38,49.37,synthetic,1.0.0,42
synth-task-00700,SYN-SNT-0700,synth-asset-SNT-575,NDLS-CNB,POINTS_TESTING,SNT,INTERLOCKING,1,0,1,0.0,1.626,440.5,1,1,0.92,0,LOW,1,MAINTENANCE_REQUIRED,4,IMMEDIATE,4,7.25,0,5,10,5,0.5,3,528,4.889,6,108,83.5,73.45,71.96,synthetic,1.0.0,42
synth-task-00701,SYN-ENGG-0701,synth-asset-ENGG-450,CSMT-KYN,RAIL_FRACTURE_REPAIR,ENGG,TRACK,1,0,1,30.0,2.311,54.0,1,1,5.41,0,CRITICAL,4,FAILED,5,IMMEDIATE,4,-0.19,1,5,14,6,0.429,3,486,3.682,7,132,118.3,100.0,85.38,synthetic,1.0.0,42
synth-task-00702,SYN-SNT-0702,synth-asset-SNT-704,CSMT-KYN,SIGNAL_ASPECT_ALIGNMENT,SNT,SIGNAL,2,0,0,0.0,0.8,54.0,1,1,4.17,0,MEDIUM,2,MAINTENANCE_REQUIRED,4,IMMEDIATE,4,2.93,0,4,15,6,0.4,3,522,6.444,0,81,49.4,70.5,63.41,synthetic,1.0.0,42
synth-task-00703,SYN-SNT-0703,synth-asset-SNT-111,CSMT-KYN,POINTS_TESTING,SNT,INTERLOCKING,3,0,1,0.0,1.494,54.0,1,1,1.22,0,CRITICAL,4,OPERATIONAL,1,IMMEDIATE,4,-5.42,1,3,19,9,0.474,2,272,2.615,10,104,75.7,68.95,90.37,synthetic,1.0.0,42
synth-task-00704,SYN-SNT-0704,synth-asset-SNT-370,NDLS-CNB,POINTS_TESTING,SNT,INTERLOCKING,1,0,1,0.0,1.508,440.5,1,1,5.44,0,HIGH,3,MAINTENANCE_REQUIRED,4,IMMEDIATE,4,9.04,0,5,14,4,0.286,1,171,1.727,5,99,69.6,88.41,71.16,synthetic,1.0.0,42
synth-task-00705,SYN-TRD-0705,synth-asset-TRD-998,NDLS-CNB,SUBSTATION_MAINTENANCE,TRD,TRACTION_SUBSTATION,1,1,0,0.0,2.569,440.5,1,1,2.21,3,CRITICAL,4,DEGRADED,3,MEDIUM,2,-2.49,1,5,9,4,0.444,1,236,1.223,0,193,202.1,86.1,58.64,synthetic,1.0.0,42
synth-task-00706,SYN-ENGG-0706,synth-asset-ENGG-527,HWH-DDU,TRACK_TAMPING,ENGG,TRACK,4,0,1,45.0,2.722,675.0,1,1,3.33,0,MEDIUM,2,UNDER_MAINTENANCE,2,LOW,1,3.28,0,2,9,1,0.111,3,678,3.307,1,205,211.5,40.39,63.4,synthetic,1.0.0,42
synth-task-00707,SYN-TRD-0707,synth-asset-TRD-159,NDLS-CNB,CONTACT_WIRE_RENEWAL,TRD,OHE_LINE,2,1,1,15.0,3.003,440.5,1,1,2.33,0,CRITICAL,4,FAILED,5,IMMEDIATE,4,-2.45,1,4,9,3,0.333,1,228,0.946,4,241,253.2,100.0,70.13,synthetic,1.0.0,42
synth-task-00708,SYN-ENGG-0708,synth-asset-ENGG-804,HWH-DDU,TURNOUT_PACKING,ENGG,TURNOUT,1,0,1,0.0,1.66,675.0,1,1,1.12,0,CRITICAL,4,UNDER_MAINTENANCE,2,IMMEDIATE,4,1.3,0,5,12,1,0.083,3,663,4.48,1,148,162.1,76.83,59.65,synthetic,1.0.0,42
synth-task-00709,SYN-SNT-0709,synth-asset-SNT-462,MAS-GDR,INTERLOCKING_LOGIC_TEST,SNT,INTERLOCKING,1,0,1,0.0,1.964,138.0,1,1,3.56,1,HIGH,3,MAINTENANCE_REQUIRED,4,IMMEDIATE,4,4.55,0,5,8,3,0.375,2,330,2.619,4,126,121.7,85.84,61.93,synthetic,1.0.0,42
synth-task-00710,SYN-SNT-0710,synth-asset-SNT-408,CSMT-KYN,POINTS_TESTING,SNT,INTERLOCKING,3,0,1,45.0,3.587,54.0,1,1,5.49,2,MEDIUM,2,UNDER_MAINTENANCE,2,LOW,1,3.49,0,3,21,8,0.381,1,159,1.336,9,119,146.3,40.98,97.08,synthetic,1.0.0,42
synth-task-00711,SYN-TRD-0711,synth-asset-TRD-523,MAS-GDR,OHE_INSPECTION,TRD,OHE_LINE,1,1,1,0.0,2.675,138.0,1,1,0.86,0,HIGH,3,MAINTENANCE_REQUIRED,4,HIGH,3,6.79,0,5,11,1,0.091,2,268,1.707,2,157,104.1,83.29,57.52,synthetic,1.0.0,42
synth-task-00712,SYN-ENGG-0712,synth-asset-ENGG-582,NDLS-CNB,RAIL_FRACTURE_REPAIR,ENGG,TRACK,1,0,1,50.0,3.221,440.5,1,1,2.0,1,CRITICAL,4,FAILED,5,IMMEDIATE,4,-1.4,1,5,8,3,0.375,3,501,5.165,3,97,109.9,100.0,65.85,synthetic,1.0.0,42
synth-task-00713,SYN-SNT-0713,synth-asset-SNT-393,NDLS-CNB,SIGNAL_ASPECT_ALIGNMENT,SNT,SIGNAL,3,0,0,0.0,1.453,440.5,1,1,3.16,3,LOW,1,OPERATIONAL,1,MEDIUM,2,11.69,0,3,9,2,0.222,2,318,3.926,0,81,30.0,35.85,38.3,synthetic,1.0.0,42
synth-task-00714,SYN-TRD-0714,synth-asset-TRD-815,HWH-DDU,CANTILEVER_ADJUSTMENT,TRD,OHE_MAST,2,1,1,0.0,2.438,675.0,1,1,5.72,0,CRITICAL,4,OPERATIONAL,1,HIGH,3,7.72,0,4,8,1,0.125,3,564,3.205,1,176,158.8,71.12,56.72,synthetic,1.0.0,42
synth-task-00715,SYN-SNT-0715,synth-asset-SNT-507,NDLS-CNB,SIGNAL_ASPECT_ALIGNMENT,SNT,SIGNAL,2,0,0,0.0,0.8,440.5,1,1,0.92,0,CRITICAL,4,UNDER_MAINTENANCE,2,IMMEDIATE,4,-6.64,1,4,16,2,0.125,1,173,2.276,0,76,44.0,88.25,53.04,synthetic,1.0.0,42
synth-task-00716,SYN-ENGG-0716,synth-asset-ENGG-891,HWH-DDU,RAIL_GRINDING,ENGG,TRACK,1,0,1,50.0,2.754,675.0,1,1,5.3,0,HIGH,3,MAINTENANCE_REQUIRED,4,MEDIUM,2,-1.32,1,5,7,3,0.429,2,300,1.333,4,225,265.4,86.33,67.91,synthetic,1.0.0,42
synth-task-00717,SYN-TRD-0717,synth-asset-TRD-140,CSMT-KYN,SUBSTATION_MAINTENANCE,TRD,TRACTION_SUBSTATION,2,1,0,0.0,1.599,54.0,1,1,1.2,0,MEDIUM,2,MAINTENANCE_REQUIRED,4,IMMEDIATE,4,5.48,0,4,17,4,0.235,3,477,2.537,0,188,155.4,72.5,65.28,synthetic,1.0.0,42
synth-task-00718,SYN-SNT-0718,synth-asset-SNT-164,HWH-DDU,SIGNAL_ASPECT_ALIGNMENT,SNT,SIGNAL,2,0,0,0.0,0.8,675.0,1,1,1.73,0,MEDIUM,2,MAINTENANCE_REQUIRED,4,IMMEDIATE,4,11.1,0,4,11,3,0.273,1,164,2.343,0,70,82.5,80.63,52.59,synthetic,1.0.0,42
synth-task-00719,SYN-ENGG-0719,synth-asset-ENGG-392,MAS-GDR,RAIL_FRACTURE_REPAIR,ENGG,TRACK,1,0,1,50.0,3.73,138.0,1,1,1.41,3,CRITICAL,4,FAILED,5,IMMEDIATE,4,-1.81,1,5,10,5,0.5,1,238,1.712,5,139,109.8,100.0,75.5,synthetic,1.0.0,42
synth-task-00720,SYN-TRD-0720,synth-asset-TRD-228,NDLS-CNB,OHE_INSPECTION,TRD,OHE_LINE,2,1,1,0.0,2.698,440.5,1,1,3.41,0,MEDIUM,2,OPERATIONAL,1,HIGH,3,5.58,0,4,10,4,0.4,3,624,4.16,4,150,141.0,56.91,74.93,synthetic,1.0.0,42
synth-task-00721,SYN-TRD-0721,synth-asset-TRD-524,NDLS-CNB,OHE_INSPECTION,TRD,OHE_LINE,3,1,1,0.0,2.523,440.5,1,1,5.06,0,MEDIUM,2,OPERATIONAL,1,MEDIUM,2,9.4,0,3,10,4,0.4,3,546,4.168,4,131,156.5,43.86,73.41,synthetic,1.0.0,42
synth-task-00722,SYN-SNT-0722,synth-asset-SNT-688,MAS-GDR,POINTS_TESTING,SNT,INTERLOCKING,3,0,1,0.0,1.54,138.0,1,1,4.88,0,MEDIUM,2,DEGRADED,3,MEDIUM,2,1.21,0,3,12,3,0.25,1,146,1.587,4,92,95.9,57.07,67.29,synthetic,1.0.0,42
synth-task-00723,SYN-TRD-0723,synth-asset-TRD-142,CSMT-KYN,CANTILEVER_ADJUSTMENT,TRD,OHE_MAST,1,1,1,0.0,2.661,54.0,1,1,4.33,0,CRITICAL,4,MAINTENANCE_REQUIRED,4,MEDIUM,2,-2.78,1,5,20,7,0.35,3,642,3.028,8,212,220.8,93.75,94.8,synthetic,1.0.0,42
synth-task-00724,SYN-SNT-0724,synth-asset-SNT-233,NDLS-CNB,INTERLOCKING_LOGIC_TEST,SNT,INTERLOCKING,3,0,1,0.0,1.93,440.5,1,1,5.69,1,HIGH,3,UNDER_MAINTENANCE,2,HIGH,3,2.41,0,3,8,1,0.125,1,208,1.541,1,135,171.6,62.16,58.93,synthetic,1.0.0,42
synth-task-00725,SYN-ENGG-0725,synth-asset-ENGG-785,MAS-GDR,DEEP_SCREENING,ENGG,TRACK,1,0,1,30.0,2.265,138.0,1,1,1.43,0,CRITICAL,4,DEGRADED,3,MEDIUM,2,-6.16,1,5,11,5,0.455,2,252,0.992,6,254,249.5,84.85,88.34,synthetic,1.0.0,42
synth-task-00726,SYN-TRD-0726,synth-asset-TRD-974,CSMT-KYN,CANTILEVER_ADJUSTMENT,TRD,OHE_MAST,1,1,1,0.0,2.962,54.0,1,1,5.59,1,MEDIUM,2,MAINTENANCE_REQUIRED,4,MEDIUM,2,7.75,0,5,20,10,0.5,1,133,0.731,10,182,188.0,75.67,89.7,synthetic,1.0.0,42
synth-task-00727,SYN-SNT-0727,synth-asset-SNT-811,NDLS-CNB,TRACK_CIRCUIT_CHECK,SNT,TRACK_CIRCUIT,1,0,1,0.0,1.606,440.5,1,1,0.52,0,HIGH,3,MAINTENANCE_REQUIRED,4,IMMEDIATE,4,5.18,0,5,10,3,0.3,1,131,1.472,3,89,46.2,95.64,59.54,synthetic,1.0.0,42
synth-task-00728,SYN-TRD-0728,synth-asset-TRD-698,NDLS-CNB,CANTILEVER_ADJUSTMENT,TRD,OHE_MAST,3,1,1,0.0,3.46,440.5,1,1,1.37,2,LOW,1,DEGRADED,3,MEDIUM,2,9.16,0,3,8,3,0.375,1,146,0.924,4,158,187.8,42.78,63.17,synthetic,1.0.0,42
synth-task-00729,SYN-TRD-0729,synth-asset-TRD-554,CSMT-KYN,CANTILEVER_ADJUSTMENT,TRD,OHE_MAST,4,1,1,0.0,2.672,54.0,1,1,0.6,0,HIGH,3,DEGRADED,3,MEDIUM,2,11.41,0,2,24,9,0.375,2,330,1.964,9,168,163.3,54.92,89.92,synthetic,1.0.0,42
synth-task-00730,SYN-SNT-0730,synth-asset-SNT-289,CSMT-KYN,INTERLOCKING_LOGIC_TEST,SNT,INTERLOCKING,4,0,1,0.0,1.951,54.0,1,1,2.93,1,MEDIUM,2,DEGRADED,3,MEDIUM,2,4.38,0,2,20,2,0.1,3,666,5.008,3,133,145.9,52.22,66.07,synthetic,1.0.0,42
synth-task-00731,SYN-ENGG-0731,synth-asset-ENGG-308,CSMT-KYN,TURNOUT_PACKING,ENGG,TURNOUT,3,0,1,0.0,1.513,54.0,1,1,4.14,0,HIGH,3,DEGRADED,3,LOW,1,7.56,0,3,17,7,0.412,3,630,5.0,7,126,147.8,54.62,87.14,synthetic,1.0.0,42
synth-task-00732,SYN-TRD-0732,synth-asset-TRD-143,HWH-DDU,CONTACT_WIRE_RENEWAL,TRD,OHE_LINE,1,1,1,45.0,4.193,675.0,1,1,4.37,1,CRITICAL,4,MAINTENANCE_REQUIRED,4,HIGH,3,-5.19,1,5,8,2,0.25,1,149,0.589,2,253,295.7,98.84,70.45,synthetic,1.0.0,42
synth-task-00733,SYN-TRD-0733,synth-asset-TRD-969,NDLS-CNB,CANTILEVER_ADJUSTMENT,TRD,OHE_MAST,3,1,1,0.0,2.407,440.5,1,1,3.77,0,HIGH,3,FAILED,5,HIGH,3,9.99,0,3,16,6,0.375,2,400,2.326,7,172,174.7,81.14,95.21,synthetic,1.0.0,42
synth-task-00734,SYN-TRD-0734,synth-asset-TRD-763,NDLS-CNB,INSULATOR_WASHING,TRD,OHE_INSULATOR,3,1,1,0.0,2.429,440.5,1,1,5.15,0,HIGH,3,UNDER_MAINTENANCE,2,MEDIUM,2,3.62,0,3,16,1,0.062,3,513,5.182,1,99,98.3,53.84,61.38,synthetic,1.0.0,42
synth-task-00735,SYN-ENGG-0735,synth-asset-ENGG-266,NDLS-CNB,TURNOUT_PACKING,ENGG,TURNOUT,2,0,1,0.0,2.124,440.5,1,1,3.86,1,MEDIUM,2,MAINTENANCE_REQUIRED,4,IMMEDIATE,4,7.14,0,4,13,3,0.231,2,304,1.877,4,162,126.6,78.49,74.95,synthetic,1.0.0,42
synth-task-00736,SYN-TRD-0736,synth-asset-TRD-963,HWH-DDU,CONTACT_WIRE_RENEWAL,TRD,OHE_LINE,1,1,1,15.0,2.822,675.0,1,1,2.92,0,MEDIUM,2,MAINTENANCE_REQUIRED,4,HIGH,3,-4.52,1,5,13,3,0.231,2,350,1.477,4,237,257.4,84.02,78.93,synthetic,1.0.0,42
synth-task-00737,SYN-TRD-0737,synth-asset-TRD-520,HWH-DDU,OHE_INSPECTION,TRD,OHE_LINE,4,1,1,0.0,2.506,675.0,1,1,3.13,0,MEDIUM,2,DEGRADED,3,LOW,1,2.58,0,2,8,2,0.25,3,558,3.875,3,144,158.4,45.65,59.34,synthetic,1.0.0,42
synth-task-00738,SYN-ENGG-0738,synth-asset-ENGG-504,HWH-DDU,RAIL_FRACTURE_REPAIR,ENGG,TRACK,1,0,1,20.0,2.094,675.0,1,1,4.29,0,CRITICAL,4,FAILED,5,IMMEDIATE,4,-0.98,1,5,14,1,0.071,1,232,2.231,2,104,113.8,100.0,58.61,synthetic,1.0.0,42
synth-task-00739,SYN-TRD-0739,synth-asset-TRD-633,HWH-DDU,OHE_INSPECTION,TRD,OHE_LINE,3,1,1,50.0,3.819,675.0,1,1,0.86,0,LOW,1,DEGRADED,3,LOW,1,13.94,0,3,14,6,0.429,3,363,2.373,7,153,157.9,46.2,96.98,synthetic,1.0.0,42
synth-task-00740,SYN-SNT-0740,synth-asset-SNT-863,MAS-GDR,POINTS_TESTING,SNT,INTERLOCKING,4,0,1,0.0,2.156,138.0,1,1,2.78,1,MEDIUM,2,DEGRADED,3,LOW,1,10.04,0,2,9,3,0.333,1,121,1.0,3,121,75.8,43.25,57.7,synthetic,1.0.0,42
synth-task-00741,SYN-TRD-0741,synth-asset-TRD-163,HWH-DDU,OHE_INSPECTION,TRD,OHE_LINE,1,1,1,0.0,3.089,675.0,1,1,5.86,1,HIGH,3,MAINTENANCE_REQUIRED,4,HIGH,3,-5.58,1,5,13,4,0.308,3,492,3.393,4,145,190.7,93.49,85.56,synthetic,1.0.0,42
synth-task-00742,SYN-TRD-0742,synth-asset-TRD-222,NDLS-CNB,INSULATOR_WASHING,TRD,OHE_INSULATOR,5,1,1,0.0,2.451,440.5,1,1,2.87,0,HIGH,3,OPERATIONAL,1,LOW,1,-2.86,1,1,15,2,0.133,1,135,1.071,3,126,85.3,44.93,63.47,synthetic,1.0.0,42
synth-task-00743,SYN-TRD-0743,synth-asset-TRD-471,MAS-GDR,SUBSTATION_MAINTENANCE,TRD,TRACTION_SUBSTATION,3,1,0,0.0,1.509,138.0,1,1,3.57,0,HIGH,3,DEGRADED,3,MEDIUM,2,6.8,0,3,6,1,0.167,2,470,2.327,0,202,170.0,62.19,43.63,synthetic,1.0.0,42
synth-task-00744,SYN-TRD-0744,synth-asset-TRD-923,MAS-GDR,INSULATOR_WASHING,TRD,OHE_INSULATOR,3,1,1,0.0,3.136,138.0,1,1,2.96,1,MEDIUM,2,OPERATIONAL,1,MEDIUM,2,5.46,0,3,12,2,0.167,3,636,5.256,3,121,103.3,37.95,62.23,synthetic,1.0.0,42
synth-task-00745,SYN-SNT-0745,synth-asset-SNT-101,CSMT-KYN,POINTS_TESTING,SNT,INTERLOCKING,3,0,1,0.0,1.543,54.0,1,1,1.81,0,MEDIUM,2,DEGRADED,3,LOW,1,4.7,0,3,22,2,0.091,2,362,3.068,3,118,65.7,46.61,66.53,synthetic,1.0.0,42
synth-task-00746,SYN-TRD-0746,synth-asset-TRD-360,MAS-GDR,SUBSTATION_MAINTENANCE,TRD,TRACTION_SUBSTATION,3,1,0,0.0,1.685,138.0,1,1,5.1,0,HIGH,3,OPERATIONAL,1,HIGH,3,2.16,0,3,8,3,0.375,1,166,0.79,0,210,199.7,55.76,47.39,synthetic,1.0.0,42
synth-task-00747,SYN-TRD-0747,synth-asset-TRD-773,CSMT-KYN,CONTACT_WIRE_RENEWAL,TRD,OHE_LINE,3,1,1,0.0,3.107,54.0,1,1,4.46,1,MEDIUM,2,DEGRADED,3,MEDIUM,2,5.3,0,3,22,9,0.409,2,332,1.35,10,246,269.4,59.12,100.0,synthetic,1.0.0,42
synth-task-00748,SYN-ENGG-0748,synth-asset-ENGG-914,NDLS-CNB,RAIL_GRINDING,ENGG,TRACK,2,0,1,30.0,2.43,440.5,1,1,3.66,0,CRITICAL,4,UNDER_MAINTENANCE,2,IMMEDIATE,4,12.99,0,4,12,4,0.333,3,393,1.611,4,244,254.0,81.47,87.58,synthetic,1.0.0,42
synth-task-00749,SYN-ENGG-0749,synth-asset-ENGG-542,HWH-DDU,DEEP_SCREENING,ENGG,TRACK,2,0,1,15.0,2.924,675.0,1,1,2.92,2,HIGH,3,MAINTENANCE_REQUIRED,4,IMMEDIATE,4,9.73,0,4,12,2,0.167,1,227,0.853,2,266,284.1,81.5,74.95,synthetic,1.0.0,42
synth-task-00750,SYN-ENGG-0750,synth-asset-ENGG-462,MAS-GDR,TRACK_TAMPING,ENGG,TRACK,3,0,1,0.0,1.687,138.0,1,1,5.26,0,MEDIUM,2,OPERATIONAL,1,MEDIUM,2,13.66,0,3,9,1,0.111,1,222,1.133,2,196,211.9,42.19,58.23,synthetic,1.0.0,42
synth-task-00751,SYN-TRD-0751,synth-asset-TRD-908,CSMT-KYN,OHE_INSPECTION,TRD,OHE_LINE,3,1,1,0.0,2.482,54.0,1,1,4.92,0,LOW,1,DEGRADED,3,HIGH,3,10.54,0,3,18,7,0.389,3,510,3.723,8,137,172.4,47.85,98.13,synthetic,1.0.0,42
synth-task-00752,SYN-ENGG-0752,synth-asset-ENGG-540,NDLS-CNB,RAIL_FRACTURE_REPAIR,ENGG,TRACK,1,0,1,30.0,2.401,440.5,1,1,4.78,0,CRITICAL,4,FAILED,5,IMMEDIATE,4,-1.47,1,5,15,5,0.333,2,372,2.818,5,132,102.7,100.0,88.94,synthetic,1.0.0,42
synth-task-00753,SYN-SNT-0753,synth-asset-SNT-909,HWH-DDU,POINTS_TESTING,SNT,INTERLOCKING,2,0,1,0.0,1.676,675.0,1,1,2.25,0,HIGH,3,MAINTENANCE_REQUIRED,4,HIGH,3,-6.6,1,4,7,3,0.429,2,412,4.0,4,103,94.2,88.99,52.18,synthetic,1.0.0,42
synth-task-00754,SYN-SNT-0754,synth-asset-SNT-340,NDLS-CNB,INTERLOCKING_LOGIC_TEST,SNT,INTERLOCKING,3,0,1,0.0,2.618,440.5,1,1,5.31,2,CRITICAL,4,OPERATIONAL,1,HIGH,3,3.51,0,3,10,4,0.4,2,364,2.582,5,141,135.5,63.29,71.49,synthetic,1.0.0,42
synth-task-00755,SYN-SNT-0755,synth-asset-SNT-587,NDLS-CNB,TRACK_CIRCUIT_CHECK,SNT,TRACK_CIRCUIT,3,0,1,20.0,2.186,440.5,1,1,5.19,0,LOW,1,DEGRADED,3,HIGH,3,5.36,0,3,11,5,0.455,3,576,7.385,5,78,88.3,56.88,71.96,synthetic,1.0.0,42
synth-task-00756,SYN-SNT-0756,synth-asset-SNT-818,MAS-GDR,AXLE_COUNTER_OVERHAUL,SNT,AXLE_COUNTER,2,0,0,0.0,0.8,138.0,1,1,0.87,0,HIGH,3,MAINTENANCE_REQUIRED,4,HIGH,3,0.56,0,4,10,1,0.1,2,264,2.64,0,100,100.2,77.82,40.25,synthetic,1.0.0,42
synth-task-00757,SYN-ENGG-0757,synth-asset-ENGG-848,MAS-GDR,RAIL_FRACTURE_REPAIR,ENGG,TRACK,1,0,1,30.0,2.833,138.0,1,1,3.47,1,CRITICAL,4,FAILED,5,IMMEDIATE,4,-1.59,1,5,10,1,0.1,2,406,3.007,2,135,134.7,100.0,58.02,synthetic,1.0.0,42
synth-task-00758,SYN-TRD-0758,synth-asset-TRD-240,CSMT-KYN,INSULATOR_WASHING,TRD,OHE_INSULATOR,1,1,1,0.0,3.615,54.0,1,1,2.72,3,CRITICAL,4,UNDER_MAINTENANCE,2,HIGH,3,2.93,0,5,21,9,0.429,1,203,1.562,10,130,130.2,72.3,86.91,synthetic,1.0.0,42
synth-task-00759,SYN-TRD-0759,synth-asset-TRD-937,NDLS-CNB,CANTILEVER_ADJUSTMENT,TRD,OHE_MAST,1,1,1,0.0,2.528,440.5,1,1,5.31,0,CRITICAL,4,OPERATIONAL,1,IMMEDIATE,4,13.42,0,5,14,5,0.357,2,390,2.267,5,172,175.1,75.47,90.41,synthetic,1.0.0,42
synth-task-00760,SYN-ENGG-0760,synth-asset-ENGG-393,MAS-GDR,TURNOUT_PACKING,ENGG,TURNOUT,2,0,1,45.0,3.311,138.0,1,1,3.15,1,MEDIUM,2,MAINTENANCE_REQUIRED,4,HIGH,3,8.31,0,4,6,2,0.333,3,630,4.038,3,156,175.0,70.89,50.38,synthetic,1.0.0,42
synth-task-00761,SYN-TRD-0761,synth-asset-TRD-662,NDLS-CNB,INSULATOR_WASHING,TRD,OHE_INSULATOR,2,1,1,0.0,2.41,440.5,1,1,0.93,0,CRITICAL,4,MAINTENANCE_REQUIRED,4,HIGH,3,6.27,0,4,9,1,0.111,2,412,3.433,1,120,101.4,84.58,51.06,synthetic,1.0.0,42
synth-task-00762,SYN-TRD-0762,synth-asset-TRD-555,NDLS-CNB,INSULATOR_WASHING,TRD,OHE_INSULATOR,1,1,1,0.0,2.572,440.5,1,1,4.63,0,LOW,1,MAINTENANCE_REQUIRED,4,HIGH,3,-6.13,1,5,16,3,0.188,2,390,3.277,3,119,126.8,81.49,75.18,synthetic,1.0.0,42
synth-task-00763,SYN-TRD-0763,synth-asset-TRD-972,MAS-GDR,OHE_INSPECTION,TRD,OHE_LINE,1,1,1,0.0,3.503,138.0,1,1,4.01,2,CRITICAL,4,OPERATIONAL,1,IMMEDIATE,4,8.81,0,5,12,1,0.083,3,387,2.706,1,143,168.4,70.74,57.96,synthetic,1.0.0,42
synth-task-00764,SYN-SNT-0764,synth-asset-SNT-414,NDLS-CNB,TRACK_CIRCUIT_CHECK,SNT,TRACK_CIRCUIT,4,0,1,0.0,1.604,440.5,1,1,0.78,0,HIGH,3,DEGRADED,3,LOW,1,9.37,0,2,12,5,0.417,1,211,3.297,5,64,58.7,52.44,74.23,synthetic,1.0.0,42
synth-task-00765,SYN-TRD-0765,synth-asset-TRD-724,CSMT-KYN,CANTILEVER_ADJUSTMENT,TRD,OHE_MAST,2,1,1,0.0,2.609,54.0,1,1,2.58,0,CRITICAL,4,DEGRADED,3,IMMEDIATE,4,8.59,0,4,23,10,0.435,3,453,2.517,11,180,162.9,85.05,90.26,synthetic,1.0.0,42
synth-task-00766,SYN-TRD-0766,synth-asset-TRD-912,HWH-DDU,INSULATOR_WASHING,TRD,OHE_INSULATOR,4,1,1,0.0,2.52,675.0,1,1,1.19,0,HIGH,3,UNDER_MAINTENANCE,2,MEDIUM,2,1.1,0,2,7,3,0.429,3,651,5.008,3,130,132.8,55.6,52.54,synthetic,1.0.0,42
synth-task-00767,SYN-ENGG-0767,synth-asset-ENGG-172,CSMT-KYN,RAIL_FRACTURE_REPAIR,ENGG,TRACK,1,0,1,15.0,1.981,54.0,1,1,4.37,0,CRITICAL,4,FAILED,5,IMMEDIATE,4,-0.76,1,5,14,6,0.429,3,645,6.45,6,100,83.9,100.0,89.98,synthetic,1.0.0,42
synth-task-00768,SYN-ENGG-0768,synth-asset-ENGG-153,CSMT-KYN,RAIL_GRINDING,ENGG,TRACK,1,0,1,20.0,2.097,54.0,1,1,3.86,0,MEDIUM,2,MAINTENANCE_REQUIRED,4,HIGH,3,4.56,0,5,18,8,0.444,3,444,1.889,8,235,233.4,76.6,98.17,synthetic,1.0.0,42
synth-task-00769,SYN-SNT-0769,synth-asset-SNT-882,MAS-GDR,SIGNAL_ASPECT_ALIGNMENT,SNT,SIGNAL,3,0,0,0.0,0.8,138.0,1,1,4.83,0,HIGH,3,OPERATIONAL,1,MEDIUM,2,11.51,0,3,11,5,0.455,1,215,2.945,0,73,30.0,48.78,54.94,synthetic,1.0.0,42
synth-task-00770,SYN-SNT-0770,synth-asset-SNT-714,HWH-DDU,AXLE_COUNTER_OVERHAUL,SNT,AXLE_COUNTER,3,0,0,0.0,0.8,675.0,1,1,5.51,0,HIGH,3,OPERATIONAL,1,LOW,1,10.94,0,3,14,4,0.286,1,196,2.45,0,80,90.5,44.42,61.55,synthetic,1.0.0,42
synth-task-00771,SYN-SNT-0771,synth-asset-SNT-755,CSMT-KYN,POINTS_TESTING,SNT,INTERLOCKING,4,0,1,0.0,1.586,54.0,1,1,0.99,0,HIGH,3,DEGRADED,3,MEDIUM,2,-2.67,1,2,20,7,0.35,3,597,5.103,8,117,97.4,63.87,84.38,synthetic,1.0.0,42
synth-task-00772,SYN-ENGG-0772,synth-asset-ENGG-891,CSMT-KYN,RAIL_FRACTURE_REPAIR,ENGG,TRACK,1,0,1,50.0,2.936,54.0,1,1,5.92,0,CRITICAL,4,FAILED,5,IMMEDIATE,4,-0.44,1,5,22,10,0.455,1,237,1.809,11,131,127.3,100.0,90.81,synthetic,1.0.0,42
synth-task-00773,SYN-ENGG-0773,synth-asset-ENGG-126,CSMT-KYN,TRACK_TAMPING,ENGG,TRACK,4,0,1,50.0,2.894,54.0,1,1,2.83,0,MEDIUM,2,DEGRADED,3,HIGH,3,4.59,0,2,17,5,0.294,2,406,2.104,6,193,225.6,52.65,92.99,synthetic,1.0.0,42
synth-task-00774,SYN-ENGG-0774,synth-asset-ENGG-519,CSMT-KYN,TRACK_TAMPING,ENGG,TRACK,2,0,1,0.0,2.472,54.0,1,1,2.28,3,HIGH,3,MAINTENANCE_REQUIRED,4,IMMEDIATE,4,1.9,0,4,16,8,0.5,1,222,1.138,9,195,217.4,82.48,95.25,synthetic,1.0.0,42
synth-task-00775,SYN-SNT-0775,synth-asset-SNT-969,HWH-DDU,POINTS_TESTING,SNT,INTERLOCKING,3,0,1,0.0,1.695,675.0,1,1,5.6,0,LOW,1,UNDER_MAINTENANCE,2,HIGH,3,4.24,0,3,8,2,0.25,2,382,2.984,3,128,126.0,46.6,52.57,synthetic,1.0.0,42
synth-task-00776,SYN-TRD-0776,synth-asset-TRD-391,MAS-GDR,SUBSTATION_MAINTENANCE,TRD,TRACTION_SUBSTATION,4,1,0,0.0,1.903,138.0,1,1,5.87,1,HIGH,3,DEGRADED,3,MEDIUM,2,5.35,0,2,6,2,0.333,3,555,2.721,0,204,223.7,56.43,40.63,synthetic,1.0.0,42
synth-task-00777,SYN-TRD-0777,synth-asset-TRD-512,CSMT-KYN,OHE_INSPECTION,TRD,OHE_LINE,2,1,1,0.0,2.54,54.0,1,1,4.42,0,CRITICAL,4,MAINTENANCE_REQUIRED,4,HIGH,3,9.21,0,4,16,8,0.5,3,573,4.374,9,131,143.7,84.54,87.49,synthetic,1.0.0,42
synth-task-00778,SYN-SNT-0778,synth-asset-SNT-424,CSMT-KYN,AXLE_COUNTER_OVERHAUL,SNT,AXLE_COUNTER,3,0,0,0.0,0.8,54.0,1,1,5.1,0,MEDIUM,2,UNDER_MAINTENANCE,2,HIGH,3,1.61,0,3,15,1,0.067,1,224,2.383,0,94,103.1,55.28,47.86,synthetic,1.0.0,42
synth-task-00779,SYN-TRD-0779,synth-asset-TRD-747,HWH-DDU,OHE_INSPECTION,TRD,OHE_LINE,1,1,1,30.0,3.398,675.0,1,1,0.8,0,HIGH,3,MAINTENANCE_REQUIRED,4,HIGH,3,6.72,0,5,11,5,0.455,1,130,0.897,5,145,144.3,81.15,83.9,synthetic,1.0.0,42
synth-task-00780,SYN-ENGG-0780,synth-asset-ENGG-515,HWH-DDU,DEEP_SCREENING,ENGG,TRACK,4,0,1,0.0,1.63,675.0,1,1,3.71,0,LOW,1,OPERATIONAL,1,HIGH,3,11.02,0,2,8,3,0.375,1,141,0.513,4,275,260.6,41.21,69.9,synthetic,1.0.0,42
synth-task-00781,SYN-ENGG-0781,synth-asset-ENGG-882,CSMT-KYN,TURNOUT_PACKING,ENGG,TURNOUT,3,0,1,45.0,2.684,54.0,1,1,2.39,0,CRITICAL,4,UNDER_MAINTENANCE,2,HIGH,3,9.4,0,3,14,6,0.429,1,195,1.5,7,130,134.0,69.39,88.94,synthetic,1.0.0,42
synth-task-00782,SYN-SNT-0782,synth-asset-SNT-487,NDLS-CNB,INTERLOCKING_LOGIC_TEST,SNT,INTERLOCKING,3,0,1,0.0,1.934,440.5,1,1,3.43,1,HIGH,3,OPERATIONAL,1,MEDIUM,2,10.51,0,3,13,1,0.077,3,456,4.0,1,114,129.7,52.69,58.86,synthetic,1.0.0,42
synth-task-00783,SYN-SNT-0783,synth-asset-SNT-153,CSMT-KYN,INTERLOCKING_LOGIC_TEST,SNT,INTERLOCKING,2,0,1,0.0,2.507,54.0,1,1,5.0,2,LOW,1,DEGRADED,3,LOW,1,5.42,0,4,22,8,0.364,3,480,3.2,9,150,143.2,46.05,93.6,synthetic,1.0.0,42
synth-task-00784,SYN-ENGG-0784,synth-asset-ENGG-349,HWH-DDU,RAIL_FRACTURE_REPAIR,ENGG,TRACK,1,0,1,30.0,2.391,675.0,1,1,1.63,0,CRITICAL,4,FAILED,5,IMMEDIATE,4,-1.85,1,5,14,4,0.286,3,426,3.354,5,127,88.4,100.0,71.99,synthetic,1.0.0,42
synth-task-00785,SYN-ENGG-0785,synth-asset-ENGG-149,MAS-GDR,RAIL_FRACTURE_REPAIR,ENGG,TRACK,1,0,1,20.0,3.067,138.0,1,1,0.53,2,CRITICAL,4,FAILED,5,IMMEDIATE,4,-0.76,1,5,6,2,0.333,2,416,3.782,3,110,108.3,100.0,50.58,synthetic,1.0.0,42
synth-task-00786,SYN-SNT-0786,synth-asset-SNT-335,HWH-DDU,POINTS_TESTING,SNT,INTERLOCKING,4,0,1,0.0,2.024,675.0,1,1,5.14,1,HIGH,3,DEGRADED,3,HIGH,3,1.28,0,2,12,1,0.083,3,591,5.91,1,100,137.9,67.73,60.07,synthetic,1.0.0,42
synth-task-00787,SYN-SNT-0787,synth-asset-SNT-824,NDLS-CNB,AXLE_COUNTER_OVERHAUL,SNT,AXLE_COUNTER,3,0,0,0.0,0.8,440.5,1,1,5.29,0,HIGH,3,MAINTENANCE_REQUIRED,4,HIGH,3,5.3,0,3,8,3,0.375,1,177,2.107,0,84,67.7,78.66,42.24,synthetic,1.0.0,42
synth-task-00788,SYN-ENGG-0788,synth-asset-ENGG-175,MAS-GDR,RAIL_GRINDING,ENGG,TRACK,2,0,1,0.0,1.662,138.0,1,1,3.61,0,MEDIUM,2,MAINTENANCE_REQUIRED,4,IMMEDIATE,4,7.62,0,4,8,1,0.125,1,166,0.7,1,237,206.6,79.95,60.13,synthetic,1.0.0,42
synth-task-00789,SYN-ENGG-0789,synth-asset-ENGG-652,NDLS-CNB,RAIL_FRACTURE_REPAIR,ENGG,TRACK,1,0,1,30.0,2.373,440.5,1,1,3.79,0,CRITICAL,4,FAILED,5,IMMEDIATE,4,-0.63,1,5,15,3,0.2,2,444,4.674,4,95,88.1,100.0,73.28,synthetic,1.0.0,42
synth-task-00790,SYN-SNT-0790,synth-asset-SNT-727,CSMT-KYN,AXLE_COUNTER_OVERHAUL,SNT,AXLE_COUNTER,1,0,0,0.0,0.8,54.0,1,1,1.33,0,CRITICAL,4,DEGRADED,3,HIGH,3,13.13,0,5,18,8,0.444,3,567,7.875,0,72,63.9,88.22,66.73,synthetic,1.0.0,42
synth-task-00791,SYN-ENGG-0791,synth-asset-ENGG-398,CSMT-KYN,DEEP_SCREENING,ENGG,TRACK,3,0,1,30.0,2.357,54.0,1,1,4.8,0,MEDIUM,2,DEGRADED,3,LOW,1,-4.53,1,3,14,5,0.357,1,166,0.61,6,272,320.9,55.85,94.95,synthetic,1.0.0,42
synth-task-00792,SYN-TRD-0792,synth-asset-TRD-470,CSMT-KYN,INSULATOR_WASHING,TRD,OHE_INSULATOR,2,1,1,0.0,2.593,54.0,1,1,2.41,0,CRITICAL,4,UNDER_MAINTENANCE,2,HIGH,3,6.0,0,4,18,2,0.111,2,326,2.991,2,109,137.1,70.83,65.81,synthetic,1.0.0,42
synth-task-00793,SYN-SNT-0793,synth-asset-SNT-874,MAS-GDR,INTERLOCKING_LOGIC_TEST,SNT,INTERLOCKING,3,0,1,0.0,1.432,138.0,1,1,1.81,0,HIGH,3,UNDER_MAINTENANCE,2,LOW,1,4.53,0,3,8,1,0.125,1,198,1.269,2,156,123.7,47.22,50.74,synthetic,1.0.0,42
synth-task-00794,SYN-TRD-0794,synth-asset-TRD-882,NDLS-CNB,OHE_INSPECTION,TRD,OHE_LINE,3,1,1,0.0,3.453,440.5,1,1,4.07,2,HIGH,3,UNDER_MAINTENANCE,2,HIGH,3,6.3,0,3,9,1,0.111,3,558,3.554,2,157,143.9,66.39,49.37,synthetic,1.0.0,42
synth-task-00795,SYN-ENGG-0795,synth-asset-ENGG-488,NDLS-CNB,TURNOUT_PACKING,ENGG,TURNOUT,4,0,1,50.0,2.667,440.5,1,1,1.23,0,HIGH,3,OPERATIONAL,1,MEDIUM,2,11.29,0,2,11,5,0.455,1,209,1.548,6,135,126.5,40.89,82.27,synthetic,1.0.0,42
synth-task-00796,SYN-TRD-0796,synth-asset-TRD-263,CSMT-KYN,CONTACT_WIRE_RENEWAL,TRD,OHE_LINE,4,1,1,0.0,2.679,54.0,1,1,4.47,0,MEDIUM,2,DEGRADED,3,LOW,1,6.9,0,2,14,6,0.429,2,458,1.9,7,241,267.8,45.65,94.62,synthetic,1.0.0,42
synth-task-00797,SYN-TRD-0797,synth-asset-TRD-806,MAS-GDR,CANTILEVER_ADJUSTMENT,TRD,OHE_MAST,3,1,1,0.0,2.642,138.0,1,1,2.16,0,CRITICAL,4,DEGRADED,3,IMMEDIATE,4,6.46,0,3,11,1,0.091,1,156,0.934,1,167,158.2,79.4,59.77,synthetic,1.0.0,42
synth-task-00798,SYN-ENGG-0798,synth-asset-ENGG-864,HWH-DDU,RAIL_FRACTURE_REPAIR,ENGG,TRACK,1,0,1,50.0,3.851,675.0,1,1,4.66,2,CRITICAL,4,FAILED,5,IMMEDIATE,4,-0.37,1,5,13,3,0.231,3,498,4.611,3,108,131.3,100.0,72.49,synthetic,1.0.0,42
synth-task-00799,SYN-ENGG-0799,synth-asset-ENGG-190,HWH-DDU,RAIL_FRACTURE_REPAIR,ENGG,TRACK,1,0,1,20.0,1.917,675.0,1,1,5.28,0,CRITICAL,4,FAILED,5,IMMEDIATE,4,-1.22,1,5,14,6,0.429,3,504,5.25,6,96,106.9,100.0,87.76,synthetic,1.0.0,42
synth-task-00800,SYN-ENGG-0800,synth-asset-ENGG-282,HWH-DDU,TRACK_TAMPING,ENGG,TRACK,4,0,1,50.0,3.305,675.0,1,1,5.16,1,MEDIUM,2,DEGRADED,3,LOW,1,12.38,0,2,14,7,0.5,1,159,0.803,7,198,249.3,47.77,97.93,synthetic,1.0.0,42
synth-task-00801,SYN-TRD-0801,synth-asset-TRD-670,CSMT-KYN,INSULATOR_WASHING,TRD,OHE_INSULATOR,2,1,1,0.0,2.666,54.0,1,1,0.61,0,MEDIUM,2,MAINTENANCE_REQUIRED,4,HIGH,3,10.16,0,4,22,10,0.455,2,408,4.69,10,87,117.5,72.92,90.53,synthetic,1.0.0,42
synth-task-00802,SYN-TRD-0802,synth-asset-TRD-565,HWH-DDU,INSULATOR_WASHING,TRD,OHE_INSULATOR,3,1,1,0.0,2.496,675.0,1,1,3.4,0,HIGH,3,DEGRADED,3,LOW,1,-2.09,1,3,7,3,0.429,2,398,2.823,4,141,103.6,64.32,50.08,synthetic,1.0.0,42
synth-task-00803,SYN-ENGG-0803,synth-asset-ENGG-476,NDLS-CNB,TRACK_TAMPING,ENGG,TRACK,3,0,1,45.0,2.78,440.5,1,1,3.05,0,HIGH,3,MAINTENANCE_REQUIRED,4,MEDIUM,2,7.66,0,3,8,1,0.125,3,690,3.575,1,193,216.9,70.74,60.11,synthetic,1.0.0,42
synth-task-00804,SYN-SNT-0804,synth-asset-SNT-603,HWH-DDU,TRACK_CIRCUIT_CHECK,SNT,TRACK_CIRCUIT,4,0,1,0.0,1.953,675.0,1,1,1.52,1,MEDIUM,2,DEGRADED,3,HIGH,3,8.08,0,2,8,2,0.25,3,378,5.04,3,75,66.8,60.13,53.37,synthetic,1.0.0,42
synth-task-00805,SYN-ENGG-0805,synth-asset-ENGG-232,HWH-DDU,RAIL_GRINDING,ENGG,TRACK,1,0,1,0.0,2.684,675.0,1,1,2.21,2,LOW,1,FAILED,5,HIGH,3,11.28,0,5,6,1,0.167,3,486,2.059,1,236,231.0,67.92,56.5,synthetic,1.0.0,42
synth-task-00806,SYN-ENGG-0806,synth-asset-ENGG-425,HWH-DDU,TRACK_TAMPING,ENGG,TRACK,4,0,1,30.0,2.351,675.0,1,1,2.7,0,MEDIUM,2,DEGRADED,3,HIGH,3,1.07,0,2,6,1,0.167,2,288,1.34,1,215,215.2,55.64,56.37,synthetic,1.0.0,42
synth-task-00807,SYN-SNT-0807,synth-asset-SNT-996,MAS-GDR,SIGNAL_ASPECT_ALIGNMENT,SNT,SIGNAL,3,0,0,0.0,0.8,138.0,1,1,1.47,0,HIGH,3,DEGRADED,3,MEDIUM,2,13.16,0,3,5,1,0.2,1,173,1.765,0,98,32.5,66.02,27.58,synthetic,1.0.0,42
synth-task-00808,SYN-SNT-0808,synth-asset-SNT-486,CSMT-KYN,AXLE_COUNTER_OVERHAUL,SNT,AXLE_COUNTER,3,0,0,0.0,0.972,54.0,1,1,4.64,1,MEDIUM,2,DEGRADED,3,MEDIUM,2,10.94,0,3,23,7,0.304,1,195,2.074,0,94,79.0,57.11,71.55,synthetic,1.0.0,42
synth-task-00809,SYN-ENGG-0809,synth-asset-ENGG-642,CSMT-KYN,DEEP_SCREENING,ENGG,TRACK,2,0,1,20.0,2.097,54.0,1,1,4.74,0,HIGH,3,OPERATIONAL,1,MEDIUM,2,-2.34,1,4,16,5,0.312,2,414,1.539,6,269,292.2,58.88,91.55,synthetic,1.0.0,42
synth-task-00810,SYN-TRD-0810,synth-asset-TRD-252,HWH-DDU,INSULATOR_WASHING,TRD,OHE_INSULATOR,1,1,1,0.0,2.436,675.0,1,1,3.7,0,CRITICAL,4,UNDER_MAINTENANCE,2,MEDIUM,2,1.46,0,5,10,4,0.4,1,142,1.327,5,107,88.3,70.61,76.29,synthetic,1.0.0,42
synth-task-00811,SYN-ENGG-0811,synth-asset-ENGG-769,CSMT-KYN,RAIL_GRINDING,ENGG,TRACK,3,0,1,30.0,2.181,54.0,1,1,0.65,0,MEDIUM,2,DEGRADED,3,HIGH,3,12.41,0,3,18,3,0.167,1,139,0.549,4,253,193.8,59.05,84.48,synthetic,1.0.0,42
synth-task-00812,SYN-TRD-0812,synth-asset-TRD-629,MAS-GDR,CANTILEVER_ADJUSTMENT,TRD,OHE_MAST,4,1,1,0.0,3.633,138.0,1,1,1.36,2,MEDIUM,2,DEGRADED,3,HIGH,3,12.66,0,2,6,2,0.333,1,182,0.888,2,205,155.5,56.3,56.71,synthetic,1.0.0,42
synth-task-00813,SYN-ENGG-0813,synth-asset-ENGG-508,MAS-GDR,RAIL_GRINDING,ENGG,TRACK,1,0,1,20.0,2.091,138.0,1,1,5.1,0,MEDIUM,2,MAINTENANCE_REQUIRED,4,MEDIUM,2,-4.13,1,5,11,3,0.273,2,416,1.755,4,237,222.3,76.21,71.62,synthetic,1.0.0,42
synth-task-00814,SYN-ENGG-0814,synth-asset-ENGG-284,HWH-DDU,RAIL_GRINDING,ENGG,TRACK,3,0,1,0.0,1.43,675.0,1,1,2.01,0,HIGH,3,DEGRADED,3,LOW,1,8.14,0,3,6,1,0.167,3,363,1.482,2,245,205.1,51.06,48.98,synthetic,1.0.0,42
synth-task-00815,SYN-SNT-0815,synth-asset-SNT-104,NDLS-CNB,INTERLOCKING_LOGIC_TEST,SNT,INTERLOCKING,2,0,1,0.0,1.527,440.5,1,1,5.78,0,HIGH,3,DEGRADED,3,MEDIUM,2,12.57,0,4,9,3,0.333,1,131,0.936,4,140,150.4,64.26,63.37,synthetic,1.0.0,42
synth-task-00816,SYN-SNT-0816,synth-asset-SNT-396,MAS-GDR,INTERLOCKING_LOGIC_TEST,SNT,INTERLOCKING,3,0,1,0.0,2.169,138.0,1,1,4.26,1,MEDIUM,2,OPERATIONAL,1,MEDIUM,2,1.23,0,3,11,5,0.455,2,318,2.078,5,153,151.6,44.32,81.08,synthetic,1.0.0,42
synth-task-00817,SYN-TRD-0817,synth-asset-TRD-839,NDLS-CNB,CANTILEVER_ADJUSTMENT,TRD,OHE_MAST,1,1,1,0.0,2.467,440.5,1,1,3.69,0,MEDIUM,2,MAINTENANCE_REQUIRED,4,IMMEDIATE,4,12.03,0,5,15,5,0.333,2,290,1.638,5,177,174.0,83.05,88.74,synthetic,1.0.0,42
synth-task-00818,SYN-ENGG-0818,synth-asset-ENGG-211,CSMT-KYN,RAIL_GRINDING,ENGG,TRACK,3,0,1,30.0,2.222,54.0,1,1,5.42,0,HIGH,3,MAINTENANCE_REQUIRED,4,IMMEDIATE,4,-1.51,1,3,21,5,0.238,3,534,2.282,5,234,263.4,85.64,89.49,synthetic,1.0.0,42
synth-task-00819,SYN-SNT-0819,synth-asset-SNT-548,NDLS-CNB,SIGNAL_ASPECT_ALIGNMENT,SNT,SIGNAL,4,0,0,0.0,0.8,440.5,1,1,3.3,0,MEDIUM,2,OPERATIONAL,1,HIGH,3,9.46,0,2,9,4,0.444,3,618,11.236,0,55,58.2,42.52,48.19,synthetic,1.0.0,42
synth-task-00820,SYN-SNT-0820,synth-asset-SNT-544,MAS-GDR,INTERLOCKING_LOGIC_TEST,SNT,INTERLOCKING,5,0,1,0.0,2.172,138.0,1,1,1.96,1,HIGH,3,DEGRADED,3,MEDIUM,2,5.0,0,1,7,2,0.286,2,272,2.076,3,131,157.1,48.63,55.04,synthetic,1.0.0,42
synth-task-00821,SYN-ENGG-0821,synth-asset-ENGG-214,HWH-DDU,RAIL_FRACTURE_REPAIR,ENGG,TRACK,1,0,1,30.0,2.166,675.0,1,1,4.77,0,CRITICAL,4,FAILED,5,IMMEDIATE,4,-0.36,1,5,8,1,0.125,2,450,3.659,1,123,92.3,100.0,49.41,synthetic,1.0.0,42
synth-task-00822,SYN-TRD-0822,synth-asset-TRD-646,CSMT-KYN,SUBSTATION_MAINTENANCE,TRD,TRACTION_SUBSTATION,1,1,0,0.0,1.64,54.0,1,1,2.26,0,HIGH,3,MAINTENANCE_REQUIRED,4,IMMEDIATE,4,2.2,0,5,14,1,0.071,2,438,2.076,0,211,206.5,88.76,49.8,synthetic,1.0.0,42
synth-task-00823,SYN-TRD-0823,synth-asset-TRD-934,CSMT-KYN,OHE_INSPECTION,TRD,OHE_LINE,3,1,1,0.0,2.615,54.0,1,1,4.2,0,HIGH,3,DEGRADED,3,MEDIUM,2,-4.13,1,3,14,7,0.5,3,423,2.801,7,151,156.8,74.45,94.92,synthetic,1.0.0,42
synth-task-00824,SYN-SNT-0824,synth-asset-SNT-705,MAS-GDR,POINTS_TESTING,SNT,INTERLOCKING,4,0,1,0.0,1.481,138.0,1,1,1.4,0,MEDIUM,2,DEGRADED,3,MEDIUM,2,8.91,0,2,10,3,0.3,1,135,1.298,4,104,101.2,52.09,63.93,synthetic,1.0.0,42
synth-task-00825,SYN-TRD-0825,synth-asset-TRD-821,HWH-DDU,CANTILEVER_ADJUSTMENT,TRD,OHE_MAST,2,1,1,0.0,2.633,675.0,1,1,5.7,0,HIGH,3,MAINTENANCE_REQUIRED,4,IMMEDIATE,4,-4.46,1,4,10,3,0.3,2,294,1.729,4,170,154.3,95.78,74.79,synthetic,1.0.0,42
synth-task-00826,SYN-SNT-0826,synth-asset-SNT-925,MAS-GDR,TRACK_CIRCUIT_CHECK,SNT,TRACK_CIRCUIT,3,0,1,0.0,1.595,138.0,1,1,3.8,0,MEDIUM,2,UNDER_MAINTENANCE,2,LOW,1,13.49,0,3,9,1,0.111,2,456,9.306,1,49,87.4,47.62,55.05,synthetic,1.0.0,42
synth-task-00827,SYN-ENGG-0827,synth-asset-ENGG-619,MAS-GDR,TURNOUT_PACKING,ENGG,TURNOUT,2,0,1,45.0,3.751,138.0,1,1,2.02,2,HIGH,3,DEGRADED,3,LOW,1,6.73,0,4,7,3,0.429,1,140,1.037,3,135,143.5,61.92,60.96,synthetic,1.0.0,42
synth-task-00828,SYN-ENGG-0828,synth-asset-ENGG-870,NDLS-CNB,TURNOUT_PACKING,ENGG,TURNOUT,2,0,1,0.0,1.563,440.5,1,1,0.52,0,MEDIUM,2,DEGRADED,3,HIGH,3,9.8,0,4,9,3,0.333,2,330,2.773,3,119,100.7,66.2,58.37,synthetic,1.0.0,42
synth-task-00829,SYN-ENGG-0829,synth-asset-ENGG-959,HWH-DDU,RAIL_FRACTURE_REPAIR,ENGG,TRACK,1,0,1,30.0,2.272,675.0,1,1,1.32,0,CRITICAL,4,FAILED,5,IMMEDIATE,4,-0.98,1,5,12,1,0.083,3,579,5.124,2,113,117.4,100.0,59.6,synthetic,1.0.0,42
synth-task-00830,SYN-ENGG-0830,synth-asset-ENGG-744,HWH-DDU,RAIL_FRACTURE_REPAIR,ENGG,TRACK,1,0,1,30.0,2.285,675.0,1,1,3.52,0,CRITICAL,4,FAILED,5,IMMEDIATE,4,-0.75,1,5,12,5,0.417,3,537,4.629,5,116,107.4,100.0,78.35,synthetic,1.0.0,42
synth-task-00831,SYN-TRD-0831,synth-asset-TRD-837,MAS-GDR,CANTILEVER_ADJUSTMENT,TRD,OHE_MAST,4,1,1,0.0,2.411,138.0,1,1,2.63,0,HIGH,3,DEGRADED,3,HIGH,3,7.26,0,2,10,2,0.2,3,474,2.805,3,169,148.7,63.23,68.98,synthetic,1.0.0,42
synth-task-00832,SYN-ENGG-0832,synth-asset-ENGG-399,HWH-DDU,RAIL_GRINDING,ENGG,TRACK,3,0,1,45.0,3.257,675.0,1,1,4.24,1,MEDIUM,2,OPERATIONAL,1,LOW,1,11.29,0,3,8,3,0.375,2,474,2.135,4,222,269.0,35.59,70.61,synthetic,1.0.0,42
synth-task-00833,SYN-ENGG-0833,synth-asset-ENGG-712,HWH-DDU,TURNOUT_PACKING,ENGG,TURNOUT,4,0,1,30.0,2.37,675.0,1,1,4.61,0,HIGH,3,DEGRADED,3,HIGH,3,4.29,0,2,13,6,0.462,3,654,4.606,6,142,130.4,67.78,88.18,synthetic,1.0.0,42
synth-task-00834,SYN-TRD-0834,synth-asset-TRD-132,HWH-DDU,SUBSTATION_MAINTENANCE,TRD,TRACTION_SUBSTATION,1,1,0,0.0,2.586,675.0,1,1,0.59,3,LOW,1,MAINTENANCE_REQUIRED,4,MEDIUM,2,-2.65,1,5,13,6,0.462,1,166,0.761,0,218,174.4,72.8,79.81,synthetic,1.0.0,42
synth-task-00835,SYN-ENGG-0835,synth-asset-ENGG-694,HWH-DDU,DEEP_SCREENING,ENGG,TRACK,2,0,1,45.0,2.773,675.0,1,1,1.05,0,MEDIUM,2,DEGRADED,3,LOW,1,10.65,0,4,9,4,0.444,1,148,0.576,5,257,249.9,60.55,79.76,synthetic,1.0.0,42
synth-task-00836,SYN-ENGG-0836,synth-asset-ENGG-578,HWH-DDU,TURNOUT_PACKING,ENGG,TURNOUT,2,0,1,0.0,2.004,675.0,1,1,4.89,1,CRITICAL,4,OPERATIONAL,1,HIGH,3,10.73,0,4,14,5,0.357,2,258,1.743,5,148,148.0,64.58,84.49,synthetic,1.0.0,42
synth-task-00837,SYN-SNT-0837,synth-asset-SNT-105,NDLS-CNB,TRACK_CIRCUIT_CHECK,SNT,TRACK_CIRCUIT,1,0,1,0.0,1.483,440.5,1,1,1.96,0,MEDIUM,2,MAINTENANCE_REQUIRED,4,IMMEDIATE,4,-4.34,1,5,12,4,0.333,2,332,4.203,4,79,81.3,95.28,72.64,synthetic,1.0.0,42
synth-task-00838,SYN-ENGG-0838,synth-asset-ENGG-245,CSMT-KYN,RAIL_FRACTURE_REPAIR,ENGG,TRACK,1,0,1,50.0,2.671,54.0,1,1,5.16,0,CRITICAL,4,FAILED,5,IMMEDIATE,4,-0.02,1,5,15,1,0.067,2,282,2.474,1,114,105.2,100.0,68.58,synthetic,1.0.0,42
synth-task-00839,SYN-ENGG-0839,synth-asset-ENGG-745,HWH-DDU,RAIL_GRINDING,ENGG,TRACK,3,0,1,50.0,2.864,675.0,1,1,4.82,0,LOW,1,OPERATIONAL,1,MEDIUM,2,1.11,0,3,6,2,0.333,1,120,0.49,3,245,246.0,35.8,66.12,synthetic,1.0.0,42
synth-task-00840,SYN-TRD-0840,synth-asset-TRD-754,MAS-GDR,SUBSTATION_MAINTENANCE,TRD,TRACTION_SUBSTATION,5,1,0,0.0,1.46,138.0,1,1,0.8,0,MEDIUM,2,UNDER_MAINTENANCE,2,MEDIUM,2,10.99,0,1,8,2,0.25,1,170,0.89,0,191,169.3,42.56,44.39,synthetic,1.0.0,42
synth-task-00841,SYN-ENGG-0841,synth-asset-ENGG-106,NDLS-CNB,DEEP_SCREENING,ENGG,TRACK,3,0,1,30.0,2.683,440.5,1,1,4.45,1,HIGH,3,UNDER_MAINTENANCE,2,LOW,1,10.41,0,3,11,1,0.091,1,137,0.486,2,282,310.1,50.28,64.96,synthetic,1.0.0,42
synth-task-00842,SYN-ENGG-0842,synth-asset-ENGG-731,HWH-DDU,TURNOUT_PACKING,ENGG,TURNOUT,4,0,1,50.0,2.948,675.0,1,1,1.55,0,HIGH,3,OPERATIONAL,1,MEDIUM,2,13.57,0,2,8,3,0.375,3,633,4.62,3,137,117.8,40.21,61.08,synthetic,1.0.0,42
synth-task-00843,SYN-TRD-0843,synth-asset-TRD-990,NDLS-CNB,CONTACT_WIRE_RENEWAL,TRD,OHE_LINE,5,1,1,0.0,2.415,440.5,1,1,3.13,0,LOW,1,DEGRADED,3,MEDIUM,2,9.47,0,1,15,8,0.533,3,594,2.496,9,238,236.0,42.33,100.0,synthetic,1.0.0,42
synth-task-00844,SYN-ENGG-0844,synth-asset-ENGG-261,MAS-GDR,TURNOUT_PACKING,ENGG,TURNOUT,1,0,1,0.0,1.679,138.0,1,1,3.88,0,LOW,1,MAINTENANCE_REQUIRED,4,IMMEDIATE,4,-4.64,1,5,9,3,0.333,1,213,1.49,3,143,150.3,81.08,59.81,synthetic,1.0.0,42
synth-task-00845,SYN-ENGG-0845,synth-asset-ENGG-153,NDLS-CNB,TRACK_TAMPING,ENGG,TRACK,1,0,1,0.0,2.4,440.5,1,1,5.02,2,CRITICAL,4,DEGRADED,3,IMMEDIATE,4,-2.63,1,5,15,3,0.2,2,394,1.876,3,210,240.8,92.33,84.18,synthetic,1.0.0,42
synth-task-00846,SYN-ENGG-0846,synth-asset-ENGG-880,NDLS-CNB,RAIL_FRACTURE_REPAIR,ENGG,TRACK,1,0,1,45.0,2.784,440.5,1,1,3.91,0,CRITICAL,4,FAILED,5,IMMEDIATE,4,-0.35,1,5,8,3,0.375,3,513,4.794,3,107,108.0,100.0,54.35,synthetic,1.0.0,42
synth-task-00847,SYN-ENGG-0847,synth-asset-ENGG-715,MAS-GDR,DEEP_SCREENING,ENGG,TRACK,4,0,1,0.0,1.446,138.0,1,1,4.53,0,MEDIUM,2,DEGRADED,3,MEDIUM,2,3.32,0,2,5,2,0.4,1,217,0.916,2,237,255.8,48.37,56.26,synthetic,1.0.0,42
synth-task-00848,SYN-ENGG-0848,synth-asset-ENGG-290,CSMT-KYN,RAIL_GRINDING,ENGG,TRACK,2,0,1,0.0,1.984,54.0,1,1,4.08,1,MEDIUM,2,MAINTENANCE_REQUIRED,4,HIGH,3,-4.6,1,4,18,3,0.167,3,510,2.065,4,247,229.5,79.13,82.77,synthetic,1.0.0,42
synth-task-00849,SYN-SNT-0849,synth-asset-SNT-953,CSMT-KYN,INTERLOCKING_LOGIC_TEST,SNT,INTERLOCKING,1,0,1,0.0,1.663,54.0,1,1,3.08,0,LOW,1,MAINTENANCE_REQUIRED,4,IMMEDIATE,4,-6.41,1,5,19,7,0.368,1,223,1.527,7,146,115.6,87.75,93.96,synthetic,1.0.0,42
synth-task-00850,SYN-TRD-0850,synth-asset-TRD-834,NDLS-CNB,CANTILEVER_ADJUSTMENT,TRD,OHE_MAST,3,1,1,0.0,2.687,440.5,1,1,3.68,0,MEDIUM,2,DEGRADED,3,MEDIUM,2,3.57,0,3,8,3,0.375,1,210,1.265,3,166,167.9,59.01,66.65,synthetic,1.0.0,42
synth-task-00851,SYN-ENGG-0851,synth-asset-ENGG-786,CSMT-KYN,TURNOUT_PACKING,ENGG,TURNOUT,3,0,1,0.0,1.463,54.0,1,1,3.39,0,MEDIUM,2,FAILED,5,HIGH,3,10.48,0,3,18,3,0.167,3,447,3.887,4,115,98.8,71.86,80.28,synthetic,1.0.0,42
synth-task-00852,SYN-SNT-0852,synth-asset-SNT-316,CSMT-KYN,POINTS_TESTING,SNT,INTERLOCKING,3,0,1,0.0,1.478,54.0,1,1,2.16,0,HIGH,3,OPERATIONAL,1,MEDIUM,2,13.48,0,3,24,7,0.292,2,422,4.22,7,100,107.0,49.66,87.89,synthetic,1.0.0,42
synth-task-00853,SYN-TRD-0853,synth-asset-TRD-502,HWH-DDU,SUBSTATION_MAINTENANCE,TRD,TRACTION_SUBSTATION,4,1,0,0.0,1.613,675.0,1,1,5.9,0,LOW,1,DEGRADED,3,LOW,1,6.22,0,2,12,5,0.417,2,430,2.363,0,182,220.2,35.47,74.96,synthetic,1.0.0,42
synth-task-00854,SYN-TRD-0854,synth-asset-TRD-725,NDLS-CNB,CANTILEVER_ADJUSTMENT,TRD,OHE_MAST,2,1,1,20.0,3.036,440.5,1,1,2.86,0,MEDIUM,2,DEGRADED,3,MEDIUM,2,1.88,0,4,13,1,0.077,3,432,2.348,1,184,219.0,59.37,66.77,synthetic,1.0.0,42
synth-task-00855,SYN-ENGG-0855,synth-asset-ENGG-419,HWH-DDU,RAIL_GRINDING,ENGG,TRACK,1,0,1,15.0,1.827,675.0,1,1,5.86,0,LOW,1,FAILED,5,IMMEDIATE,4,5.95,0,5,8,1,0.125,3,681,3.095,2,220,258.7,86.74,69.0,synthetic,1.0.0,42
synth-task-00856,SYN-ENGG-0856,synth-asset-ENGG-264,HWH-DDU,TRACK_TAMPING,ENGG,TRACK,3,0,1,0.0,2.559,675.0,1,1,5.13,2,LOW,1,UNDER_MAINTENANCE,2,HIGH,3,13.96,0,3,12,6,0.5,3,423,2.043,7,207,230.9,49.56,92.34,synthetic,1.0.0,42
synth-task-00857,SYN-TRD-0857,synth-asset-TRD-781,CSMT-KYN,INSULATOR_WASHING,TRD,OHE_INSULATOR,3,1,1,0.0,2.408,54.0,1,1,3.0,0,HIGH,3,OPERATIONAL,1,MEDIUM,2,12.26,0,3,23,9,0.391,1,153,1.264,9,121,94.1,51.73,85.55,synthetic,1.0.0,42
synth-task-00858,SYN-SNT-0858,synth-asset-SNT-494,MAS-GDR,INTERLOCKING_LOGIC_TEST,SNT,INTERLOCKING,1,0,1,0.0,1.433,138.0,1,1,1.86,0,CRITICAL,4,MAINTENANCE_REQUIRED,4,IMMEDIATE,4,11.69,0,5,6,2,0.333,1,130,0.992,3,131,88.2,95.16,44.5,synthetic,1.0.0,42
synth-task-00859,SYN-ENGG-0859,synth-asset-ENGG-356,CSMT-KYN,DEEP_SCREENING,ENGG,TRACK,3,0,1,15.0,1.853,54.0,1,1,4.93,0,MEDIUM,2,OPERATIONAL,1,HIGH,3,12.86,0,3,23,9,0.391,1,202,0.748,9,270,256.4,50.84,94.81,synthetic,1.0.0,42
synth-task-00860,SYN-ENGG-0860,synth-asset-ENGG-611,HWH-DDU,TURNOUT_PACKING,ENGG,TURNOUT,3,0,1,20.0,2.185,675.0,1,1,4.89,0,HIGH,3,MAINTENANCE_REQUIRED,4,IMMEDIATE,4,-3.68,1,3,7,3,0.429,2,316,2.241,4,141,108.9,87.07,54.73,synthetic,1.0.0,42
synth-task-00861,SYN-ENGG-0861,synth-asset-ENGG-802,CSMT-KYN,TURNOUT_PACKING,ENGG,TURNOUT,2,0,1,0.0,1.497,54.0,1,1,5.73,0,CRITICAL,4,DEGRADED,3,HIGH,3,0.52,0,4,22,7,0.318,3,642,4.686,8,137,120.2,77.95,91.99,synthetic,1.0.0,42
synth-task-00862,SYN-SNT-0862,synth-asset-SNT-979,NDLS-CNB,TRACK_CIRCUIT_CHECK,SNT,TRACK_CIRCUIT,2,0,1,0.0,1.695,440.5,1,1,2.9,0,HIGH,3,OPERATIONAL,1,LOW,1,2.97,0,4,12,4,0.333,2,268,2.602,5,103,39.7,43.15,57.29,synthetic,1.0.0,42
synth-task-00863,SYN-SNT-0863,synth-asset-SNT-565,MAS-GDR,TRACK_CIRCUIT_CHECK,SNT,TRACK_CIRCUIT,2,0,1,0.0,1.501,138.0,1,1,1.96,0,CRITICAL,4,DEGRADED,3,IMMEDIATE,4,9.97,0,4,12,5,0.417,2,316,3.901,5,81,64.8,88.98,68.68,synthetic,1.0.0,42
synth-task-00864,SYN-TRD-0864,synth-asset-TRD-957,MAS-GDR,CANTILEVER_ADJUSTMENT,TRD,OHE_MAST,2,1,1,0.0,3.685,138.0,1,1,0.74,2,MEDIUM,2,MAINTENANCE_REQUIRED,4,IMMEDIATE,4,-0.25,1,4,5,1,0.2,3,375,1.933,1,194,176.5,87.49,50.38,synthetic,1.0.0,42
synth-task-00865,SYN-SNT-0865,synth-asset-SNT-822,MAS-GDR,POINTS_TESTING,SNT,INTERLOCKING,3,0,1,0.0,2.041,138.0,1,1,2.2,1,MEDIUM,2,UNDER_MAINTENANCE,2,MEDIUM,2,7.26,0,3,5,2,0.4,2,414,3.664,2,113,94.2,46.89,50.1,synthetic,1.0.0,42
synth-task-00866,SYN-TRD-0866,synth-asset-TRD-542,NDLS-CNB,CANTILEVER_ADJUSTMENT,TRD,OHE_MAST,3,1,1,0.0,2.531,440.5,1,1,4.37,0,MEDIUM,2,DEGRADED,3,LOW,1,13.46,0,3,10,2,0.2,3,663,3.81,3,174,192.4,44.62,61.94,synthetic,1.0.0,42
synth-task-00867,SYN-SNT-0867,synth-asset-SNT-907,MAS-GDR,TRACK_CIRCUIT_CHECK,SNT,TRACK_CIRCUIT,1,0,1,0.0,1.596,138.0,1,1,4.92,0,MEDIUM,2,MAINTENANCE_REQUIRED,4,IMMEDIATE,4,9.08,0,5,9,1,0.111,1,132,1.76,1,75,98.9,80.2,52.73,synthetic,1.0.0,42
synth-task-00868,SYN-ENGG-0868,synth-asset-ENGG-136,CSMT-KYN,RAIL_FRACTURE_REPAIR,ENGG,TRACK,1,0,1,15.0,1.935,54.0,1,1,1.05,0,CRITICAL,4,FAILED,5,IMMEDIATE,4,-0.65,1,5,15,3,0.2,1,121,0.931,3,130,79.2,100.0,67.67,synthetic,1.0.0,42
synth-task-00869,SYN-ENGG-0869,synth-asset-ENGG-490,NDLS-CNB,RAIL_GRINDING,ENGG,TRACK,5,0,1,45.0,3.146,440.5,1,1,4.41,1,HIGH,3,UNDER_MAINTENANCE,2,MEDIUM,2,4.73,0,1,10,2,0.2,3,453,1.928,2,235,275.5,46.62,69.98,synthetic,1.0.0,42
synth-task-00870,SYN-ENGG-0870,synth-asset-ENGG-513,HWH-DDU,RAIL_GRINDING,ENGG,TRACK,1,0,1,20.0,2.594,675.0,1,1,4.07,1,CRITICAL,4,OPERATIONAL,1,IMMEDIATE,4,13.98,0,5,8,1,0.125,3,669,3.201,1,209,237.7,79.56,53.1,synthetic,1.0.0,42
synth-task-00871,SYN-SNT-0871,synth-asset-SNT-601,NDLS-CNB,TRACK_CIRCUIT_CHECK,SNT,TRACK_CIRCUIT,2,0,1,0.0,2.695,440.5,1,1,3.15,2,HIGH,3,MAINTENANCE_REQUIRED,4,HIGH,3,8.17,0,4,13,6,0.462,3,459,5.1,6,90,42.8,76.22,81.81,synthetic,1.0.0,42
synth-task-00872,SYN-TRD-0872,synth-asset-TRD-647,NDLS-CNB,CANTILEVER_ADJUSTMENT,TRD,OHE_MAST,3,1,1,0.0,2.599,440.5,1,1,4.68,0,HIGH,3,OPERATIONAL,1,MEDIUM,2,6.39,0,3,14,1,0.071,2,476,2.559,2,186,173.7,52.46,67.57,synthetic,1.0.0,42
synth-task-00873,SYN-ENGG-0873,synth-asset-ENGG-430,MAS-GDR,RAIL_GRINDING,ENGG,TRACK,1,0,1,15.0,2.525,138.0,1,1,1.75,1,CRITICAL,4,OPERATIONAL,1,HIGH,3,-3.66,1,5,5,2,0.4,2,426,1.844,2,231,219.6,82.26,54.63,synthetic,1.0.0,42
synth-task-00874,SYN-SNT-0874,synth-asset-SNT-652,CSMT-KYN,POINTS_TESTING,SNT,INTERLOCKING,2,0,1,0.0,1.619,54.0,1,1,4.72,0,HIGH,3,MAINTENANCE_REQUIRED,4,IMMEDIATE,4,-0.83,1,4,15,2,0.133,3,633,5.916,2,107,107.3,92.96,70.5,synthetic,1.0.0,42
synth-task-00875,SYN-TRD-0875,synth-asset-TRD-880,HWH-DDU,OHE_INSPECTION,TRD,OHE_LINE,3,1,1,0.0,2.513,675.0,1,1,2.02,0,HIGH,3,UNDER_MAINTENANCE,2,LOW,1,11.67,0,3,12,5,0.417,2,244,1.574,6,155,126.5,51.05,82.36,synthetic,1.0.0,42
synth-task-00876,SYN-TRD-0876,synth-asset-TRD-990,NDLS-CNB,CANTILEVER_ADJUSTMENT,TRD,OHE_MAST,2,1,1,0.0,3.513,440.5,1,1,3.27,3,CRITICAL,4,DEGRADED,3,HIGH,3,3.95,0,4,16,2,0.125,3,531,3.052,3,174,195.6,82.55,78.04,synthetic,1.0.0,42
synth-task-00877,SYN-SNT-0877,synth-asset-SNT-515,NDLS-CNB,SIGNAL_ASPECT_ALIGNMENT,SNT,SIGNAL,1,0,0,0.0,0.8,440.5,1,1,1.67,0,HIGH,3,MAINTENANCE_REQUIRED,4,IMMEDIATE,4,-6.17,1,5,12,2,0.167,2,368,4.973,0,74,30.0,96.02,44.58,synthetic,1.0.0,42
synth-task-00878,SYN-TRD-0878,synth-asset-TRD-845,NDLS-CNB,INSULATOR_WASHING,TRD,OHE_INSULATOR,1,1,1,0.0,2.427,440.5,1,1,1.59,0,CRITICAL,4,MAINTENANCE_REQUIRED,4,HIGH,3,-0.8,1,5,8,1,0.125,1,125,1.025,1,122,96.5,96.43,55.68,synthetic,1.0.0,42
synth-task-00879,SYN-SNT-0879,synth-asset-SNT-660,MAS-GDR,INTERLOCKING_LOGIC_TEST,SNT,INTERLOCKING,3,0,1,0.0,2.492,138.0,1,1,3.23,2,HIGH,3,DEGRADED,3,MEDIUM,2,10.76,0,3,7,2,0.286,3,444,3.469,3,128,162.6,62.5,57.83,synthetic,1.0.0,42
synth-task-00880,SYN-TRD-0880,synth-asset-TRD-389,NDLS-CNB,OHE_INSPECTION,TRD,OHE_LINE,1,1,1,20.0,3.104,440.5,1,1,5.87,0,HIGH,3,MAINTENANCE_REQUIRED,4,MEDIUM,2,-2.02,1,5,13,5,0.385,2,276,1.758,5,157,145.2,87.25,77.06,synthetic,1.0.0,42
synth-task-00881,SYN-TRD-0881,synth-asset-TRD-560,HWH-DDU,OHE_INSPECTION,TRD,OHE_LINE,2,1,1,0.0,2.694,675.0,1,1,4.96,0,MEDIUM,2,FAILED,5,MEDIUM,2,12.45,0,4,12,5,0.417,2,310,2.039,5,152,107.9,69.3,81.56,synthetic,1.0.0,42
synth-task-00882,SYN-SNT-0882,synth-asset-SNT-693,HWH-DDU,INTERLOCKING_LOGIC_TEST,SNT,INTERLOCKING,1,0,1,0.0,1.434,675.0,1,1,1.2,0,CRITICAL,4,DEGRADED,3,MEDIUM,2,12.05,0,5,11,2,0.182,1,161,1.052,3,153,99.2,79.46,60.01,synthetic,1.0.0,42
synth-task-00883,SYN-SNT-0883,synth-asset-SNT-117,CSMT-KYN,INTERLOCKING_LOGIC_TEST,SNT,INTERLOCKING,1,0,1,0.0,1.607,54.0,1,1,3.04,0,CRITICAL,4,UNDER_MAINTENANCE,2,HIGH,3,2.0,0,5,17,1,0.059,3,363,2.75,1,132,126.2,78.51,66.93,synthetic,1.0.0,42
synth-task-00884,SYN-TRD-0884,synth-asset-TRD-805,NDLS-CNB,INSULATOR_WASHING,TRD,OHE_INSULATOR,3,1,1,0.0,2.509,440.5,1,1,2.87,0,MEDIUM,2,DEGRADED,3,MEDIUM,2,4.41,0,3,15,7,0.467,3,705,5.924,8,119,121.7,61.66,95.47,synthetic,1.0.0,42
synth-task-00885,SYN-ENGG-0885,synth-asset-ENGG-960,CSMT-KYN,DEEP_SCREENING,ENGG,TRACK,1,0,1,50.0,2.945,54.0,1,1,0.98,0,HIGH,3,MAINTENANCE_REQUIRED,4,HIGH,3,-2.53,1,5,20,3,0.15,2,410,1.602,4,256,277.2,94.56,76.09,synthetic,1.0.0,42
synth-task-00886,SYN-TRD-0886,synth-asset-TRD-179,CSMT-KYN,OHE_INSPECTION,TRD,OHE_LINE,3,1,1,0.0,2.981,54.0,1,1,2.58,1,HIGH,3,DEGRADED,3,MEDIUM,2,13.38,0,3,22,1,0.045,1,175,1.277,2,137,137.8,63.46,68.25,synthetic,1.0.0,42
synth-task-00887,SYN-TRD-0887,synth-asset-TRD-974,NDLS-CNB,INSULATOR_WASHING,TRD,OHE_INSULATOR,2,1,1,0.0,2.681,440.5,1,1,4.82,0,CRITICAL,4,DEGRADED,3,IMMEDIATE,4,6.25,0,4,11,2,0.182,2,468,3.836,2,122,129.7,82.71,59.24,synthetic,1.0.0,42
synth-task-00888,SYN-SNT-0888,synth-asset-SNT-650,HWH-DDU,INTERLOCKING_LOGIC_TEST,SNT,INTERLOCKING,3,0,1,0.0,1.589,675.0,1,1,2.01,0,HIGH,3,DEGRADED,3,MEDIUM,2,11.42,0,3,6,2,0.333,2,394,2.662,3,148,121.4,64.1,57.88,synthetic,1.0.0,42
synth-task-00889,SYN-SNT-0889,synth-asset-SNT-591,CSMT-KYN,POINTS_TESTING,SNT,INTERLOCKING,3,0,1,0.0,2.69,54.0,1,1,4.35,2,MEDIUM,2,OPERATIONAL,1,MEDIUM,2,8.78,0,3,19,8,0.421,1,230,2.3,9,100,120.6,43.78,87.63,synthetic,1.0.0,42
synth-task-00890,SYN-SNT-0890,synth-asset-SNT-614,NDLS-CNB,AXLE_COUNTER_OVERHAUL,SNT,AXLE_COUNTER,4,0,0,0.0,0.8,440.5,1,1,3.25,0,HIGH,3,DEGRADED,3,LOW,1,4.82,0,2,11,3,0.273,1,211,1.901,0,111,70.0,51.71,49.76,synthetic,1.0.0,42
synth-task-00891,SYN-TRD-0891,synth-asset-TRD-719,NDLS-CNB,CONTACT_WIRE_RENEWAL,TRD,OHE_LINE,2,1,1,0.0,2.669,440.5,1,1,3.21,0,HIGH,3,UNDER_MAINTENANCE,2,MEDIUM,2,12.11,0,4,16,6,0.375,1,121,0.502,6,241,260.6,54.47,100.0,synthetic,1.0.0,42
synth-task-00892,SYN-ENGG-0892,synth-asset-ENGG-572,CSMT-KYN,TURNOUT_PACKING,ENGG,TURNOUT,3,0,1,0.0,1.609,54.0,1,1,3.75,0,MEDIUM,2,DEGRADED,3,MEDIUM,2,6.6,0,3,21,9,0.429,2,456,3.619,9,126,129.5,56.99,96.67,synthetic,1.0.0,42
synth-task-00893,SYN-ENGG-0893,synth-asset-ENGG-561,CSMT-KYN,TURNOUT_PACKING,ENGG,TURNOUT,5,0,1,0.0,2.176,54.0,1,1,3.62,1,MEDIUM,2,DEGRADED,3,MEDIUM,2,4.59,0,1,24,10,0.417,3,696,5.118,11,136,136.7,44.53,92.39,synthetic,1.0.0,42
synth-task-00894,SYN-TRD-0894,synth-asset-TRD-703,NDLS-CNB,SUBSTATION_MAINTENANCE,TRD,TRACTION_SUBSTATION,3,1,0,0.0,1.647,440.5,1,1,1.22,0,HIGH,3,OPERATIONAL,1,MEDIUM,2,12.28,0,3,13,3,0.231,1,132,0.695,0,190,173.9,50.51,61.1,synthetic,1.0.0,42
synth-task-00895,SYN-ENGG-0895,synth-asset-ENGG-180,HWH-DDU,DEEP_SCREENING,ENGG,TRACK,3,0,1,15.0,2.291,675.0,1,1,3.48,1,MEDIUM,2,DEGRADED,3,MEDIUM,2,0.82,0,3,12,5,0.417,1,216,0.815,6,265,261.5,59.64,83.39,synthetic,1.0.0,42
synth-task-00896,SYN-SNT-0896,synth-asset-SNT-134,HWH-DDU,AXLE_COUNTER_OVERHAUL,SNT,AXLE_COUNTER,2,0,0,0.0,0.8,675.0,1,1,5.7,0,LOW,1,DEGRADED,3,MEDIUM,2,1.31,0,4,14,3,0.214,1,193,2.01,0,96,121.2,53.04,57.09,synthetic,1.0.0,42
synth-task-00897,SYN-SNT-0897,synth-asset-SNT-219,MAS-GDR,AXLE_COUNTER_OVERHAUL,SNT,AXLE_COUNTER,2,0,0,0.0,0.8,138.0,1,1,4.82,0,HIGH,3,DEGRADED,3,MEDIUM,2,11.21,0,4,10,5,0.5,1,232,2.417,0,96,75.4,65.93,51.23,synthetic,1.0.0,42
synth-task-00898,SYN-ENGG-0898,synth-asset-ENGG-452,MAS-GDR,RAIL_GRINDING,ENGG,TRACK,4,0,1,50.0,2.789,138.0,1,1,4.47,0,HIGH,3,DEGRADED,3,LOW,1,4.11,0,2,12,6,0.5,1,185,0.826,6,224,265.5,49.41,90.55,synthetic,1.0.0,42
synth-task-00899,SYN-SNT-0899,synth-asset-SNT-586,CSMT-KYN,INTERLOCKING_LOGIC_TEST,SNT,INTERLOCKING,2,0,1,0.0,1.446,54.0,1,1,1.3,0,CRITICAL,4,OPERATIONAL,1,IMMEDIATE,4,-2.89,1,4,24,12,0.5,3,453,2.961,13,153,93.1,77.9,84.45,synthetic,1.0.0,42
synth-task-00900,SYN-TRD-0900,synth-asset-TRD-773,NDLS-CNB,CONTACT_WIRE_RENEWAL,TRD,OHE_LINE,3,1,1,0.0,3.468,440.5,1,1,2.6,2,MEDIUM,2,MAINTENANCE_REQUIRED,4,HIGH,3,-2.64,1,3,16,7,0.438,1,126,0.472,7,267,275.6,78.87,98.52,synthetic,1.0.0,42
synth-task-00901,SYN-ENGG-0901,synth-asset-ENGG-317,CSMT-KYN,TURNOUT_PACKING,ENGG,TURNOUT,3,0,1,0.0,2.018,54.0,1,1,2.62,1,HIGH,3,FAILED,5,HIGH,3,-6.4,1,3,23,1,0.043,3,591,4.02,1,147,117.7,92.3,67.38,synthetic,1.0.0,42
synth-task-00902,SYN-ENGG-0902,synth-asset-ENGG-180,NDLS-CNB,TURNOUT_PACKING,ENGG,TURNOUT,3,0,1,0.0,1.57,440.5,1,1,3.06,0,HIGH,3,UNDER_MAINTENANCE,2,MEDIUM,2,4.15,0,3,13,6,0.462,1,141,1.044,7,135,103.7,57.18,87.54,synthetic,1.0.0,42
synth-task-00903,SYN-ENGG-0903,synth-asset-ENGG-535,NDLS-CNB,TRACK_TAMPING,ENGG,TRACK,2,0,1,50.0,2.791,440.5,1,1,4.89,0,HIGH,3,DEGRADED,3,HIGH,3,-2.7,1,4,8,3,0.375,2,244,1.19,4,205,232.6,74.66,63.65,synthetic,1.0.0,42
synth-task-00904,SYN-ENGG-0904,synth-asset-ENGG-486,CSMT-KYN,TRACK_TAMPING,ENGG,TRACK,2,0,1,45.0,2.605,54.0,1,1,5.52,0,MEDIUM,2,DEGRADED,3,MEDIUM,2,7.81,0,4,15,4,0.267,2,348,1.803,5,193,216.1,59.78,81.07,synthetic,1.0.0,42
synth-task-00905,SYN-TRD-0905,synth-asset-TRD-735,HWH-DDU,SUBSTATION_MAINTENANCE,TRD,TRACTION_SUBSTATION,3,1,0,0.0,1.428,675.0,1,1,5.97,0,HIGH,3,OPERATIONAL,1,HIGH,3,9.86,0,3,7,1,0.143,1,194,0.924,0,210,199.7,52.64,41.61,synthetic,1.0.0,42
synth-task-00906,SYN-TRD-0906,synth-asset-TRD-740,HWH-DDU,SUBSTATION_MAINTENANCE,TRD,TRACTION_SUBSTATION,1,1,0,0.0,1.488,675.0,1,1,5.34,0,HIGH,3,MAINTENANCE_REQUIRED,4,IMMEDIATE,4,-5.28,1,5,7,2,0.286,1,169,0.885,0,191,199.1,94.79,46.95,synthetic,1.0.0,42
synth-task-00907,SYN-ENGG-0907,synth-asset-ENGG-881,MAS-GDR,TRACK_TAMPING,ENGG,TRACK,3,0,1,45.0,2.793,138.0,1,1,5.65,0,HIGH,3,DEGRADED,3,MEDIUM,2,1.75,0,3,8,3,0.375,1,206,0.954,3,216,264.3,66.02,71.76,synthetic,1.0.0,42
synth-task-00908,SYN-TRD-0908,synth-asset-TRD-806,CSMT-KYN,INSULATOR_WASHING,TRD,OHE_INSULATOR,1,1,1,0.0,2.696,54.0,1,1,5.23,0,HIGH,3,MAINTENANCE_REQUIRED,4,MEDIUM,2,8.39,0,5,24,7,0.292,1,207,1.971,8,105,107.4,76.74,90.24,synthetic,1.0.0,42
synth-task-00909,SYN-TRD-0909,synth-asset-TRD-949,NDLS-CNB,OHE_INSPECTION,TRD,OHE_LINE,3,1,1,0.0,2.577,440.5,1,1,1.99,0,HIGH,3,OPERATIONAL,1,LOW,1,5.65,0,3,13,1,0.077,1,232,1.645,2,141,162.7,44.35,61.35,synthetic,1.0.0,42
synth-task-00910,SYN-ENGG-0910,synth-asset-ENGG-103,HWH-DDU,DEEP_SCREENING,ENGG,TRACK,2,0,1,50.0,3.309,675.0,1,1,0.77,1,MEDIUM,2,MAINTENANCE_REQUIRED,4,MEDIUM,2,3.7,0,4,7,3,0.429,1,217,0.746,4,291,283.4,61.13,77.69,synthetic,1.0.0,42
synth-task-00911,SYN-SNT-0911,synth-asset-SNT-827,CSMT-KYN,POINTS_TESTING,SNT,INTERLOCKING,2,0,1,0.0,1.59,54.0,1,1,4.88,0,CRITICAL,4,DEGRADED,3,HIGH,3,3.61,0,4,24,2,0.083,3,570,6.264,2,91,131.0,79.96,70.84,synthetic,1.0.0,42
synth-task-00912,SYN-ENGG-0912,synth-asset-ENGG-891,HWH-DDU,TURNOUT_PACKING,ENGG,TURNOUT,3,0,1,0.0,2.118,675.0,1,1,0.66,1,MEDIUM,2,DEGRADED,3,HIGH,3,4.91,0,3,11,4,0.364,3,522,3.676,4,142,126.6,60.39,73.47,synthetic,1.0.0,42
synth-task-00913,SYN-ENGG-0913,synth-asset-ENGG-811,HWH-DDU,RAIL_GRINDING,ENGG,TRACK,1,0,1,50.0,2.922,675.0,1,1,2.66,0,CRITICAL,4,OPERATIONAL,1,HIGH,3,12.17,0,5,8,3,0.375,2,258,1.057,4,244,254.3,72.41,66.9,synthetic,1.0.0,42
synth-task-00914,SYN-ENGG-0914,synth-asset-ENGG-266,HWH-DDU,TURNOUT_PACKING,ENGG,TURNOUT,4,0,1,0.0,1.632,675.0,1,1,2.89,0,HIGH,3,DEGRADED,3,MEDIUM,2,5.94,0,2,6,2,0.333,2,464,3.489,2,133,123.6,52.66,56.63,synthetic,1.0.0,42
synth-task-00915,SYN-ENGG-0915,synth-asset-ENGG-831,MAS-GDR,TURNOUT_PACKING,ENGG,TURNOUT,2,0,1,0.0,1.403,138.0,1,1,2.2,0,MEDIUM,2,MAINTENANCE_REQUIRED,4,IMMEDIATE,4,-4.8,1,4,10,1,0.1,1,136,0.971,1,140,120.3,93.21,49.78,synthetic,1.0.0,42
synth-task-00916,SYN-SNT-0916,synth-asset-SNT-799,CSMT-KYN,AXLE_COUNTER_OVERHAUL,SNT,AXLE_COUNTER,2,0,0,0.0,0.8,54.0,1,1,2.29,0,MEDIUM,2,UNDER_MAINTENANCE,2,MEDIUM,2,10.48,0,4,22,7,0.318,1,120,1.364,0,88,65.0,57.28,75.29,synthetic,1.0.0,42
synth-task-00917,SYN-ENGG-0917,synth-asset-ENGG-587,MAS-GDR,DEEP_SCREENING,ENGG,TRACK,1,0,1,30.0,2.158,138.0,1,1,2.36,0,LOW,1,MAINTENANCE_REQUIRED,4,MEDIUM,2,-5.8,1,5,12,6,0.5,2,392,1.647,7,238,267.0,72.88,92.11,synthetic,1.0.0,42
synth-task-00918,SYN-ENGG-0918,synth-asset-ENGG-819,MAS-GDR,DEEP_SCREENING,ENGG,TRACK,2,0,1,0.0,1.483,138.0,1,1,2.69,0,HIGH,3,FAILED,5,IMMEDIATE,4,12.37,0,4,5,2,0.4,3,705,2.65,2,266,232.8,86.62,65.16,synthetic,1.0.0,42
synth-task-00919,SYN-ENGG-0919,synth-asset-ENGG-979,NDLS-CNB,RAIL_FRACTURE_REPAIR,ENGG,TRACK,1,0,1,50.0,3.214,440.5,1,1,4.46,1,CRITICAL,4,FAILED,5,IMMEDIATE,4,-1.23,1,5,14,7,0.5,3,366,3.486,8,105,86.5,100.0,84.4,synthetic,1.0.0,42
synth-task-00920,SYN-SNT-0920,synth-asset-SNT-437,NDLS-CNB,INTERLOCKING_LOGIC_TEST,SNT,INTERLOCKING,2,0,1,0.0,1.497,440.5,1,1,2.57,0,MEDIUM,2,MAINTENANCE_REQUIRED,4,IMMEDIATE,4,-2.65,1,4,12,4,0.333,3,411,2.704,4,152,156.9,88.32,77.15,synthetic,1.0.0,42
synth-task-00921,SYN-SNT-0921,synth-asset-SNT-950,MAS-GDR,AXLE_COUNTER_OVERHAUL,SNT,AXLE_COUNTER,3,0,0,0.0,0.8,138.0,1,1,0.51,0,HIGH,3,DEGRADED,3,HIGH,3,-2.96,1,3,11,3,0.273,1,194,2.31,0,84,52.1,81.7,43.88,synthetic,1.0.0,42
synth-task-00922,SYN-ENGG-0922,synth-asset-ENGG-538,CSMT-KYN,DEEP_SCREENING,ENGG,TRACK,3,0,1,0.0,1.483,54.0,1,1,3.81,0,HIGH,3,DEGRADED,3,MEDIUM,2,10.36,0,3,23,12,0.522,1,215,0.776,12,277,261.8,65.03,97.75,synthetic,1.0.0,42
synth-task-00923,SYN-ENGG-0923,synth-asset-ENGG-539,HWH-DDU,RAIL_FRACTURE_REPAIR,ENGG,TRACK,1,0,1,15.0,2.068,675.0,1,1,3.81,0,CRITICAL,4,FAILED,5,IMMEDIATE,4,-0.91,1,5,12,3,0.25,2,392,3.664,4,107,86.7,100.0,66.12,synthetic,1.0.0,42
synth-task-00924,SYN-TRD-0924,synth-asset-TRD-149,MAS-GDR,CONTACT_WIRE_RENEWAL,TRD,OHE_LINE,1,1,1,0.0,2.974,138.0,1,1,3.2,1,MEDIUM,2,MAINTENANCE_REQUIRED,4,IMMEDIATE,4,-1.97,1,5,5,2,0.4,3,384,1.593,3,241,275.4,91.15,61.48,synthetic,1.0.0,42
synth-task-00925,SYN-TRD-0925,synth-asset-TRD-952,NDLS-CNB,CONTACT_WIRE_RENEWAL,TRD,OHE_LINE,1,1,1,0.0,2.495,440.5,1,1,4.0,0,MEDIUM,2,FAILED,5,MEDIUM,2,8.34,0,5,8,3,0.375,1,179,0.743,3,241,267.3,77.32,73.52,synthetic,1.0.0,42
synth-task-00926,SYN-SNT-0926,synth-asset-SNT-606,MAS-GDR,AXLE_COUNTER_OVERHAUL,SNT,AXLE_COUNTER,3,0,0,0.0,0.972,138.0,1,1,0.8,1,MEDIUM,2,DEGRADED,3,LOW,1,4.4,0,3,8,1,0.125,2,304,3.269,0,93,64.6,47.06,28.49,synthetic,1.0.0,42
synth-task-00927,SYN-TRD-0927,synth-asset-TRD-649,HWH-DDU,INSULATOR_WASHING,TRD,OHE_INSULATOR,2,1,1,0.0,2.643,675.0,1,1,1.03,0,LOW,1,MAINTENANCE_REQUIRED,4,IMMEDIATE,4,2.43,0,4,12,4,0.333,2,288,2.341,5,123,91.6,68.9,71.55,synthetic,1.0.0,42
synth-task-00928,SYN-SNT-0928,synth-asset-SNT-499,CSMT-KYN,TRACK_CIRCUIT_CHECK,SNT,TRACK_CIRCUIT,2,0,1,0.0,1.582,54.0,1,1,3.58,0,CRITICAL,4,DEGRADED,3,IMMEDIATE,4,-6.82,1,4,21,3,0.143,2,324,4.696,3,69,80.0,92.5,72.74,synthetic,1.0.0,42
synth-task-00929,SYN-ENGG-0929,synth-asset-ENGG-666,CSMT-KYN,RAIL_GRINDING,ENGG,TRACK,1,0,1,0.0,1.537,54.0,1,1,1.84,0,CRITICAL,4,OPERATIONAL,1,HIGH,3,-2.52,1,5,24,1,0.042,1,144,0.6,2,240,197.1,77.46,75.77,synthetic,1.0.0,42
synth-task-00930,SYN-SNT-0930,synth-asset-SNT-272,HWH-DDU,TRACK_CIRCUIT_CHECK,SNT,TRACK_CIRCUIT,3,0,1,0.0,1.648,675.0,1,1,2.56,0,HIGH,3,DEGRADED,3,MEDIUM,2,5.94,0,3,8,3,0.375,3,645,9.085,4,71,88.3,64.26,58.04,synthetic,1.0.0,42
synth-task-00931,SYN-ENGG-0931,synth-asset-ENGG-413,NDLS-CNB,RAIL_FRACTURE_REPAIR,ENGG,TRACK,1,0,1,15.0,2.436,440.5,1,1,1.54,1,CRITICAL,4,FAILED,5,IMMEDIATE,4,-0.47,1,5,15,8,0.533,1,141,1.343,9,105,86.4,100.0,84.26,synthetic,1.0.0,42
synth-task-00932,SYN-ENGG-0932,synth-asset-ENGG-939,NDLS-CNB,TRACK_TAMPING,ENGG,TRACK,3,0,1,50.0,2.668,440.5,1,1,1.12,0,MEDIUM,2,OPERATIONAL,1,HIGH,3,11.44,0,3,11,1,0.091,3,549,2.44,2,225,239.9,49.76,69.32,synthetic,1.0.0,42
synth-task-00933,SYN-ENGG-0933,synth-asset-ENGG-190,HWH-DDU,TURNOUT_PACKING,ENGG,TURNOUT,1,0,1,0.0,1.654,675.0,1,1,3.41,0,MEDIUM,2,FAILED,5,HIGH,3,-4.21,1,5,11,1,0.091,2,344,3.245,1,106,146.1,89.78,63.27,synthetic,1.0.0,42
synth-task-00934,SYN-SNT-0934,synth-asset-SNT-215,NDLS-CNB,AXLE_COUNTER_OVERHAUL,SNT,AXLE_COUNTER,1,0,0,0.0,0.8,440.5,1,1,5.51,0,LOW,1,MAINTENANCE_REQUIRED,4,IMMEDIATE,4,3.7,0,5,12,2,0.167,1,137,2.076,0,66,75.9,76.85,45.21,synthetic,1.0.0,42
synth-task-00935,SYN-ENGG-0935,synth-asset-ENGG-853,CSMT-KYN,TURNOUT_PACKING,ENGG,TURNOUT,5,0,1,0.0,1.505,54.0,1,1,3.83,0,LOW,1,UNDER_MAINTENANCE,2,MEDIUM,2,1.45,0,1,14,6,0.429,1,166,1.177,7,141,159.1,39.86,92.31,synthetic,1.0.0,42
synth-task-00936,SYN-TRD-0936,synth-asset-TRD-499,MAS-GDR,CANTILEVER_ADJUSTMENT,TRD,OHE_MAST,2,1,1,0.0,3.17,138.0,1,1,1.48,1,MEDIUM,2,OPERATIONAL,1,MEDIUM,2,-0.99,1,4,11,4,0.364,3,459,2.536,5,181,176.8,56.4,79.01,synthetic,1.0.0,42
synth-task-00937,SYN-ENGG-0937,synth-asset-ENGG-222,CSMT-KYN,TRACK_TAMPING,ENGG,TRACK,3,0,1,30.0,2.176,54.0,1,1,4.46,0,HIGH,3,OPERATIONAL,1,MEDIUM,2,4.11,0,3,16,1,0.062,3,486,2.271,2,214,183.6,43.17,73.37,synthetic,1.0.0,42
synth-task-00938,SYN-SNT-0938,synth-asset-SNT-479,NDLS-CNB,AXLE_COUNTER_OVERHAUL,SNT,AXLE_COUNTER,3,0,0,0.0,0.8,440.5,1,1,3.74,0,HIGH,3,DEGRADED,3,MEDIUM,2,8.41,0,3,14,5,0.357,1,181,1.946,0,93,64.8,60.41,59.62,synthetic,1.0.0,42
synth-task-00939,SYN-ENGG-0939,synth-asset-ENGG-154,NDLS-CNB,TURNOUT_PACKING,ENGG,TURNOUT,5,0,1,30.0,2.156,440.5,1,1,0.53,0,MEDIUM,2,OPERATIONAL,1,MEDIUM,2,11.23,0,1,15,7,0.467,3,579,4.165,7,139,145.7,37.53,91.13,synthetic,1.0.0,42
synth-task-00940,SYN-ENGG-0940,synth-asset-ENGG-731,MAS-GDR,TURNOUT_PACKING,ENGG,TURNOUT,3,0,1,30.0,2.936,138.0,1,1,4.47,1,LOW,1,DEGRADED,3,MEDIUM,2,7.11,0,3,5,2,0.4,3,438,2.576,3,170,148.1,49.89,53.76,synthetic,1.0.0,42
synth-task-00941,SYN-SNT-0941,synth-asset-SNT-586,NDLS-CNB,AXLE_COUNTER_OVERHAUL,SNT,AXLE_COUNTER,1,0,0,0.0,1.537,440.5,1,1,5.95,2,CRITICAL,4,DEGRADED,3,HIGH,3,-0.16,1,5,9,1,0.111,2,402,3.865,0,104,68.5,94.71,35.44,synthetic,1.0.0,42
synth-task-00942,SYN-SNT-0942,synth-asset-SNT-318,CSMT-KYN,INTERLOCKING_LOGIC_TEST,SNT,INTERLOCKING,5,0,1,0.0,2.562,54.0,1,1,4.56,2,HIGH,3,DEGRADED,3,MEDIUM,2,6.03,0,1,17,8,0.471,2,326,2.264,9,144,138.0,53.42,91.64,synthetic,1.0.0,42
synth-task-00943,SYN-ENGG-0943,synth-asset-ENGG-311,HWH-DDU,RAIL_FRACTURE_REPAIR,ENGG,TRACK,1,0,1,30.0,2.232,675.0,1,1,3.71,0,CRITICAL,4,FAILED,5,IMMEDIATE,4,-0.9,1,5,8,3,0.375,3,612,5.667,3,108,130.0,100.0,62.23,synthetic,1.0.0,42
synth-task-00944,SYN-ENGG-0944,synth-asset-ENGG-369,CSMT-KYN,TRACK_TAMPING,ENGG,TRACK,3,0,1,15.0,1.855,54.0,1,1,5.41,0,HIGH,3,OPERATIONAL,1,MEDIUM,2,11.75,0,3,16,1,0.062,3,672,3.594,2,187,200.8,47.42,70.71,synthetic,1.0.0,42
synth-task-00945,SYN-ENGG-0945,synth-asset-ENGG-759,NDLS-CNB,RAIL_FRACTURE_REPAIR,ENGG,TRACK,1,0,1,15.0,1.903,440.5,1,1,5.05,0,CRITICAL,4,FAILED,5,IMMEDIATE,4,-0.52,1,5,14,3,0.214,1,178,1.728,4,103,112.5,100.0,73.68,synthetic,1.0.0,42
synth-task-00946,SYN-TRD-0946,synth-asset-TRD-309,MAS-GDR,CONTACT_WIRE_RENEWAL,TRD,OHE_LINE,2,1,1,30.0,3.836,138.0,1,1,3.69,1,HIGH,3,MAINTENANCE_REQUIRED,4,IMMEDIATE,4,5.98,0,4,8,3,0.375,1,185,0.731,3,253,267.5,83.73,69.73,synthetic,1.0.0,42
synth-task-00947,SYN-ENGG-0947,synth-asset-ENGG-982,CSMT-KYN,DEEP_SCREENING,ENGG,TRACK,2,0,1,50.0,2.656,54.0,1,1,5.07,0,HIGH,3,DEGRADED,3,MEDIUM,2,11.1,0,4,15,4,0.267,2,474,1.844,5,257,308.5,68.53,85.31,synthetic,1.0.0,42
synth-task-00948,SYN-SNT-0948,synth-asset-SNT-149,CSMT-KYN,POINTS_TESTING,SNT,INTERLOCKING,4,0,1,0.0,1.488,54.0,1,1,4.62,0,MEDIUM,2,UNDER_MAINTENANCE,2,HIGH,3,11.52,0,2,21,2,0.095,1,127,1.283,3,99,128.8,53.02,74.97,synthetic,1.0.0,42
synth-task-00949,SYN-TRD-0949,synth-asset-TRD-587,CSMT-KYN,OHE_INSPECTION,TRD,OHE_LINE,1,1,1,0.0,2.43,54.0,1,1,3.82,0,CRITICAL,4,MAINTENANCE_REQUIRED,4,MEDIUM,2,6.35,0,5,24,7,0.292,1,228,1.572,8,145,138.8,78.14,90.08,synthetic,1.0.0,42
synth-task-00950,SYN-TRD-0950,synth-asset-TRD-266,CSMT-KYN,OHE_INSPECTION,TRD,OHE_LINE,1,1,1,20.0,2.964,54.0,1,1,5.8,0,LOW,1,MAINTENANCE_REQUIRED,4,MEDIUM,2,-4.03,1,5,23,6,0.261,3,537,3.465,7,155,159.0,72.54,93.49,synthetic,1.0.0,42
synth-task-00951,SYN-TRD-0951,synth-asset-TRD-934,CSMT-KYN,SUBSTATION_MAINTENANCE,TRD,TRACTION_SUBSTATION,3,1,0,0.0,1.976,54.0,1,1,4.53,1,HIGH,3,OPERATIONAL,1,MEDIUM,2,8.51,0,3,14,3,0.214,1,148,0.767,0,193,175.0,46.11,64.96,synthetic,1.0.0,42
synth-task-00952,SYN-TRD-0952,synth-asset-TRD-216,NDLS-CNB,CANTILEVER_ADJUSTMENT,TRD,OHE_MAST,1,1,1,0.0,3.022,440.5,1,1,2.77,1,LOW,1,MAINTENANCE_REQUIRED,4,IMMEDIATE,4,9.23,0,5,13,3,0.231,2,424,2.28,3,186,180.3,82.49,74.19,synthetic,1.0.0,42
synth-task-00953,SYN-ENGG-0953,synth-asset-ENGG-473,HWH-DDU,RAIL_FRACTURE_REPAIR,ENGG,TRACK,1,0,1,15.0,2.501,675.0,1,1,5.81,1,CRITICAL,4,FAILED,5,IMMEDIATE,4,-1.82,1,5,8,1,0.125,2,388,3.008,2,129,102.8,100.0,50.8,synthetic,1.0.0,42
synth-task-00954,SYN-SNT-0954,synth-asset-SNT-431,CSMT-KYN,AXLE_COUNTER_OVERHAUL,SNT,AXLE_COUNTER,2,0,0,0.0,1.627,54.0,1,1,2.87,2,MEDIUM,2,OPERATIONAL,1,MEDIUM,2,8.9,0,4,24,10,0.417,1,174,2.047,0,85,82.1,49.72,76.0,synthetic,1.0.0,42
synth-task-00955,SYN-ENGG-0955,synth-asset-ENGG-227,MAS-GDR,DEEP_SCREENING,ENGG,TRACK,2,0,1,50.0,3.844,138.0,1,1,4.68,2,CRITICAL,4,DEGRADED,3,IMMEDIATE,4,-6.98,1,4,11,2,0.182,2,400,1.404,3,285,349.7,93.4,77.43,synthetic,1.0.0,42
synth-task-00956,SYN-ENGG-0956,synth-asset-ENGG-144,HWH-DDU,RAIL_FRACTURE_REPAIR,ENGG,TRACK,1,0,1,20.0,3.16,675.0,1,1,2.48,3,CRITICAL,4,FAILED,5,IMMEDIATE,4,-0.47,1,5,13,4,0.308,3,444,3.171,4,140,133.7,100.0,85.11,synthetic,1.0.0,42
synth-task-00957,SYN-ENGG-0957,synth-asset-ENGG-601,HWH-DDU,DEEP_SCREENING,ENGG,TRACK,2,0,1,15.0,2.97,675.0,1,1,2.7,2,MEDIUM,2,DEGRADED,3,LOW,1,11.94,0,4,6,2,0.333,2,380,1.372,3,277,299.9,53.46,65.83,synthetic,1.0.0,42
synth-task-00958,SYN-TRD-0958,synth-asset-TRD-580,HWH-DDU,CANTILEVER_ADJUSTMENT,TRD,OHE_MAST,5,1,1,0.0,2.588,675.0,1,1,3.49,0,HIGH,3,OPERATIONAL,1,HIGH,3,4.17,0,1,10,5,0.5,2,268,1.457,6,184,195.7,48.11,75.55,synthetic,1.0.0,42
synth-task-00959,SYN-ENGG-0959,synth-asset-ENGG-321,CSMT-KYN,TRACK_TAMPING,ENGG,TRACK,1,0,1,20.0,2.146,54.0,1,1,5.26,0,CRITICAL,4,UNDER_MAINTENANCE,2,MEDIUM,2,-1.98,1,5,14,2,0.143,1,228,1.2,3,190,214.0,82.83,77.27,synthetic,1.0.0,42
synth-task-00960,SYN-ENGG-0960,synth-asset-ENGG-331,HWH-DDU,TURNOUT_PACKING,ENGG,TURNOUT,5,0,1,0.0,1.467,675.0,1,1,3.17,0,MEDIUM,2,OPERATIONAL,1,MEDIUM,2,13.45,0,1,10,4,0.4,1,154,1.116,4,138,129.8,30.67,71.03,synthetic,1.0.0,42
synth-task-00961,SYN-ENGG-0961,synth-asset-ENGG-241,CSMT-KYN,RAIL_FRACTURE_REPAIR,ENGG,TRACK,1,0,1,20.0,2.061,54.0,1,1,1.76,0,CRITICAL,4,FAILED,5,IMMEDIATE,4,-0.44,1,5,14,3,0.214,1,166,1.566,4,106,96.7,100.0,72.03,synthetic,1.0.0,42
synth-task-00962,SYN-ENGG-0962,synth-asset-ENGG-720,HWH-DDU,TRACK_TAMPING,ENGG,TRACK,3,0,1,45.0,3.229,675.0,1,1,5.69,1,HIGH,3,DEGRADED,3,HIGH,3,5.48,0,3,13,6,0.462,3,615,3.22,7,191,240.1,74.29,95.84,synthetic,1.0.0,42
synth-task-00963,SYN-ENGG-0963,synth-asset-ENGG-589,CSMT-KYN,RAIL_GRINDING,ENGG,TRACK,1,0,1,0.0,1.402,54.0,1,1,3.59,0,HIGH,3,MAINTENANCE_REQUIRED,4,MEDIUM,2,13.87,0,5,16,6,0.375,2,344,1.543,6,223,193.0,76.47,99.76,synthetic,1.0.0,42
synth-task-00964,SYN-ENGG-0964,synth-asset-ENGG-667,MAS-GDR,RAIL_GRINDING,ENGG,TRACK,1,0,1,0.0,2.115,138.0,1,1,5.27,1,CRITICAL,4,MAINTENANCE_REQUIRED,4,IMMEDIATE,4,10.52,0,5,11,2,0.182,3,525,2.178,3,241,234.2,97.38,74.33,synthetic,1.0.0,42
synth-task-00965,SYN-ENGG-0965,synth-asset-ENGG-944,MAS-GDR,DEEP_SCREENING,ENGG,TRACK,5,0,1,0.0,2.138,138.0,1,1,4.97,1,MEDIUM,2,UNDER_MAINTENANCE,2,LOW,1,0.92,0,1,5,1,0.2,1,212,0.774,1,274,265.5,33.42,56.19,synthetic,1.0.0,42
synth-task-00966,SYN-TRD-0966,synth-asset-TRD-853,CSMT-KYN,OHE_INSPECTION,TRD,OHE_LINE,3,1,1,45.0,3.686,54.0,1,1,3.55,0,LOW,1,OPERATIONAL,1,HIGH,3,4.5,0,3,15,4,0.267,1,124,0.838,5,148,138.0,45.95,83.77,synthetic,1.0.0,42
synth-task-00967,SYN-ENGG-0967,synth-asset-ENGG-855,MAS-GDR,RAIL_GRINDING,ENGG,TRACK,1,0,1,50.0,3.168,138.0,1,1,5.56,1,CRITICAL,4,FAILED,5,HIGH,3,12.5,0,5,7,1,0.143,3,456,1.839,2,248,276.6,99.06,55.48,synthetic,1.0.0,42
synth-task-00968,SYN-ENGG-0968,synth-asset-ENGG-537,MAS-GDR,TURNOUT_PACKING,ENGG,TURNOUT,1,0,1,0.0,2.008,138.0,1,1,0.78,1,MEDIUM,2,FAILED,5,IMMEDIATE,4,-1.83,1,5,12,3,0.25,2,376,2.611,4,144,119.4,94.2,70.19,synthetic,1.0.0,42
synth-task-00969,SYN-ENGG-0969,synth-asset-ENGG-541,HWH-DDU,RAIL_GRINDING,ENGG,TRACK,3,0,1,30.0,2.361,675.0,1,1,4.81,0,LOW,1,DEGRADED,3,MEDIUM,2,7.85,0,3,12,2,0.167,3,672,2.96,3,227,240.9,52.06,76.8,synthetic,1.0.0,42
synth-task-00970,SYN-TRD-0970,synth-asset-TRD-361,CSMT-KYN,SUBSTATION_MAINTENANCE,TRD,TRACTION_SUBSTATION,3,1,0,0.0,1.615,54.0,1,1,2.97,0,HIGH,3,DEGRADED,3,MEDIUM,2,13.87,0,3,15,2,0.133,2,330,1.542,0,214,181.5,65.57,63.57,synthetic,1.0.0,42
synth-task-00971,SYN-ENGG-0971,synth-asset-ENGG-114,HWH-DDU,RAIL_GRINDING,ENGG,TRACK,4,0,1,20.0,2.039,675.0,1,1,4.78,0,MEDIUM,2,DEGRADED,3,HIGH,3,5.24,0,2,14,2,0.143,3,396,1.565,2,253,233.8,56.74,74.55,synthetic,1.0.0,42
synth-task-00972,SYN-ENGG-0972,synth-asset-ENGG-321,MAS-GDR,RAIL_FRACTURE_REPAIR,ENGG,TRACK,1,0,1,45.0,2.749,138.0,1,1,3.25,0,CRITICAL,4,FAILED,5,IMMEDIATE,4,-0.52,1,5,5,2,0.4,1,152,1.333,3,114,111.8,100.0,55.83,synthetic,1.0.0,42
synth-task-00973,SYN-ENGG-0973,synth-asset-ENGG-131,NDLS-CNB,RAIL_GRINDING,ENGG,TRACK,3,0,1,30.0,3.152,440.5,1,1,2.43,3,MEDIUM,2,OPERATIONAL,1,LOW,1,9.35,0,3,8,3,0.375,2,300,1.22,4,246,283.3,33.41,69.52,synthetic,1.0.0,42
synth-task-00974,SYN-TRD-0974,synth-asset-TRD-205,HWH-DDU,CONTACT_WIRE_RENEWAL,TRD,OHE_LINE,2,1,1,20.0,3.143,675.0,1,1,4.32,0,HIGH,3,DEGRADED,3,MEDIUM,2,10.4,0,4,12,2,0.167,3,594,2.259,3,263,279.0,66.55,71.84,synthetic,1.0.0,42
synth-task-00975,SYN-ENGG-0975,synth-asset-ENGG-332,NDLS-CNB,TURNOUT_PACKING,ENGG,TURNOUT,1,0,1,30.0,2.185,440.5,1,1,1.82,0,MEDIUM,2,MAINTENANCE_REQUIRED,4,HIGH,3,2.47,0,5,8,1,0.125,2,396,2.658,2,149,136.3,79.14,50.14,synthetic,1.0.0,42
synth-task-00976,SYN-TRD-0976,synth-asset-TRD-166,NDLS-CNB,SUBSTATION_MAINTENANCE,TRD,TRACTION_SUBSTATION,2,1,0,0.0,1.537,440.5,1,1,4.22,0,LOW,1,OPERATIONAL,1,HIGH,3,8.71,0,4,11,3,0.273,2,360,1.935,0,186,175.7,52.09,51.27,synthetic,1.0.0,42
synth-task-00977,SYN-ENGG-0977,synth-asset-ENGG-734,NDLS-CNB,TRACK_TAMPING,ENGG,TRACK,4,0,1,0.0,1.543,440.5,1,1,5.1,0,LOW,1,DEGRADED,3,MEDIUM,2,1.88,0,2,9,4,0.444,1,220,1.0,4,220,249.6,50.47,86.25,synthetic,1.0.0,42
synth-task-00978,SYN-SNT-0978,synth-asset-SNT-942,MAS-GDR,TRACK_CIRCUIT_CHECK,SNT,TRACK_CIRCUIT,5,0,1,50.0,2.73,138.0,1,1,3.25,0,MEDIUM,2,UNDER_MAINTENANCE,2,HIGH,3,9.79,0,1,7,2,0.286,1,200,1.98,3,101,92.5,47.87,51.4,synthetic,1.0.0,42
synth-task-00979,SYN-SNT-0979,synth-asset-SNT-154,MAS-GDR,TRACK_CIRCUIT_CHECK,SNT,TRACK_CIRCUIT,1,0,1,0.0,1.583,138.0,1,1,5.22,0,LOW,1,MAINTENANCE_REQUIRED,4,IMMEDIATE,4,-5.53,1,5,12,1,0.083,3,561,6.448,1,87,46.6,87.51,55.16,synthetic,1.0.0,42
synth-task-00980,SYN-ENGG-0980,synth-asset-ENGG-802,NDLS-CNB,RAIL_GRINDING,ENGG,TRACK,4,0,1,0.0,1.672,440.5,1,1,5.14,0,MEDIUM,2,OPERATIONAL,1,MEDIUM,2,4.17,0,2,13,3,0.231,2,312,1.465,3,213,218.6,38.57,85.19,synthetic,1.0.0,42
synth-task-00981,SYN-ENGG-0981,synth-asset-ENGG-578,CSMT-KYN,RAIL_FRACTURE_REPAIR,ENGG,TRACK,1,0,1,20.0,2.59,54.0,1,1,3.31,1,CRITICAL,4,FAILED,5,IMMEDIATE,4,-1.52,1,5,22,9,0.409,3,369,2.976,10,124,54.2,100.0,80.74,synthetic,1.0.0,42
synth-task-00982,SYN-SNT-0982,synth-asset-SNT-235,HWH-DDU,INTERLOCKING_LOGIC_TEST,SNT,INTERLOCKING,1,0,1,0.0,2.069,675.0,1,1,1.7,1,HIGH,3,MAINTENANCE_REQUIRED,4,MEDIUM,2,-4.73,1,5,13,1,0.077,3,372,2.696,1,138,120.1,83.68,66.15,synthetic,1.0.0,42
synth-task-00983,SYN-SNT-0983,synth-asset-SNT-720,MAS-GDR,POINTS_TESTING,SNT,INTERLOCKING,3,0,1,0.0,1.495,138.0,1,1,4.64,0,LOW,1,DEGRADED,3,MEDIUM,2,-5.42,1,3,5,2,0.4,2,436,3.893,3,112,65.4,57.97,46.85,synthetic,1.0.0,42
synth-task-00984,SYN-ENGG-0984,synth-asset-ENGG-375,HWH-DDU,TRACK_TAMPING,ENGG,TRACK,3,0,1,50.0,2.69,675.0,1,1,2.71,0,MEDIUM,2,MAINTENANCE_REQUIRED,4,IMMEDIATE,4,-6.42,1,3,10,5,0.5,1,159,0.791,5,201,219.2,85.34,88.5,synthetic,1.0.0,42
synth-task-00985,SYN-SNT-0985,synth-asset-SNT-853,MAS-GDR,TRACK_CIRCUIT_CHECK,SNT,TRACK_CIRCUIT,2,0,1,0.0,1.592,138.0,1,1,5.0,0,MEDIUM,2,MAINTENANCE_REQUIRED,4,IMMEDIATE,4,-4.68,1,4,9,1,0.111,3,609,7.081,2,86,65.1,92.0,45.21,synthetic,1.0.0,42
synth-task-00986,SYN-ENGG-0986,synth-asset-ENGG-642,HWH-DDU,DEEP_SCREENING,ENGG,TRACK,3,0,1,50.0,2.83,675.0,1,1,3.82,0,HIGH,3,DEGRADED,3,LOW,1,8.75,0,3,8,2,0.25,2,432,1.571,3,275,291.2,55.66,72.13,synthetic,1.0.0,42
synth-task-00987,SYN-ENGG-0987,synth-asset-ENGG-242,MAS-GDR,RAIL_GRINDING,ENGG,TRACK,1,0,1,0.0,1.526,138.0,1,1,5.98,0,CRITICAL,4,MAINTENANCE_REQUIRED,4,IMMEDIATE,4,4.92,0,5,6,1,0.167,1,232,1.172,1,198,206.9,96.35,55.46,synthetic,1.0.0,42
synth-task-00988,SYN-ENGG-0988,synth-asset-ENGG-407,HWH-DDU,DEEP_SCREENING,ENGG,TRACK,2,0,1,0.0,1.599,675.0,1,1,1.43,0,CRITICAL,4,DEGRADED,3,HIGH,3,-0.53,1,4,9,4,0.444,2,308,1.222,5,252,234.1,90.48,74.69,synthetic,1.0.0,42
synth-task-00989,SYN-SNT-0989,synth-asset-SNT-712,NDLS-CNB,INTERLOCKING_LOGIC_TEST,SNT,INTERLOCKING,3,0,1,0.0,1.405,440.5,1,1,4.98,0,HIGH,3,DEGRADED,3,MEDIUM,2,2.98,0,3,12,4,0.333,3,675,4.754,4,142,102.0,62.19,72.59,synthetic,1.0.0,42
synth-task-00990,SYN-TRD-0990,synth-asset-TRD-923,MAS-GDR,CONTACT_WIRE_RENEWAL,TRD,OHE_LINE,3,1,1,0.0,3.422,138.0,1,1,1.49,3,HIGH,3,UNDER_MAINTENANCE,2,MEDIUM,2,12.56,0,3,11,2,0.182,1,124,0.496,2,250,269.8,52.93,69.17,synthetic,1.0.0,42
synth-task-00991,SYN-SNT-0991,synth-asset-SNT-948,MAS-GDR,TRACK_CIRCUIT_CHECK,SNT,TRACK_CIRCUIT,1,0,1,50.0,2.823,138.0,1,1,3.39,0,HIGH,3,MAINTENANCE_REQUIRED,4,HIGH,3,4.45,0,5,11,5,0.455,1,191,2.099,6,91,66.7,82.23,71.81,synthetic,1.0.0,42
synth-task-00992,SYN-ENGG-0992,synth-asset-ENGG-966,HWH-DDU,RAIL_FRACTURE_REPAIR,ENGG,TRACK,1,0,1,50.0,3.431,675.0,1,1,4.02,1,CRITICAL,4,FAILED,5,IMMEDIATE,4,-0.66,1,5,7,3,0.429,1,130,1.008,4,129,87.4,100.0,51.5,synthetic,1.0.0,42
synth-task-00993,SYN-ENGG-0993,synth-asset-ENGG-476,CSMT-KYN,RAIL_FRACTURE_REPAIR,ENGG,TRACK,1,0,1,20.0,2.046,54.0,1,1,3.09,0,CRITICAL,4,FAILED,5,IMMEDIATE,4,-0.39,1,5,21,4,0.19,1,200,2.326,5,86,85.2,100.0,79.27,synthetic,1.0.0,42
synth-task-00994,SYN-ENGG-0994,synth-asset-ENGG-453,HWH-DDU,RAIL_GRINDING,ENGG,TRACK,3,0,1,15.0,2.015,675.0,1,1,5.4,0,HIGH,3,DEGRADED,3,HIGH,3,12.54,0,3,10,3,0.3,2,366,1.519,3,241,251.8,70.15,76.58,synthetic,1.0.0,42
synth-task-00995,SYN-TRD-0995,synth-asset-TRD-602,MAS-GDR,CANTILEVER_ADJUSTMENT,TRD,OHE_MAST,4,1,1,0.0,3.047,138.0,1,1,1.74,1,MEDIUM,2,UNDER_MAINTENANCE,2,HIGH,3,-0.63,1,2,5,1,0.2,1,172,1.042,1,165,162.3,63.83,48.8,synthetic,1.0.0,42
synth-task-00996,SYN-ENGG-0996,synth-asset-ENGG-366,NDLS-CNB,RAIL_GRINDING,ENGG,TRACK,2,0,1,50.0,3.754,440.5,1,1,2.75,2,HIGH,3,MAINTENANCE_REQUIRED,4,IMMEDIATE,4,-6.85,1,4,16,1,0.062,1,197,0.764,1,258,273.2,89.06,73.85,synthetic,1.0.0,42
synth-task-00997,SYN-SNT-0997,synth-asset-SNT-230,CSMT-KYN,POINTS_TESTING,SNT,INTERLOCKING,3,0,1,0.0,1.463,54.0,1,1,3.4,0,MEDIUM,2,OPERATIONAL,1,LOW,1,3.7,0,3,24,8,0.333,2,382,3.898,9,98,86.4,36.16,90.13,synthetic,1.0.0,42
synth-task-00998,SYN-TRD-0998,synth-asset-TRD-953,HWH-DDU,CONTACT_WIRE_RENEWAL,TRD,OHE_LINE,1,1,1,45.0,3.734,675.0,1,1,1.36,0,LOW,1,FAILED,5,MEDIUM,2,-2.67,1,5,6,1,0.167,3,477,2.111,1,226,272.0,75.81,52.55,synthetic,1.0.0,42
synth-task-00999,SYN-ENGG-0999,synth-asset-ENGG-917,HWH-DDU,TURNOUT_PACKING,ENGG,TURNOUT,2,0,1,15.0,1.938,675.0,1,1,2.82,0,CRITICAL,4,OPERATIONAL,1,HIGH,3,-1.78,1,4,8,3,0.375,1,131,0.91,4,144,89.9,73.44,53.79,synthetic,1.0.0,42
synth-task-01000,SYN-ENGG-1000,synth-asset-ENGG-401,CSMT-KYN,DEEP_SCREENING,ENGG,TRACK,3,0,1,15.0,1.94,54.0,1,1,1.57,0,HIGH,3,DEGRADED,3,MEDIUM,2,11.19,0,3,23,7,0.304,3,480,1.943,8,247,221.9,57.88,97.67,synthetic,1.0.0,42
synth-task-01001,SYN-SNT-1001,synth-asset-SNT-974,NDLS-CNB,POINTS_TESTING,SNT,INTERLOCKING,5,0,1,0.0,1.491,440.5,1,1,1.18,0,MEDIUM,2,DEGRADED,3,LOW,1,4.5,0,1,14,7,0.5,2,278,2.376,8,117,100.2,34.82,82.97,synthetic,1.0.0,42
synth-task-01002,SYN-ENGG-1002,synth-asset-ENGG-204,MAS-GDR,TURNOUT_PACKING,ENGG,TURNOUT,2,0,1,0.0,1.657,138.0,1,1,5.6,0,CRITICAL,4,UNDER_MAINTENANCE,2,IMMEDIATE,4,2.03,0,4,11,5,0.455,2,338,2.889,5,117,148.5,74.15,81.54,synthetic,1.0.0,42
synth-task-01003,SYN-ENGG-1003,synth-asset-ENGG-810,NDLS-CNB,TRACK_TAMPING,ENGG,TRACK,3,0,1,30.0,2.266,440.5,1,1,3.92,0,HIGH,3,DEGRADED,3,MEDIUM,2,9.76,0,3,11,4,0.364,2,254,1.204,4,211,161.0,62.4,74.4,synthetic,1.0.0,42
synth-task-01004,SYN-TRD-1004,synth-asset-TRD-409,HWH-DDU,SUBSTATION_MAINTENANCE,TRD,TRACTION_SUBSTATION,2,1,0,0.0,1.476,675.0,1,1,4.37,0,MEDIUM,2,MAINTENANCE_REQUIRED,4,IMMEDIATE,4,3.45,0,4,9,1,0.111,1,183,0.884,0,207,150.6,74.94,41.4,synthetic,1.0.0,42
synth-task-01005,SYN-ENGG-1005,synth-asset-ENGG-129,HWH-DDU,TRACK_TAMPING,ENGG,TRACK,1,0,1,45.0,2.55,675.0,1,1,5.61,0,CRITICAL,4,OPERATIONAL,1,IMMEDIATE,4,-2.83,1,5,6,1,0.167,3,408,1.846,1,221,241.0,83.15,56.84,synthetic,1.0.0,42
synth-task-01006,SYN-SNT-1006,synth-asset-SNT-747,MAS-GDR,INTERLOCKING_LOGIC_TEST,SNT,INTERLOCKING,1,0,1,0.0,1.516,138.0,1,1,5.98,0,HIGH,3,MAINTENANCE_REQUIRED,4,HIGH,3,-2.29,1,5,5,2,0.4,1,139,1.086,3,128,132.5,91.08,53.77,synthetic,1.0.0,42
synth-task-01007,SYN-SNT-1007,synth-asset-SNT-502,NDLS-CNB,POINTS_TESTING,SNT,INTERLOCKING,1,0,1,0.0,1.503,440.5,1,1,4.28,0,CRITICAL,4,MAINTENANCE_REQUIRED,4,HIGH,3,13.6,0,5,15,8,0.533,3,651,6.084,9,107,111.8,84.81,88.0,synthetic,1.0.0,42
synth-task-01008,SYN-ENGG-1008,synth-asset-ENGG-555,NDLS-CNB,RAIL_GRINDING,ENGG,TRACK,2,0,1,45.0,2.562,440.5,1,1,5.27,0,HIGH,3,UNDER_MAINTENANCE,2,MEDIUM,2,11.53,0,4,16,4,0.25,1,128,0.574,5,223,261.0,57.69,91.65,synthetic,1.0.0,42
synth-task-01009,SYN-TRD-1009,synth-asset-TRD-626,HWH-DDU,SUBSTATION_MAINTENANCE,TRD,TRACTION_SUBSTATION,5,1,0,0.0,2.037,675.0,1,1,3.11,1,MEDIUM,2,UNDER_MAINTENANCE,2,HIGH,3,-5.06,1,1,6,2,0.333,2,424,2.163,0,196,200.6,55.46,46.06,synthetic,1.0.0,42
synth-task-01010,SYN-SNT-1010,synth-asset-SNT-183,NDLS-CNB,TRACK_CIRCUIT_CHECK,SNT,TRACK_CIRCUIT,2,0,1,0.0,1.585,440.5,1,1,3.21,0,CRITICAL,4,DEGRADED,3,IMMEDIATE,4,9.42,0,4,13,4,0.308,2,440,5.867,5,75,37.8,84.88,73.24,synthetic,1.0.0,42
synth-task-01011,SYN-TRD-1011,synth-asset-TRD-856,HWH-DDU,SUBSTATION_MAINTENANCE,TRD,TRACTION_SUBSTATION,2,1,0,0.0,2.096,675.0,1,1,5.93,1,CRITICAL,4,MAINTENANCE_REQUIRED,4,HIGH,3,4.6,0,4,10,4,0.4,1,173,0.883,0,196,195.6,85.36,57.44,synthetic,1.0.0,42
synth-task-01012,SYN-ENGG-1012,synth-asset-ENGG-839,MAS-GDR,TURNOUT_PACKING,ENGG,TURNOUT,3,0,1,50.0,2.811,138.0,1,1,0.5,0,HIGH,3,DEGRADED,3,MEDIUM,2,11.46,0,3,9,1,0.111,2,456,3.081,2,148,146.8,63.49,55.75,synthetic,1.0.0,42
synth-task-01013,SYN-SNT-1013,synth-asset-SNT-533,MAS-GDR,INTERLOCKING_LOGIC_TEST,SNT,INTERLOCKING,1,0,1,0.0,2.447,138.0,1,1,5.98,2,HIGH,3,FAILED,5,HIGH,3,8.35,0,5,8,2,0.25,1,142,0.882,3,161,173.4,88.95,53.46,synthetic,1.0.0,42
synth-task-01014,SYN-ENGG-1014,synth-asset-ENGG-127,CSMT-KYN,RAIL_FRACTURE_REPAIR,ENGG,TRACK,1,0,1,30.0,2.364,54.0,1,1,0.81,0,CRITICAL,4,FAILED,5,IMMEDIATE,4,-1.64,1,5,14,4,0.286,2,352,3.785,5,93,102.0,100.0,73.26,synthetic,1.0.0,42
synth-task-01015,SYN-SNT-1015,synth-asset-SNT-674,HWH-DDU,TRACK_CIRCUIT_CHECK,SNT,TRACK_CIRCUIT,2,0,1,45.0,2.775,675.0,1,1,3.42,0,CRITICAL,4,MAINTENANCE_REQUIRED,4,IMMEDIATE,4,1.83,0,4,7,2,0.286,1,162,1.952,3,83,60.4,87.55,44.98,synthetic,1.0.0,42
synth-task-01016,SYN-TRD-1016,synth-asset-TRD-299,NDLS-CNB,CANTILEVER_ADJUSTMENT,TRD,OHE_MAST,2,1,1,0.0,2.984,440.5,1,1,1.26,1,MEDIUM,2,MAINTENANCE_REQUIRED,4,HIGH,3,-3.34,1,4,8,3,0.375,1,203,1.0,4,203,195.2,81.93,64.74,synthetic,1.0.0,42
synth-task-01017,SYN-TRD-1017,synth-asset-TRD-222,CSMT-KYN,CANTILEVER_ADJUSTMENT,TRD,OHE_MAST,3,1,1,0.0,2.608,54.0,1,1,5.33,0,HIGH,3,OPERATIONAL,1,MEDIUM,2,2.28,0,3,16,6,0.375,2,476,2.751,7,173,198.6,48.11,90.03,synthetic,1.0.0,42
synth-task-01018,SYN-SNT-1018,synth-asset-SNT-833,HWH-DDU,AXLE_COUNTER_OVERHAUL,SNT,AXLE_COUNTER,3,0,0,0.0,0.8,675.0,1,1,4.34,0,HIGH,3,OPERATIONAL,1,LOW,1,10.23,0,3,13,6,0.462,1,202,2.494,0,81,98.0,47.14,69.83,synthetic,1.0.0,42
synth-task-01019,SYN-ENGG-1019,synth-asset-ENGG-945,MAS-GDR,DEEP_SCREENING,ENGG,TRACK,3,0,1,30.0,2.414,138.0,1,1,3.2,0,LOW,1,UNDER_MAINTENANCE,2,LOW,1,13.16,0,3,12,4,0.333,3,504,1.8,5,280,295.5,36.69,89.23,synthetic,1.0.0,42
synth-task-01020,SYN-ENGG-1020,synth-asset-ENGG-731,NDLS-CNB,DEEP_SCREENING,ENGG,TRACK,1,0,1,15.0,1.892,440.5,1,1,3.96,0,CRITICAL,4,UNDER_MAINTENANCE,2,HIGH,3,-1.76,1,5,12,1,0.083,1,132,0.541,2,244,255.0,86.57,70.46,synthetic,1.0.0,42
synth-task-01021,SYN-ENGG-1021,synth-asset-ENGG-958,MAS-GDR,DEEP_SCREENING,ENGG,TRACK,2,0,1,20.0,1.992,138.0,1,1,3.81,0,CRITICAL,4,DEGRADED,3,IMMEDIATE,4,10.15,0,4,5,2,0.4,3,564,2.153,3,262,276.4,81.07,57.09,synthetic,1.0.0,42
synth-task-01022,SYN-SNT-1022,synth-asset-SNT-451,MAS-GDR,SIGNAL_ASPECT_ALIGNMENT,SNT,SIGNAL,2,0,0,0.0,1.133,138.0,1,1,4.38,1,CRITICAL,4,DEGRADED,3,IMMEDIATE,4,-6.25,1,4,8,2,0.25,1,150,1.807,0,83,77.9,94.08,35.02,synthetic,1.0.0,42
synth-task-01023,SYN-TRD-1023,synth-asset-TRD-831,HWH-DDU,CONTACT_WIRE_RENEWAL,TRD,OHE_LINE,1,1,1,30.0,3.249,675.0,1,1,4.07,0,LOW,1,MAINTENANCE_REQUIRED,4,MEDIUM,2,0.89,0,5,10,3,0.3,1,197,0.738,3,267,259.9,65.35,74.62,synthetic,1.0.0,42
synth-task-01024,SYN-ENGG-1024,synth-asset-ENGG-633,NDLS-CNB,RAIL_GRINDING,ENGG,TRACK,2,0,1,30.0,2.376,440.5,1,1,3.03,0,HIGH,3,MAINTENANCE_REQUIRED,4,MEDIUM,2,4.22,0,4,10,1,0.1,1,124,0.477,1,260,243.3,70.45,64.25,synthetic,1.0.0,42
synth-task-01025,SYN-SNT-1025,synth-asset-SNT-838,CSMT-KYN,AXLE_COUNTER_OVERHAUL,SNT,AXLE_COUNTER,3,0,0,0.0,1.173,54.0,1,1,4.46,1,LOW,1,OPERATIONAL,1,LOW,1,2.73,0,3,16,6,0.375,1,201,1.896,0,106,66.3,30.38,72.53,synthetic,1.0.0,42
synth-task-01026,SYN-SNT-1026,synth-asset-SNT-754,HWH-DDU,POINTS_TESTING,SNT,INTERLOCKING,5,0,1,0.0,1.474,675.0,1,1,2.2,0,MEDIUM,2,DEGRADED,3,MEDIUM,2,12.82,0,1,7,1,0.143,1,146,1.115,1,131,96.3,44.43,46.24,synthetic,1.0.0,42
synth-task-01027,SYN-ENGG-1027,synth-asset-ENGG-553,HWH-DDU,DEEP_SCREENING,ENGG,TRACK,3,0,1,50.0,3.345,675.0,1,1,4.57,1,HIGH,3,DEGRADED,3,LOW,1,11.09,0,3,14,2,0.143,1,180,0.632,3,285,349.4,56.17,81.85,synthetic,1.0.0,42
synth-task-01028,SYN-TRD-1028,synth-asset-TRD-503,NDLS-CNB,OHE_INSPECTION,TRD,OHE_LINE,3,1,1,0.0,2.574,440.5,1,1,4.8,0,LOW,1,OPERATIONAL,1,MEDIUM,2,12.19,0,3,8,1,0.125,1,174,1.192,2,146,145.7,30.95,50.44,synthetic,1.0.0,42
synth-task-01029,SYN-SNT-1029,synth-asset-SNT-523,MAS-GDR,SIGNAL_ASPECT_ALIGNMENT,SNT,SIGNAL,1,0,0,0.0,0.8,138.0,1,1,5.7,0,CRITICAL,4,UNDER_MAINTENANCE,2,MEDIUM,2,-6.72,1,5,8,3,0.375,3,624,8.432,0,74,70.5,81.05,43.06,synthetic,1.0.0,42
synth-task-01030,SYN-SNT-1030,synth-asset-SNT-673,NDLS-CNB,POINTS_TESTING,SNT,INTERLOCKING,5,0,1,0.0,1.927,440.5,1,1,2.81,1,HIGH,3,OPERATIONAL,1,MEDIUM,2,7.77,0,1,12,1,0.083,2,298,3.311,2,90,111.4,41.3,61.66,synthetic,1.0.0,42
synth-task-01031,SYN-ENGG-1031,synth-asset-ENGG-819,MAS-GDR,TRACK_TAMPING,ENGG,TRACK,2,0,1,30.0,2.293,138.0,1,1,4.24,0,HIGH,3,MAINTENANCE_REQUIRED,4,MEDIUM,2,-0.69,1,4,9,4,0.444,1,179,0.899,5,199,211.2,80.99,80.17,synthetic,1.0.0,42
synth-task-01032,SYN-TRD-1032,synth-asset-TRD-601,HWH-DDU,CANTILEVER_ADJUSTMENT,TRD,OHE_MAST,3,1,1,0.0,2.629,675.0,1,1,5.23,0,MEDIUM,2,DEGRADED,3,MEDIUM,2,2.58,0,3,13,3,0.231,3,552,3.136,3,176,188.2,54.9,79.93,synthetic,1.0.0,42
synth-task-01033,SYN-TRD-1033,synth-asset-TRD-192,NDLS-CNB,INSULATOR_WASHING,TRD,OHE_INSULATOR,4,1,1,0.0,3.071,440.5,1,1,1.48,1,HIGH,3,OPERATIONAL,1,LOW,1,1.78,0,2,15,7,0.467,1,174,1.308,7,133,67.8,41.45,91.38,synthetic,1.0.0,42
synth-task-01034,SYN-ENGG-1034,synth-asset-ENGG-941,NDLS-CNB,DEEP_SCREENING,ENGG,TRACK,3,0,1,15.0,1.844,440.5,1,1,0.91,0,MEDIUM,2,OPERATIONAL,1,MEDIUM,2,11.15,0,3,14,7,0.5,1,189,0.784,8,241,225.1,47.13,98.46,synthetic,1.0.0,42
synth-task-01035,SYN-ENGG-1035,synth-asset-ENGG-847,CSMT-KYN,TURNOUT_PACKING,ENGG,TURNOUT,4,0,1,0.0,1.992,54.0,1,1,2.15,1,HIGH,3,OPERATIONAL,1,HIGH,3,12.36,0,2,23,8,0.348,3,402,2.68,8,150,166.7,47.71,95.13,synthetic,1.0.0,42
synth-task-01036,SYN-SNT-1036,synth-asset-SNT-405,CSMT-KYN,INTERLOCKING_LOGIC_TEST,SNT,INTERLOCKING,2,0,1,0.0,1.526,54.0,1,1,2.36,0,HIGH,3,OPERATIONAL,1,MEDIUM,2,13.71,0,4,16,6,0.375,2,436,3.049,6,143,125.0,55.05,94.55,synthetic,1.0.0,42
synth-task-01037,SYN-ENGG-1037,synth-asset-ENGG-742,MAS-GDR,DEEP_SCREENING,ENGG,TRACK,4,0,1,45.0,2.768,138.0,1,1,1.96,0,MEDIUM,2,DEGRADED,3,LOW,1,4.41,0,2,6,1,0.167,2,376,1.424,1,264,298.8,42.54,58.61,synthetic,1.0.0,42
synth-task-01038,SYN-SNT-1038,synth-asset-SNT-151,MAS-GDR,INTERLOCKING_LOGIC_TEST,SNT,INTERLOCKING,1,0,1,0.0,1.622,138.0,1,1,0.96,0,MEDIUM,2,MAINTENANCE_REQUIRED,4,IMMEDIATE,4,0.69,0,5,12,6,0.5,2,432,3.064,6,141,108.1,81.2,77.8,synthetic,1.0.0,42
synth-task-01039,SYN-SNT-1039,synth-asset-SNT-362,NDLS-CNB,POINTS_TESTING,SNT,INTERLOCKING,3,0,1,0.0,1.66,440.5,1,1,5.76,0,MEDIUM,2,OPERATIONAL,1,LOW,1,2.01,0,3,9,3,0.333,2,390,3.482,4,112,78.7,35.47,62.03,synthetic,1.0.0,42
synth-task-01040,SYN-ENGG-1040,synth-asset-ENGG-401,CSMT-KYN,RAIL_GRINDING,ENGG,TRACK,1,0,1,30.0,2.285,54.0,1,1,2.24,0,LOW,1,FAILED,5,IMMEDIATE,4,12.03,0,5,15,3,0.2,2,376,1.573,3,239,171.0,80.47,74.79,synthetic,1.0.0,42
synth-task-01041,SYN-SNT-1041,synth-asset-SNT-699,MAS-GDR,TRACK_CIRCUIT_CHECK,SNT,TRACK_CIRCUIT,1,0,1,0.0,2.465,138.0,1,1,5.59,2,CRITICAL,4,MAINTENANCE_REQUIRED,4,HIGH,3,4.88,0,5,5,1,0.2,1,194,2.109,2,92,98.8,90.8,43.72,synthetic,1.0.0,42
synth-task-01042,SYN-TRD-1042,synth-asset-TRD-876,CSMT-KYN,CANTILEVER_ADJUSTMENT,TRD,OHE_MAST,5,1,1,15.0,3.055,54.0,1,1,4.39,0,MEDIUM,2,DEGRADED,3,MEDIUM,2,2.74,0,1,18,7,0.389,1,218,1.101,7,198,141.4,44.43,91.54,synthetic,1.0.0,42
synth-task-01043,SYN-ENGG-1043,synth-asset-ENGG-185,HWH-DDU,TURNOUT_PACKING,ENGG,TURNOUT,1,0,1,20.0,1.994,675.0,1,1,5.31,0,CRITICAL,4,DEGRADED,3,HIGH,3,12.76,0,5,6,1,0.167,2,398,3.159,2,126,134.1,85.09,45.29,synthetic,1.0.0,42
synth-task-01044,SYN-TRD-1044,synth-asset-TRD-237,HWH-DDU,INSULATOR_WASHING,TRD,OHE_INSULATOR,2,1,1,0.0,2.681,675.0,1,1,2.21,0,MEDIUM,2,DEGRADED,3,HIGH,3,12.67,0,4,10,5,0.5,1,223,1.973,6,113,126.9,68.87,78.89,synthetic,1.0.0,42
synth-task-01045,SYN-ENGG-1045,synth-asset-ENGG-674,HWH-DDU,RAIL_FRACTURE_REPAIR,ENGG,TRACK,1,0,1,50.0,2.67,675.0,1,1,2.77,0,CRITICAL,4,FAILED,5,IMMEDIATE,4,-1.05,1,5,13,3,0.231,3,405,3.616,3,112,95.7,100.0,68.91,synthetic,1.0.0,42
synth-task-01046,SYN-ENGG-1046,synth-asset-ENGG-336,HWH-DDU,DEEP_SCREENING,ENGG,TRACK,3,0,1,50.0,2.708,675.0,1,1,3.93,0,MEDIUM,2,UNDER_MAINTENANCE,2,HIGH,3,10.13,0,3,6,1,0.167,3,663,2.55,1,260,251.6,54.82,49.43,synthetic,1.0.0,42
synth-task-01047,SYN-ENGG-1047,synth-asset-ENGG-761,NDLS-CNB,DEEP_SCREENING,ENGG,TRACK,3,0,1,20.0,2.991,440.5,1,1,5.79,2,MEDIUM,2,DEGRADED,3,MEDIUM,2,8.23,0,3,15,6,0.4,2,316,1.197,6,264,334.5,51.63,100.0,synthetic,1.0.0,42
synth-task-01048,SYN-SNT-1048,synth-asset-SNT-348,HWH-DDU,INTERLOCKING_LOGIC_TEST,SNT,INTERLOCKING,1,0,1,0.0,1.502,675.0,1,1,5.75,0,HIGH,3,MAINTENANCE_REQUIRED,4,HIGH,3,3.58,0,5,6,2,0.333,2,392,2.649,2,148,130.3,83.0,54.55,synthetic,1.0.0,42
synth-task-01049,SYN-TRD-1049,synth-asset-TRD-395,NDLS-CNB,CANTILEVER_ADJUSTMENT,TRD,OHE_MAST,3,1,1,0.0,2.476,440.5,1,1,1.17,0,MEDIUM,2,UNDER_MAINTENANCE,2,LOW,1,12.09,0,3,14,3,0.214,2,454,3.088,4,147,173.4,43.21,75.04,synthetic,1.0.0,42
synth-task-01050,SYN-SNT-1050,synth-asset-SNT-457,HWH-DDU,POINTS_TESTING,SNT,INTERLOCKING,2,0,1,0.0,1.491,675.0,1,1,1.39,0,CRITICAL,4,MAINTENANCE_REQUIRED,4,IMMEDIATE,4,-4.96,1,4,12,2,0.167,2,258,2.132,3,121,95.1,100.0,67.17,synthetic,1.0.0,42
synth-task-01051,SYN-SNT-1051,synth-asset-SNT-732,NDLS-CNB,POINTS_TESTING,SNT,INTERLOCKING,1,0,1,0.0,1.454,440.5,1,1,5.17,0,CRITICAL,4,UNDER_MAINTENANCE,2,HIGH,3,8.6,0,5,10,4,0.4,3,603,4.786,5,126,92.6,77.13,76.2,synthetic,1.0.0,42
synth-task-01052,SYN-ENGG-1052,synth-asset-ENGG-359,NDLS-CNB,TURNOUT_PACKING,ENGG,TURNOUT,2,0,1,0.0,1.61,440.5,1,1,0.99,0,HIGH,3,MAINTENANCE_REQUIRED,4,IMMEDIATE,4,-0.62,1,4,12,2,0.167,2,254,1.728,3,147,100.4,98.38,65.42,synthetic,1.0.0,42
synth-task-01053,SYN-TRD-1053,synth-asset-TRD-576,NDLS-CNB,CANTILEVER_ADJUSTMENT,TRD,OHE_MAST,3,1,1,0.0,3.491,440.5,1,1,3.97,2,MEDIUM,2,OPERATIONAL,1,LOW,1,4.87,0,3,10,2,0.2,3,717,4.243,2,169,175.1,42.78,66.13,synthetic,1.0.0,42
synth-task-01054,SYN-SNT-1054,synth-asset-SNT-886,NDLS-CNB,TRACK_CIRCUIT_CHECK,SNT,TRACK_CIRCUIT,2,0,1,0.0,1.518,440.5,1,1,5.19,0,CRITICAL,4,OPERATIONAL,1,IMMEDIATE,4,-0.77,1,4,16,3,0.188,1,126,1.703,4,74,95.4,83.78,81.22,synthetic,1.0.0,42
synth-task-01055,SYN-ENGG-1055,synth-asset-ENGG-956,MAS-GDR,RAIL_FRACTURE_REPAIR,ENGG,TRACK,1,0,1,0.0,1.574,138.0,1,1,2.64,0,CRITICAL,4,FAILED,5,IMMEDIATE,4,-0.43,1,5,8,1,0.125,1,132,1.015,2,130,95.3,100.0,48.06,synthetic,1.0.0,42
synth-task-01056,SYN-ENGG-1056,synth-asset-ENGG-643,MAS-GDR,TRACK_TAMPING,ENGG,TRACK,3,0,1,20.0,1.993,138.0,1,1,1.04,0,HIGH,3,DEGRADED,3,HIGH,3,11.71,0,3,8,2,0.25,2,468,2.644,3,177,195.9,68.6,64.58,synthetic,1.0.0,42
synth-task-01057,SYN-ENGG-1057,synth-asset-ENGG-679,HWH-DDU,RAIL_GRINDING,ENGG,TRACK,3,0,1,0.0,1.697,675.0,1,1,3.48,0,HIGH,3,DEGRADED,3,LOW,1,6.32,0,3,9,3,0.333,1,158,0.637,4,248,208.6,54.37,68.44,synthetic,1.0.0,42
synth-task-01058,SYN-TRD-1058,synth-asset-TRD-487,NDLS-CNB,SUBSTATION_MAINTENANCE,TRD,TRACTION_SUBSTATION,3,1,0,0.0,1.911,440.5,1,1,3.77,1,MEDIUM,2,DEGRADED,3,MEDIUM,2,-0.13,1,3,8,1,0.125,2,256,1.293,0,198,220.8,68.67,41.05,synthetic,1.0.0,42
synth-task-01059,SYN-ENGG-1059,synth-asset-ENGG-361,NDLS-CNB,RAIL_FRACTURE_REPAIR,ENGG,TRACK,1,0,1,0.0,1.501,440.5,1,1,1.15,0,CRITICAL,4,FAILED,5,IMMEDIATE,4,-1.9,1,5,11,4,0.364,2,374,3.979,5,94,106.3,100.0,65.77,synthetic,1.0.0,42
synth-task-01060,SYN-SNT-1060,synth-asset-SNT-195,CSMT-KYN,POINTS_TESTING,SNT,INTERLOCKING,1,0,1,0.0,2.464,54.0,1,1,0.89,2,MEDIUM,2,FAILED,5,HIGH,3,-0.4,1,5,24,12,0.5,1,181,1.661,13,109,96.5,92.57,83.64,synthetic,1.0.0,42
synth-task-01061,SYN-TRD-1061,synth-asset-TRD-613,MAS-GDR,CONTACT_WIRE_RENEWAL,TRD,OHE_LINE,2,1,1,0.0,2.613,138.0,1,1,2.48,0,MEDIUM,2,DEGRADED,3,MEDIUM,2,9.76,0,4,12,4,0.333,2,376,1.547,5,243,247.9,59.82,80.23,synthetic,1.0.0,42
synth-task-01062,SYN-SNT-1062,synth-asset-SNT-298,HWH-DDU,SIGNAL_ASPECT_ALIGNMENT,SNT,SIGNAL,2,0,0,0.0,0.8,675.0,1,1,5.23,0,MEDIUM,2,DEGRADED,3,MEDIUM,2,13.94,0,4,6,2,0.333,1,123,1.337,0,92,62.9,59.38,33.05,synthetic,1.0.0,42
synth-task-01063,SYN-ENGG-1063,synth-asset-ENGG-206,MAS-GDR,TURNOUT_PACKING,ENGG,TURNOUT,2,0,1,0.0,1.406,138.0,1,1,3.27,0,HIGH,3,MAINTENANCE_REQUIRED,4,IMMEDIATE,4,-0.93,1,4,8,2,0.25,3,444,3.442,2,129,161.7,90.46,54.32,synthetic,1.0.0,42
synth-task-01064,SYN-SNT-1064,synth-asset-SNT-757,NDLS-CNB,TRACK_CIRCUIT_CHECK,SNT,TRACK_CIRCUIT,3,0,1,0.0,1.481,440.5,1,1,4.63,0,HIGH,3,UNDER_MAINTENANCE,2,MEDIUM,2,4.99,0,3,10,1,0.1,3,480,7.385,1,65,94.9,59.85,54.99,synthetic,1.0.0,42
synth-task-01065,SYN-ENGG-1065,synth-asset-ENGG-103,MAS-GDR,DEEP_SCREENING,ENGG,TRACK,2,0,1,15.0,2.021,138.0,1,1,4.04,0,MEDIUM,2,MAINTENANCE_REQUIRED,4,IMMEDIATE,4,-2.39,1,4,10,5,0.5,2,436,1.615,6,270,261.9,91.65,87.28,synthetic,1.0.0,42
synth-task-01066,SYN-ENGG-1066,synth-asset-ENGG-810,CSMT-KYN,DEEP_SCREENING,ENGG,TRACK,2,0,1,45.0,3.622,54.0,1,1,2.4,3,LOW,1,MAINTENANCE_REQUIRED,4,IMMEDIATE,4,1.4,0,4,16,3,0.188,3,678,2.493,4,272,283.8,70.1,87.48,synthetic,1.0.0,42
synth-task-01067,SYN-ENGG-1067,synth-asset-ENGG-383,MAS-GDR,RAIL_GRINDING,ENGG,TRACK,2,0,1,30.0,2.796,138.0,1,1,4.61,1,CRITICAL,4,FAILED,5,IMMEDIATE,4,2.09,0,4,5,1,0.2,1,129,0.518,1,249,277.0,98.1,57.15,synthetic,1.0.0,42
synth-task-01068,SYN-SNT-1068,synth-asset-SNT-400,MAS-GDR,SIGNAL_ASPECT_ALIGNMENT,SNT,SIGNAL,3,0,0,0.0,0.8,138.0,1,1,5.49,0,HIGH,3,DEGRADED,3,MEDIUM,2,1.36,0,3,11,3,0.273,2,274,3.301,0,83,70.9,64.46,48.1,synthetic,1.0.0,42
synth-task-01069,SYN-ENGG-1069,synth-asset-ENGG-784,MAS-GDR,RAIL_FRACTURE_REPAIR,ENGG,TRACK,1,0,1,30.0,2.355,138.0,1,1,2.52,0,CRITICAL,4,FAILED,5,IMMEDIATE,4,-0.34,1,5,5,1,0.2,1,210,1.448,2,145,103.3,100.0,47.62,synthetic,1.0.0,42
synth-task-01070,SYN-ENGG-1070,synth-asset-ENGG-450,HWH-DDU,TURNOUT_PACKING,ENGG,TURNOUT,5,0,1,0.0,2.121,675.0,1,1,0.88,1,HIGH,3,DEGRADED,3,HIGH,3,5.89,0,1,6,1,0.167,3,609,4.115,2,148,148.7,63.42,48.95,synthetic,1.0.0,42
synth-task-01071,SYN-TRD-1071,synth-asset-TRD-587,HWH-DDU,CANTILEVER_ADJUSTMENT,TRD,OHE_MAST,2,1,1,20.0,3.05,675.0,1,1,4.66,0,CRITICAL,4,UNDER_MAINTENANCE,2,IMMEDIATE,4,9.68,0,4,13,6,0.462,1,199,1.157,7,172,200.3,81.43,90.46,synthetic,1.0.0,42
synth-task-01072,SYN-SNT-1072,synth-asset-SNT-624,NDLS-CNB,AXLE_COUNTER_OVERHAUL,SNT,AXLE_COUNTER,1,0,0,0.0,1.17,440.5,1,1,5.35,1,MEDIUM,2,MAINTENANCE_REQUIRED,4,IMMEDIATE,4,-3.66,1,5,8,2,0.25,3,606,7.214,0,84,89.5,85.73,37.44,synthetic,1.0.0,42
synth-task-01073,SYN-SNT-1073,synth-asset-SNT-123,NDLS-CNB,POINTS_TESTING,SNT,INTERLOCKING,5,0,1,0.0,1.674,440.5,1,1,1.27,0,MEDIUM,2,OPERATIONAL,1,LOW,1,3.8,0,1,13,4,0.308,3,687,5.872,5,117,81.2,28.62,75.26,synthetic,1.0.0,42
synth-task-01074,SYN-SNT-1074,synth-asset-SNT-846,MAS-GDR,INTERLOCKING_LOGIC_TEST,SNT,INTERLOCKING,4,0,1,0.0,2.632,138.0,1,1,0.72,2,MEDIUM,2,DEGRADED,3,LOW,1,11.22,0,2,6,1,0.167,1,168,1.012,2,166,125.7,47.69,41.92,synthetic,1.0.0,42
synth-task-01075,SYN-SNT-1075,synth-asset-SNT-533,MAS-GDR,TRACK_CIRCUIT_CHECK,SNT,TRACK_CIRCUIT,2,0,1,0.0,2.143,138.0,1,1,3.39,1,CRITICAL,4,MAINTENANCE_REQUIRED,4,HIGH,3,3.21,0,4,5,2,0.4,3,381,5.219,3,73,91.9,87.35,48.89,synthetic,1.0.0,42
synth-task-01076,SYN-ENGG-1076,synth-asset-ENGG-326,CSMT-KYN,TRACK_TAMPING,ENGG,TRACK,2,0,1,30.0,2.386,54.0,1,1,5.63,0,HIGH,3,MAINTENANCE_REQUIRED,4,HIGH,3,-6.47,1,4,18,4,0.222,3,390,1.789,4,218,216.5,82.98,88.12,synthetic,1.0.0,42
synth-task-01077,SYN-TRD-1077,synth-asset-TRD-551,NDLS-CNB,OHE_INSPECTION,TRD,OHE_LINE,1,1,1,0.0,2.651,440.5,1,1,1.11,0,HIGH,3,MAINTENANCE_REQUIRED,4,HIGH,3,-4.69,1,5,9,4,0.444,3,633,4.164,5,152,147.0,92.9,70.43,synthetic,1.0.0,42
synth-task-01078,SYN-ENGG-1078,synth-asset-ENGG-919,HWH-DDU,DEEP_SCREENING,ENGG,TRACK,1,0,1,15.0,2.075,675.0,1,1,5.6,0,LOW,1,MAINTENANCE_REQUIRED,4,HIGH,3,-2.08,1,5,11,3,0.273,1,145,0.529,4,274,239.9,78.02,76.22,synthetic,1.0.0,42
synth-task-01079,SYN-ENGG-1079,synth-asset-ENGG-644,CSMT-KYN,TURNOUT_PACKING,ENGG,TURNOUT,2,0,1,0.0,1.578,54.0,1,1,5.39,0,CRITICAL,4,DEGRADED,3,IMMEDIATE,4,-3.91,1,4,24,12,0.5,2,436,3.695,13,118,138.6,96.53,90.59,synthetic,1.0.0,42
synth-task-01080,SYN-ENGG-1080,synth-asset-ENGG-437,HWH-DDU,RAIL_GRINDING,ENGG,TRACK,2,0,1,20.0,1.946,675.0,1,1,3.29,0,CRITICAL,4,DEGRADED,3,IMMEDIATE,4,-5.31,1,4,6,1,0.167,3,576,2.323,2,248,214.4,100.0,53.25,synthetic,1.0.0,42
synth-task-01081,SYN-SNT-1081,synth-asset-SNT-326,MAS-GDR,AXLE_COUNTER_OVERHAUL,SNT,AXLE_COUNTER,2,0,0,0.0,0.8,138.0,1,1,1.0,0,HIGH,3,OPERATIONAL,1,LOW,1,12.73,0,4,7,3,0.429,1,176,2.667,0,66,51.0,45.71,41.0,synthetic,1.0.0,42
synth-task-01082,SYN-SNT-1082,synth-asset-SNT-874,HWH-DDU,AXLE_COUNTER_OVERHAUL,SNT,AXLE_COUNTER,3,0,0,0.0,0.8,675.0,1,1,4.21,0,MEDIUM,2,OPERATIONAL,1,MEDIUM,2,10.38,0,3,7,3,0.429,1,169,1.444,0,117,54.5,45.64,39.71,synthetic,1.0.0,42
synth-task-01083,SYN-SNT-1083,synth-asset-SNT-319,HWH-DDU,SIGNAL_ASPECT_ALIGNMENT,SNT,SIGNAL,1,0,0,0.0,0.8,675.0,1,1,3.92,0,CRITICAL,4,OPERATIONAL,1,MEDIUM,2,3.83,0,5,10,1,0.1,2,344,7.644,0,45,67.5,66.04,32.14,synthetic,1.0.0,42
synth-task-01084,SYN-SNT-1084,synth-asset-SNT-927,CSMT-KYN,AXLE_COUNTER_OVERHAUL,SNT,AXLE_COUNTER,3,0,0,0.0,0.8,54.0,1,1,3.02,0,MEDIUM,2,MAINTENANCE_REQUIRED,4,HIGH,3,13.07,0,3,18,6,0.333,2,444,5.55,0,80,94.3,65.36,73.98,synthetic,1.0.0,42
synth-task-01085,SYN-TRD-1085,synth-asset-TRD-503,MAS-GDR,OHE_INSPECTION,TRD,OHE_LINE,4,1,1,45.0,3.713,138.0,1,1,5.33,0,HIGH,3,OPERATIONAL,1,MEDIUM,2,5.6,0,2,8,1,0.125,1,225,1.471,2,153,176.0,49.44,57.4,synthetic,1.0.0,42
synth-task-01086,SYN-ENGG-1086,synth-asset-ENGG-611,MAS-GDR,TRACK_TAMPING,ENGG,TRACK,2,0,1,0.0,1.542,138.0,1,1,4.98,0,HIGH,3,MAINTENANCE_REQUIRED,4,IMMEDIATE,4,-1.73,1,4,5,2,0.4,2,446,2.241,2,199,170.7,92.61,55.73,synthetic,1.0.0,42
synth-task-01087,SYN-SNT-1087,synth-asset-SNT-470,CSMT-KYN,TRACK_CIRCUIT_CHECK,SNT,TRACK_CIRCUIT,4,0,1,0.0,2.621,54.0,1,1,0.79,2,HIGH,3,OPERATIONAL,1,LOW,1,13.38,0,2,14,5,0.357,2,358,3.849,6,93,80.3,43.61,79.52,synthetic,1.0.0,42
synth-task-01088,SYN-TRD-1088,synth-asset-TRD-334,CSMT-KYN,INSULATOR_WASHING,TRD,OHE_INSULATOR,3,1,1,0.0,2.573,54.0,1,1,3.64,0,MEDIUM,2,MAINTENANCE_REQUIRED,4,IMMEDIATE,4,11.77,0,3,23,11,0.478,2,416,3.328,12,125,86.2,70.29,89.82,synthetic,1.0.0,42
synth-task-01089,SYN-TRD-1089,synth-asset-TRD-967,NDLS-CNB,INSULATOR_WASHING,TRD,OHE_INSULATOR,2,1,1,0.0,2.652,440.5,1,1,3.19,0,CRITICAL,4,DEGRADED,3,IMMEDIATE,4,12.16,0,4,12,2,0.167,1,138,1.29,3,107,116.1,81.42,62.91,synthetic,1.0.0,42
synth-task-01090,SYN-ENGG-1090,synth-asset-ENGG-517,CSMT-KYN,TURNOUT_PACKING,ENGG,TURNOUT,3,0,1,0.0,1.901,54.0,1,1,5.15,1,LOW,1,DEGRADED,3,MEDIUM,2,4.85,0,3,21,5,0.238,3,519,3.734,6,139,135.4,50.78,89.83,synthetic,1.0.0,42
synth-task-01091,SYN-TRD-1091,synth-asset-TRD-139,NDLS-CNB,CANTILEVER_ADJUSTMENT,TRD,OHE_MAST,2,1,1,0.0,2.581,440.5,1,1,3.22,0,MEDIUM,2,DEGRADED,3,LOW,1,7.42,0,4,9,3,0.333,3,420,2.346,3,179,212.6,54.04,74.67,synthetic,1.0.0,42
synth-task-01092,SYN-TRD-1092,synth-asset-TRD-124,NDLS-CNB,INSULATOR_WASHING,TRD,OHE_INSULATOR,5,1,1,0.0,3.441,440.5,1,1,5.07,3,MEDIUM,2,DEGRADED,3,MEDIUM,2,1.54,0,1,11,3,0.273,3,642,4.864,3,132,105.0,50.02,68.22,synthetic,1.0.0,42
synth-task-01093,SYN-ENGG-1093,synth-asset-ENGG-609,MAS-GDR,RAIL_GRINDING,ENGG,TRACK,1,0,1,15.0,1.822,138.0,1,1,4.34,0,MEDIUM,2,MAINTENANCE_REQUIRED,4,IMMEDIATE,4,5.43,0,5,6,1,0.167,2,320,1.368,2,234,218.8,79.11,63.51,synthetic,1.0.0,42
synth-task-01094,SYN-SNT-1094,synth-asset-SNT-292,MAS-GDR,POINTS_TESTING,SNT,INTERLOCKING,2,0,1,0.0,1.549,138.0,1,1,5.46,0,HIGH,3,DEGRADED,3,MEDIUM,2,-2.7,1,4,10,3,0.3,3,405,3.894,3,104,73.5,70.12,67.88,synthetic,1.0.0,42
synth-task-01095,SYN-TRD-1095,synth-asset-TRD-225,MAS-GDR,OHE_INSPECTION,TRD,OHE_LINE,3,1,1,0.0,2.605,138.0,1,1,3.87,0,CRITICAL,4,DEGRADED,3,IMMEDIATE,4,-0.46,1,3,8,2,0.25,2,400,2.632,3,152,129.7,89.12,53.16,synthetic,1.0.0,42
synth-task-01096,SYN-ENGG-1096,synth-asset-ENGG-781,NDLS-CNB,RAIL_FRACTURE_REPAIR,ENGG,TRACK,1,0,1,15.0,2.462,440.5,1,1,6.0,1,CRITICAL,4,FAILED,5,IMMEDIATE,4,-0.93,1,5,15,7,0.467,1,127,0.969,8,131,101.2,100.0,91.48,synthetic,1.0.0,42
synth-task-01097,SYN-TRD-1097,synth-asset-TRD-990,HWH-DDU,CANTILEVER_ADJUSTMENT,TRD,OHE_MAST,1,1,1,0.0,2.634,675.0,1,1,3.19,0,CRITICAL,4,DEGRADED,3,HIGH,3,6.64,0,5,14,2,0.143,1,230,1.204,3,191,191.9,78.45,74.17,synthetic,1.0.0,42
synth-task-01098,SYN-ENGG-1098,synth-asset-ENGG-401,CSMT-KYN,DEEP_SCREENING,ENGG,TRACK,3,0,1,0.0,1.601,54.0,1,1,3.42,0,MEDIUM,2,OPERATIONAL,1,MEDIUM,2,10.62,0,3,16,5,0.312,3,639,2.598,6,246,270.4,44.68,90.56,synthetic,1.0.0,42
synth-task-01099,SYN-TRD-1099,synth-asset-TRD-370,MAS-GDR,CONTACT_WIRE_RENEWAL,TRD,OHE_LINE,3,1,1,20.0,3.563,138.0,1,1,4.16,1,HIGH,3,DEGRADED,3,LOW,1,-0.29,1,3,7,3,0.429,2,470,1.873,4,251,257.2,65.98,63.63,synthetic,1.0.0,42
synth-task-01100,SYN-SNT-1100,synth-asset-SNT-791,MAS-GDR,SIGNAL_ASPECT_ALIGNMENT,SNT,SIGNAL,3,0,0,0.0,0.8,138.0,1,1,4.29,0,HIGH,3,MAINTENANCE_REQUIRED,4,HIGH,3,4.07,0,3,11,5,0.455,2,242,3.27,0,74,52.0,75.34,57.82,synthetic,1.0.0,42
synth-task-01101,SYN-TRD-1101,synth-asset-TRD-248,HWH-DDU,OHE_INSPECTION,TRD,OHE_LINE,1,1,1,0.0,2.647,675.0,1,1,5.07,0,MEDIUM,2,MAINTENANCE_REQUIRED,4,HIGH,3,-4.88,1,5,10,2,0.2,2,388,2.553,3,152,151.5,83.83,57.52,synthetic,1.0.0,42
synth-task-01102,SYN-ENGG-1102,synth-asset-ENGG-325,NDLS-CNB,TRACK_TAMPING,ENGG,TRACK,4,0,1,45.0,2.537,440.5,1,1,5.9,0,MEDIUM,2,DEGRADED,3,MEDIUM,2,3.83,0,2,11,1,0.091,2,264,1.313,1,201,212.3,57.51,71.08,synthetic,1.0.0,42
synth-task-01103,SYN-ENGG-1103,synth-asset-ENGG-227,CSMT-KYN,RAIL_FRACTURE_REPAIR,ENGG,TRACK,1,0,1,50.0,2.89,54.0,1,1,1.94,0,CRITICAL,4,FAILED,5,IMMEDIATE,4,-0.18,1,5,22,12,0.545,3,387,3.651,13,106,100.5,100.0,91.42,synthetic,1.0.0,42
synth-task-01104,SYN-SNT-1104,synth-asset-SNT-327,CSMT-KYN,POINTS_TESTING,SNT,INTERLOCKING,3,0,1,0.0,1.478,54.0,1,1,3.3,0,LOW,1,DEGRADED,3,MEDIUM,2,12.51,0,3,24,11,0.458,3,411,3.288,11,125,69.6,47.55,86.18,synthetic,1.0.0,42
synth-task-01105,SYN-ENGG-1105,synth-asset-ENGG-460,HWH-DDU,DEEP_SCREENING,ENGG,TRACK,2,0,1,0.0,2.197,675.0,1,1,1.61,1,LOW,1,DEGRADED,3,HIGH,3,12.75,0,4,14,2,0.143,1,217,0.882,2,246,244.9,62.06,77.88,synthetic,1.0.0,42
synth-task-01106,SYN-ENGG-1106,synth-asset-ENGG-814,CSMT-KYN,RAIL_GRINDING,ENGG,TRACK,3,0,1,45.0,2.76,54.0,1,1,2.01,0,HIGH,3,OPERATIONAL,1,LOW,1,2.75,0,3,22,6,0.273,2,258,1.049,7,246,233.9,43.29,95.06,synthetic,1.0.0,42
synth-task-01107,SYN-ENGG-1107,synth-asset-ENGG-661,NDLS-CNB,TURNOUT_PACKING,ENGG,TURNOUT,1,0,1,15.0,1.975,440.5,1,1,4.27,0,CRITICAL,4,DEGRADED,3,IMMEDIATE,4,-2.29,1,5,13,4,0.308,2,468,3.343,5,140,143.3,94.98,79.05,synthetic,1.0.0,42
synth-task-01108,SYN-ENGG-1108,synth-asset-ENGG-460,NDLS-CNB,TURNOUT_PACKING,ENGG,TURNOUT,3,0,1,45.0,2.606,440.5,1,1,1.18,0,CRITICAL,4,MAINTENANCE_REQUIRED,4,IMMEDIATE,4,3.35,0,3,11,3,0.273,3,441,3.445,3,128,141.1,87.07,70.32,synthetic,1.0.0,42
synth-task-01109,SYN-SNT-1109,synth-asset-SNT-542,MAS-GDR,AXLE_COUNTER_OVERHAUL,SNT,AXLE_COUNTER,3,0,0,0.0,1.099,138.0,1,1,0.66,1,HIGH,3,DEGRADED,3,MEDIUM,2,8.54,0,3,9,1,0.111,3,375,3.641,0,103,94.6,63.89,31.4,synthetic,1.0.0,42
synth-task-01110,SYN-ENGG-1110,synth-asset-ENGG-678,MAS-GDR,DEEP_SCREENING,ENGG,TRACK,1,0,1,30.0,2.221,138.0,1,1,4.6,0,MEDIUM,2,MAINTENANCE_REQUIRED,4,MEDIUM,2,-6.97,1,5,9,4,0.444,3,390,1.461,4,267,277.2,76.86,74.63,synthetic,1.0.0,42
synth-task-01111,SYN-ENGG-1111,synth-asset-ENGG-951,NDLS-CNB,DEEP_SCREENING,ENGG,TRACK,3,0,1,30.0,2.264,440.5,1,1,3.66,0,LOW,1,DEGRADED,3,MEDIUM,2,2.1,0,3,11,4,0.364,2,452,1.699,5,266,261.6,47.77,80.34,synthetic,1.0.0,42
synth-task-01112,SYN-SNT-1112,synth-asset-SNT-959,MAS-GDR,INTERLOCKING_LOGIC_TEST,SNT,INTERLOCKING,3,0,1,0.0,2.185,138.0,1,1,3.73,1,MEDIUM,2,UNDER_MAINTENANCE,2,MEDIUM,2,1.92,0,3,7,1,0.143,3,714,5.212,2,137,117.9,49.95,50.0,synthetic,1.0.0,42
synth-task-01113,SYN-SNT-1113,synth-asset-SNT-474,HWH-DDU,POINTS_TESTING,SNT,INTERLOCKING,2,0,1,0.0,1.987,675.0,1,1,3.35,1,CRITICAL,4,DEGRADED,3,HIGH,3,-3.98,1,4,11,2,0.182,1,127,1.095,2,116,126.3,87.77,71.0,synthetic,1.0.0,42
synth-task-01114,SYN-ENGG-1114,synth-asset-ENGG-909,CSMT-KYN,DEEP_SCREENING,ENGG,TRACK,3,0,1,20.0,2.623,54.0,1,1,5.99,1,HIGH,3,OPERATIONAL,1,MEDIUM,2,3.57,0,3,19,3,0.158,2,442,1.551,3,285,295.2,48.61,85.49,synthetic,1.0.0,42
synth-task-01115,SYN-SNT-1115,synth-asset-SNT-883,HWH-DDU,INTERLOCKING_LOGIC_TEST,SNT,INTERLOCKING,4,0,1,0.0,2.009,675.0,1,1,1.94,1,MEDIUM,2,UNDER_MAINTENANCE,2,LOW,1,4.4,0,2,14,7,0.5,3,411,2.957,8,139,150.4,36.72,87.04,synthetic,1.0.0,42
synth-task-01116,SYN-TRD-1116,synth-asset-TRD-768,HWH-DDU,CONTACT_WIRE_RENEWAL,TRD,OHE_LINE,4,1,1,20.0,3.487,675.0,1,1,2.28,1,LOW,1,UNDER_MAINTENANCE,2,HIGH,3,6.04,0,2,11,4,0.364,2,372,1.494,5,249,246.7,43.64,79.38,synthetic,1.0.0,42
synth-task-01117,SYN-SNT-1117,synth-asset-SNT-401,NDLS-CNB,TRACK_CIRCUIT_CHECK,SNT,TRACK_CIRCUIT,2,0,1,30.0,2.78,440.5,1,1,1.58,1,HIGH,3,DEGRADED,3,LOW,1,11.0,0,4,13,4,0.308,2,270,3.034,5,89,50.9,60.75,74.68,synthetic,1.0.0,42
synth-task-01118,SYN-SNT-1118,synth-asset-SNT-449,MAS-GDR,AXLE_COUNTER_OVERHAUL,SNT,AXLE_COUNTER,1,0,0,0.0,1.116,138.0,1,1,2.03,1,LOW,1,MAINTENANCE_REQUIRED,4,HIGH,3,5.41,0,5,5,2,0.4,3,636,7.663,0,83,81.2,69.41,31.6,synthetic,1.0.0,42
synth-task-01119,SYN-TRD-1119,synth-asset-TRD-333,NDLS-CNB,CANTILEVER_ADJUSTMENT,TRD,OHE_MAST,4,1,1,50.0,3.684,440.5,1,1,2.43,0,HIGH,3,UNDER_MAINTENANCE,2,MEDIUM,2,12.27,0,2,10,4,0.4,1,161,0.88,5,183,215.8,50.83,78.79,synthetic,1.0.0,42
synth-task-01120,SYN-SNT-1120,synth-asset-SNT-968,MAS-GDR,INTERLOCKING_LOGIC_TEST,SNT,INTERLOCKING,2,0,1,0.0,1.686,138.0,1,1,1.0,0,MEDIUM,2,DEGRADED,3,MEDIUM,2,3.14,0,4,12,2,0.167,3,615,4.659,3,132,136.0,58.21,63.2,synthetic,1.0.0,42
synth-task-01121,SYN-ENGG-1121,synth-asset-ENGG-775,CSMT-KYN,TURNOUT_PACKING,ENGG,TURNOUT,2,0,1,0.0,1.538,54.0,1,1,1.69,0,HIGH,3,DEGRADED,3,LOW,1,7.67,0,4,18,5,0.278,3,696,4.609,5,151,116.8,57.07,83.31,synthetic,1.0.0,42
synth-task-01122,SYN-ENGG-1122,synth-asset-ENGG-800,HWH-DDU,RAIL_FRACTURE_REPAIR,ENGG,TRACK,1,0,1,30.0,2.695,675.0,1,1,3.38,1,CRITICAL,4,FAILED,5,IMMEDIATE,4,-0.16,1,5,11,4,0.364,1,168,1.292,5,130,96.1,100.0,71.77,synthetic,1.0.0,42
synth-task-01123,SYN-ENGG-1123,synth-asset-ENGG-290,MAS-GDR,DEEP_SCREENING,ENGG,TRACK,3,0,1,15.0,1.93,138.0,1,1,0.55,0,MEDIUM,2,OPERATIONAL,1,MEDIUM,2,4.05,0,3,8,3,0.375,2,478,1.967,3,243,244.7,45.5,76.71,synthetic,1.0.0,42
synth-task-01124,SYN-ENGG-1124,synth-asset-ENGG-701,MAS-GDR,TRACK_TAMPING,ENGG,TRACK,1,0,1,15.0,2.405,138.0,1,1,3.45,1,CRITICAL,4,OPERATIONAL,1,MEDIUM,2,-6.04,1,5,11,2,0.182,3,558,2.607,2,214,189.9,74.13,67.63,synthetic,1.0.0,42
synth-task-01125,SYN-SNT-1125,synth-asset-SNT-392,NDLS-CNB,AXLE_COUNTER_OVERHAUL,SNT,AXLE_COUNTER,3,0,0,0.0,1.127,440.5,1,1,3.05,1,MEDIUM,2,OPERATIONAL,1,MEDIUM,2,6.69,0,3,10,5,0.5,1,236,3.105,0,76,74.5,41.45,56.1,synthetic,1.0.0,42
synth-task-01126,SYN-SNT-1126,synth-asset-SNT-382,MAS-GDR,SIGNAL_ASPECT_ALIGNMENT,SNT,SIGNAL,1,0,0,0.0,0.8,138.0,1,1,4.34,0,MEDIUM,2,MAINTENANCE_REQUIRED,4,IMMEDIATE,4,8.97,0,5,12,3,0.25,3,441,6.891,0,64,63.1,80.8,46.23,synthetic,1.0.0,42
synth-task-01127,SYN-ENGG-1127,synth-asset-ENGG-172,HWH-DDU,RAIL_GRINDING,ENGG,TRACK,1,0,1,0.0,1.48,675.0,1,1,3.32,0,HIGH,3,FAILED,5,IMMEDIATE,4,6.02,0,5,14,4,0.286,2,476,2.043,5,233,170.5,94.31,84.32,synthetic,1.0.0,42
synth-task-01128,SYN-SNT-1128,synth-asset-SNT-933,NDLS-CNB,POINTS_TESTING,SNT,INTERLOCKING,3,0,1,0.0,1.693,440.5,1,1,4.68,0,HIGH,3,DEGRADED,3,LOW,1,11.93,0,3,9,1,0.111,2,308,2.525,2,122,111.7,47.97,50.08,synthetic,1.0.0,42
synth-task-01129,SYN-SNT-1129,synth-asset-SNT-377,HWH-DDU,SIGNAL_ASPECT_ALIGNMENT,SNT,SIGNAL,3,0,0,0.0,0.8,675.0,1,1,3.21,0,HIGH,3,UNDER_MAINTENANCE,2,LOW,1,13.32,0,3,9,4,0.444,3,483,7.209,0,67,41.5,52.16,44.43,synthetic,1.0.0,42
synth-task-01130,SYN-TRD-1130,synth-asset-TRD-886,CSMT-KYN,SUBSTATION_MAINTENANCE,TRD,TRACTION_SUBSTATION,1,1,0,0.0,2.634,54.0,1,1,1.14,2,MEDIUM,2,MAINTENANCE_REQUIRED,4,HIGH,3,12.37,0,5,20,3,0.15,2,296,1.383,0,214,202.8,78.1,65.58,synthetic,1.0.0,42
synth-task-01131,SYN-SNT-1131,synth-asset-SNT-320,NDLS-CNB,AXLE_COUNTER_OVERHAUL,SNT,AXLE_COUNTER,3,0,0,0.0,0.8,440.5,1,1,3.47,0,HIGH,3,DEGRADED,3,LOW,1,-4.76,1,3,10,5,0.5,3,360,4.8,0,75,65.3,71.62,59.71,synthetic,1.0.0,42
synth-task-01132,SYN-SNT-1132,synth-asset-SNT-215,HWH-DDU,TRACK_CIRCUIT_CHECK,SNT,TRACK_CIRCUIT,2,0,1,0.0,2.094,675.0,1,1,2.86,1,HIGH,3,MAINTENANCE_REQUIRED,4,HIGH,3,-3.48,1,4,11,1,0.091,2,442,4.333,2,102,78.8,89.39,53.65,synthetic,1.0.0,42
synth-task-01133,SYN-SNT-1133,synth-asset-SNT-257,MAS-GDR,SIGNAL_ASPECT_ALIGNMENT,SNT,SIGNAL,3,0,0,0.0,0.8,138.0,1,1,5.17,0,HIGH,3,OPERATIONAL,1,LOW,1,13.01,0,3,8,2,0.25,2,332,3.773,0,88,99.9,45.84,42.15,synthetic,1.0.0,42
synth-task-01134,SYN-ENGG-1134,synth-asset-ENGG-603,NDLS-CNB,TURNOUT_PACKING,ENGG,TURNOUT,3,0,1,0.0,1.449,440.5,1,1,0.91,0,MEDIUM,2,OPERATIONAL,1,MEDIUM,2,5.0,0,3,16,1,0.062,1,153,1.093,1,140,124.0,44.83,63.14,synthetic,1.0.0,42
synth-task-01135,SYN-ENGG-1135,synth-asset-ENGG-497,NDLS-CNB,TURNOUT_PACKING,ENGG,TURNOUT,2,0,1,0.0,1.672,440.5,1,1,2.99,0,MEDIUM,2,UNDER_MAINTENANCE,2,MEDIUM,2,3.94,0,4,13,2,0.154,3,534,4.076,3,131,136.2,53.84,68.72,synthetic,1.0.0,42
synth-task-01136,SYN-ENGG-1136,synth-asset-ENGG-466,NDLS-CNB,RAIL_GRINDING,ENGG,TRACK,2,0,1,20.0,2.163,440.5,1,1,2.22,0,MEDIUM,2,MAINTENANCE_REQUIRED,4,HIGH,3,0.73,0,4,11,1,0.091,3,543,2.446,2,222,212.1,73.02,65.51,synthetic,1.0.0,42
synth-task-01137,SYN-SNT-1137,synth-asset-SNT-825,CSMT-KYN,TRACK_CIRCUIT_CHECK,SNT,TRACK_CIRCUIT,3,0,1,0.0,1.636,54.0,1,1,4.11,0,LOW,1,DEGRADED,3,LOW,1,10.96,0,3,21,4,0.19,3,567,9.0,4,63,37.5,45.68,67.85,synthetic,1.0.0,42
synth-task-01138,SYN-ENGG-1138,synth-asset-ENGG-255,NDLS-CNB,RAIL_FRACTURE_REPAIR,ENGG,TRACK,1,0,1,45.0,3.066,440.5,1,1,3.21,1,CRITICAL,4,FAILED,5,IMMEDIATE,4,-1.49,1,5,11,3,0.273,2,272,2.267,3,120,104.9,100.0,69.87,synthetic,1.0.0,42
synth-task-01139,SYN-ENGG-1139,synth-asset-ENGG-833,MAS-GDR,TRACK_TAMPING,ENGG,TRACK,4,0,1,45.0,2.555,138.0,1,1,1.22,0,HIGH,3,DEGRADED,3,LOW,1,13.76,0,2,6,2,0.333,2,262,1.144,3,229,167.6,48.9,63.62,synthetic,1.0.0,42
synth-task-01140,SYN-TRD-1140,synth-asset-TRD-716,NDLS-CNB,OHE_INSPECTION,TRD,OHE_LINE,3,1,1,0.0,3.015,440.5,1,1,1.05,1,LOW,1,DEGRADED,3,MEDIUM,2,10.59,0,3,15,2,0.133,2,478,2.862,3,167,135.2,49.1,71.4,synthetic,1.0.0,42
synth-task-01141,SYN-SNT-1141,synth-asset-SNT-569,NDLS-CNB,SIGNAL_ASPECT_ALIGNMENT,SNT,SIGNAL,3,0,0,0.0,0.8,440.5,1,1,1.46,0,MEDIUM,2,MAINTENANCE_REQUIRED,4,MEDIUM,2,3.72,0,3,12,4,0.333,3,480,5.854,0,82,49.3,62.17,50.87,synthetic,1.0.0,42
synth-task-01142,SYN-ENGG-1142,synth-asset-ENGG-788,HWH-DDU,DEEP_SCREENING,ENGG,TRACK,3,0,1,30.0,2.414,675.0,1,1,4.68,0,HIGH,3,OPERATIONAL,1,LOW,1,7.78,0,3,9,4,0.444,3,504,1.846,5,273,284.2,42.49,83.19,synthetic,1.0.0,42
synth-task-01143,SYN-TRD-1143,synth-asset-TRD-122,HWH-DDU,INSULATOR_WASHING,TRD,OHE_INSULATOR,3,1,1,0.0,2.629,675.0,1,1,5.13,0,LOW,1,DEGRADED,3,MEDIUM,2,6.68,0,3,13,3,0.231,2,304,2.621,3,116,135.6,47.46,66.68,synthetic,1.0.0,42
synth-task-01144,SYN-ENGG-1144,synth-asset-ENGG-213,HWH-DDU,DEEP_SCREENING,ENGG,TRACK,4,0,1,15.0,1.946,675.0,1,1,5.7,0,HIGH,3,DEGRADED,3,HIGH,3,-6.1,1,2,14,2,0.143,1,195,0.739,2,264,289.7,74.46,79.79,synthetic,1.0.0,42
synth-task-01145,SYN-ENGG-1145,synth-asset-ENGG-225,CSMT-KYN,TRACK_TAMPING,ENGG,TRACK,4,0,1,50.0,2.844,54.0,1,1,4.27,0,MEDIUM,2,OPERATIONAL,1,MEDIUM,2,10.75,0,2,20,11,0.55,1,140,0.617,11,227,224.2,36.55,100.0,synthetic,1.0.0,42
synth-task-01146,SYN-TRD-1146,synth-asset-TRD-469,MAS-GDR,CANTILEVER_ADJUSTMENT,TRD,OHE_MAST,3,1,1,30.0,3.172,138.0,1,1,3.19,0,HIGH,3,OPERATIONAL,1,MEDIUM,2,7.5,0,3,8,2,0.25,1,161,0.856,3,188,200.3,49.54,67.35,synthetic,1.0.0,42
synth-task-01147,SYN-TRD-1147,synth-asset-TRD-118,MAS-GDR,CANTILEVER_ADJUSTMENT,TRD,OHE_MAST,2,1,1,0.0,2.578,138.0,1,1,4.9,0,HIGH,3,OPERATIONAL,1,MEDIUM,2,7.79,0,4,9,1,0.111,2,348,2.023,2,172,198.3,54.06,55.82,synthetic,1.0.0,42
synth-task-01148,SYN-ENGG-1148,synth-asset-ENGG-428,NDLS-CNB,DEEP_SCREENING,ENGG,TRACK,2,0,1,50.0,3.776,440.5,1,1,2.74,2,HIGH,3,OPERATIONAL,1,HIGH,3,11.04,0,4,16,3,0.188,2,302,1.106,3,273,332.3,57.06,85.49,synthetic,1.0.0,42
synth-task-01149,SYN-TRD-1149,synth-asset-TRD-473,CSMT-KYN,OHE_INSPECTION,TRD,OHE_LINE,2,1,1,0.0,2.546,54.0,1,1,0.98,0,CRITICAL,4,OPERATIONAL,1,HIGH,3,-3.6,1,4,17,9,0.529,1,224,1.493,10,150,138.0,75.68,87.3,synthetic,1.0.0,42
synth-task-01150,SYN-TRD-1150,synth-asset-TRD-370,HWH-DDU,CANTILEVER_ADJUSTMENT,TRD,OHE_MAST,3,1,1,0.0,2.573,675.0,1,1,1.55,0,HIGH,3,UNDER_MAINTENANCE,2,MEDIUM,2,3.5,0,3,11,5,0.455,1,134,0.72,5,186,180.5,58.44,72.43,synthetic,1.0.0,42
synth-task-01151,SYN-ENGG-1151,synth-asset-ENGG-758,HWH-DDU,RAIL_GRINDING,ENGG,TRACK,3,0,1,50.0,3.441,675.0,1,1,1.1,1,MEDIUM,2,UNDER_MAINTENANCE,2,LOW,1,7.21,0,3,7,3,0.429,1,223,1.0,3,223,209.7,45.85,64.26,synthetic,1.0.0,42
synth-task-01152,SYN-ENGG-1152,synth-asset-ENGG-793,MAS-GDR,TURNOUT_PACKING,ENGG,TURNOUT,1,0,1,0.0,1.457,138.0,1,1,3.36,0,MEDIUM,2,MAINTENANCE_REQUIRED,4,MEDIUM,2,-1.56,1,5,12,5,0.417,1,189,1.602,6,118,135.0,79.95,81.96,synthetic,1.0.0,42
synth-task-01153,SYN-SNT-1153,synth-asset-SNT-192,NDLS-CNB,SIGNAL_ASPECT_ALIGNMENT,SNT,SIGNAL,3,0,0,0.0,0.8,440.5,1,1,2.07,0,CRITICAL,4,MAINTENANCE_REQUIRED,4,HIGH,3,-4.19,1,3,16,5,0.312,1,219,3.318,0,66,86.5,92.75,68.02,synthetic,1.0.0,42
synth-task-01154,SYN-ENGG-1154,synth-asset-ENGG-902,CSMT-KYN,TRACK_TAMPING,ENGG,TRACK,3,0,1,0.0,1.401,54.0,1,1,4.44,0,HIGH,3,UNDER_MAINTENANCE,2,LOW,1,9.0,0,3,17,5,0.294,3,699,3.82,6,183,198.5,49.69,88.57,synthetic,1.0.0,42
synth-task-01155,SYN-SNT-1155,synth-asset-SNT-408,NDLS-CNB,INTERLOCKING_LOGIC_TEST,SNT,INTERLOCKING,1,0,1,0.0,2.181,440.5,1,1,2.34,1,CRITICAL,4,MAINTENANCE_REQUIRED,4,HIGH,3,4.83,0,5,12,6,0.5,3,564,4.476,6,126,124.9,90.57,82.39,synthetic,1.0.0,42
synth-task-01156,SYN-ENGG-1156,synth-asset-ENGG-308,MAS-GDR,TRACK_TAMPING,ENGG,TRACK,4,0,1,15.0,1.909,138.0,1,1,3.35,0,MEDIUM,2,DEGRADED,3,LOW,1,6.68,0,2,10,5,0.5,3,417,2.161,6,193,159.8,44.04,74.59,synthetic,1.0.0,42
synth-task-01157,SYN-ENGG-1157,synth-asset-ENGG-241,HWH-DDU,TURNOUT_PACKING,ENGG,TURNOUT,3,0,1,0.0,1.566,675.0,1,1,2.28,0,MEDIUM,2,UNDER_MAINTENANCE,2,MEDIUM,2,2.07,0,3,13,3,0.231,2,476,3.87,4,123,136.6,48.62,74.06,synthetic,1.0.0,42
synth-task-01158,SYN-SNT-1158,synth-asset-SNT-681,CSMT-KYN,SIGNAL_ASPECT_ALIGNMENT,SNT,SIGNAL,1,0,0,0.0,1.197,54.0,1,1,1.53,1,MEDIUM,2,FAILED,5,IMMEDIATE,4,3.12,0,5,23,9,0.391,1,144,1.565,0,92,70.0,86.25,69.53,synthetic,1.0.0,42
synth-task-01159,SYN-ENGG-1159,synth-asset-ENGG-304,CSMT-KYN,DEEP_SCREENING,ENGG,TRACK,3,0,1,30.0,2.327,54.0,1,1,5.22,0,MEDIUM,2,OPERATIONAL,1,LOW,1,10.46,0,3,16,7,0.438,3,366,1.386,8,264,281.7,38.69,96.41,synthetic,1.0.0,42
synth-task-01160,SYN-ENGG-1160,synth-asset-ENGG-203,HWH-DDU,TRACK_TAMPING,ENGG,TRACK,3,0,1,15.0,2.9,675.0,1,1,1.4,2,MEDIUM,2,OPERATIONAL,1,LOW,1,9.83,0,3,13,6,0.462,1,154,0.74,7,208,195.0,41.78,93.56,synthetic,1.0.0,42
synth-task-01161,SYN-ENGG-1161,synth-asset-ENGG-658,MAS-GDR,TRACK_TAMPING,ENGG,TRACK,3,0,1,45.0,3.571,138.0,1,1,4.27,2,MEDIUM,2,UNDER_MAINTENANCE,2,MEDIUM,2,11.66,0,3,12,3,0.25,3,432,1.982,4,218,235.6,48.86,78.32,synthetic,1.0.0,42
synth-task-01162,SYN-SNT-1162,synth-asset-SNT-239,MAS-GDR,INTERLOCKING_LOGIC_TEST,SNT,INTERLOCKING,2,0,1,0.0,2.464,138.0,1,1,4.78,3,LOW,1,OPERATIONAL,1,LOW,1,10.68,0,4,5,2,0.4,1,145,0.873,2,166,108.9,33.89,50.12,synthetic,1.0.0,42
synth-task-01163,SYN-SNT-1163,synth-asset-SNT-117,NDLS-CNB,TRACK_CIRCUIT_CHECK,SNT,TRACK_CIRCUIT,5,0,1,0.0,1.915,440.5,1,1,1.24,1,HIGH,3,DEGRADED,3,MEDIUM,2,4.15,0,1,16,7,0.438,2,460,5.476,8,84,51.0,50.66,83.8,synthetic,1.0.0,42
synth-task-01164,SYN-ENGG-1164,synth-asset-ENGG-238,NDLS-CNB,DEEP_SCREENING,ENGG,TRACK,2,0,1,50.0,2.892,440.5,1,1,1.58,0,CRITICAL,4,FAILED,5,IMMEDIATE,4,-3.34,1,4,14,5,0.357,2,410,1.459,6,281,265.3,100.0,90.56,synthetic,1.0.0,42
synth-task-01165,SYN-TRD-1165,synth-asset-TRD-512,HWH-DDU,SUBSTATION_MAINTENANCE,TRD,TRACTION_SUBSTATION,2,1,0,0.0,2.434,675.0,1,1,1.52,2,MEDIUM,2,DEGRADED,3,MEDIUM,2,3.77,0,4,7,2,0.286,3,576,2.866,0,201,175.6,57.46,43.86,synthetic,1.0.0,42
synth-task-01166,SYN-ENGG-1166,synth-asset-ENGG-915,NDLS-CNB,TURNOUT_PACKING,ENGG,TURNOUT,2,0,1,0.0,1.46,440.5,1,1,2.36,0,MEDIUM,2,OPERATIONAL,1,MEDIUM,2,3.56,0,4,9,1,0.111,2,420,3.559,1,118,113.6,44.62,54.84,synthetic,1.0.0,42
synth-task-01167,SYN-ENGG-1167,synth-asset-ENGG-389,NDLS-CNB,TRACK_TAMPING,ENGG,TRACK,1,0,1,30.0,2.351,440.5,1,1,1.15,0,LOW,1,FAILED,5,IMMEDIATE,4,7.49,0,5,12,3,0.25,1,178,1.006,3,177,187.7,83.88,78.41,synthetic,1.0.0,42
synth-task-01168,SYN-TRD-1168,synth-asset-TRD-154,CSMT-KYN,SUBSTATION_MAINTENANCE,TRD,TRACTION_SUBSTATION,3,1,0,0.0,2.043,54.0,1,1,2.94,1,HIGH,3,DEGRADED,3,MEDIUM,2,3.69,0,3,23,10,0.435,2,350,1.777,0,197,189.8,63.96,79.95,synthetic,1.0.0,42
synth-task-01169,SYN-ENGG-1169,synth-asset-ENGG-579,CSMT-KYN,TRACK_TAMPING,ENGG,TRACK,3,0,1,15.0,1.883,54.0,1,1,4.79,0,HIGH,3,OPERATIONAL,1,MEDIUM,2,12.57,0,3,22,6,0.273,2,398,2.031,7,196,183.6,47.81,94.93,synthetic,1.0.0,42
synth-task-01170,SYN-ENGG-1170,synth-asset-ENGG-405,MAS-GDR,RAIL_GRINDING,ENGG,TRACK,5,0,1,20.0,2.645,138.0,1,1,5.63,1,HIGH,3,DEGRADED,3,MEDIUM,2,13.35,0,1,12,5,0.417,3,615,2.552,6,241,269.1,53.74,93.42,synthetic,1.0.0,42
synth-task-01171,SYN-SNT-1171,synth-asset-SNT-833,MAS-GDR,TRACK_CIRCUIT_CHECK,SNT,TRACK_CIRCUIT,2,0,1,0.0,1.966,138.0,1,1,1.36,1,CRITICAL,4,DEGRADED,3,HIGH,3,-3.76,1,4,8,3,0.375,2,384,5.647,4,68,42.0,96.01,54.0,synthetic,1.0.0,42
synth-task-01172,SYN-SNT-1172,synth-asset-SNT-200,NDLS-CNB,SIGNAL_ASPECT_ALIGNMENT,SNT,SIGNAL,3,0,0,0.0,0.8,440.5,1,1,1.6,0,LOW,1,UNDER_MAINTENANCE,2,LOW,1,8.28,0,3,12,2,0.167,2,474,6.0,0,79,67.1,34.36,42.09,synthetic,1.0.0,42
synth-task-01173,SYN-ENGG-1173,synth-asset-ENGG-141,NDLS-CNB,DEEP_SCREENING,ENGG,TRACK,3,0,1,50.0,2.887,440.5,1,1,4.89,0,MEDIUM,2,DEGRADED,3,HIGH,3,3.61,0,3,12,3,0.25,2,386,1.55,4,249,318.1,65.16,79.61,synthetic,1.0.0,42
synth-task-01174,SYN-ENGG-1174,synth-asset-ENGG-237,MAS-GDR,RAIL_FRACTURE_REPAIR,ENGG,TRACK,1,0,1,30.0,2.333,138.0,1,1,2.11,0,CRITICAL,4,FAILED,5,IMMEDIATE,4,-0.41,1,5,8,3,0.375,2,340,3.091,3,110,123.8,100.0,56.08,synthetic,1.0.0,42
synth-task-01175,SYN-TRD-1175,synth-asset-TRD-368,HWH-DDU,OHE_INSPECTION,TRD,OHE_LINE,2,1,1,0.0,2.681,675.0,1,1,5.3,0,LOW,1,MAINTENANCE_REQUIRED,4,IMMEDIATE,4,7.73,0,4,8,3,0.375,3,660,4.258,3,155,124.9,72.81,66.66,synthetic,1.0.0,42
synth-task-01176,SYN-ENGG-1176,synth-asset-ENGG-434,HWH-DDU,TRACK_TAMPING,ENGG,TRACK,3,0,1,15.0,1.813,675.0,1,1,3.72,0,HIGH,3,UNDER_MAINTENANCE,2,MEDIUM,2,-0.16,1,3,12,5,0.417,2,312,1.696,6,184,200.6,63.77,84.25,synthetic,1.0.0,42
synth-task-01177,SYN-TRD-1177,synth-asset-TRD-290,NDLS-CNB,OHE_INSPECTION,TRD,OHE_LINE,1,1,1,15.0,2.945,440.5,1,1,5.77,0,CRITICAL,4,UNDER_MAINTENANCE,2,MEDIUM,2,6.63,0,5,16,2,0.125,3,597,3.852,2,155,156.4,65.49,73.05,synthetic,1.0.0,42
synth-task-01178,SYN-SNT-1178,synth-asset-SNT-306,NDLS-CNB,INTERLOCKING_LOGIC_TEST,SNT,INTERLOCKING,1,0,1,0.0,1.643,440.5,1,1,5.0,0,CRITICAL,4,OPERATIONAL,1,HIGH,3,-4.15,1,5,9,3,0.333,3,369,2.617,4,141,104.8,80.81,61.36,synthetic,1.0.0,42
synth-task-01179,SYN-SNT-1179,synth-asset-SNT-930,MAS-GDR,POINTS_TESTING,SNT,INTERLOCKING,1,0,1,0.0,1.503,138.0,1,1,1.84,0,MEDIUM,2,MAINTENANCE_REQUIRED,4,IMMEDIATE,4,4.24,0,5,5,1,0.2,3,618,6.119,1,101,91.8,82.3,34.99,synthetic,1.0.0,42
synth-task-01180,SYN-SNT-1180,synth-asset-SNT-940,NDLS-CNB,TRACK_CIRCUIT_CHECK,SNT,TRACK_CIRCUIT,1,0,1,0.0,1.557,440.5,1,1,1.27,0,HIGH,3,MAINTENANCE_REQUIRED,4,HIGH,3,11.48,0,5,16,3,0.188,2,262,4.764,4,55,77.3,85.35,77.04,synthetic,1.0.0,42
synth-task-01181,SYN-TRD-1181,synth-asset-TRD-332,NDLS-CNB,SUBSTATION_MAINTENANCE,TRD,TRACTION_SUBSTATION,3,1,0,0.0,1.979,440.5,1,1,3.93,1,CRITICAL,4,FAILED,5,HIGH,3,-1.65,1,3,10,4,0.4,1,228,1.232,0,185,212.4,100.0,63.79,synthetic,1.0.0,42
synth-task-01182,SYN-ENGG-1182,synth-asset-ENGG-132,HWH-DDU,TRACK_TAMPING,ENGG,TRACK,3,0,1,0.0,1.419,675.0,1,1,5.05,0,MEDIUM,2,OPERATIONAL,1,LOW,1,5.37,0,3,14,4,0.286,1,210,1.014,4,207,208.0,33.66,91.42,synthetic,1.0.0,42
synth-task-01183,SYN-SNT-1183,synth-asset-SNT-686,NDLS-CNB,AXLE_COUNTER_OVERHAUL,SNT,AXLE_COUNTER,1,0,0,0.0,1.001,440.5,1,1,1.72,1,CRITICAL,4,OPERATIONAL,1,IMMEDIATE,4,-4.68,1,5,13,1,0.077,1,236,2.36,0,100,76.5,87.83,42.05,synthetic,1.0.0,42
synth-task-01184,SYN-SNT-1184,synth-asset-SNT-711,CSMT-KYN,TRACK_CIRCUIT_CHECK,SNT,TRACK_CIRCUIT,4,0,1,0.0,1.987,54.0,1,1,4.26,1,MEDIUM,2,DEGRADED,3,MEDIUM,2,8.94,0,2,15,8,0.533,1,223,2.788,8,80,54.5,53.55,80.94,synthetic,1.0.0,42
synth-task-01185,SYN-SNT-1185,synth-asset-SNT-927,HWH-DDU,SIGNAL_ASPECT_ALIGNMENT,SNT,SIGNAL,3,0,0,0.0,0.8,675.0,1,1,2.44,0,HIGH,3,MAINTENANCE_REQUIRED,4,IMMEDIATE,4,11.81,0,3,7,1,0.143,1,222,2.846,0,78,70.9,77.0,30.87,synthetic,1.0.0,42
synth-task-01186,SYN-ENGG-1186,synth-asset-ENGG-479,CSMT-KYN,TURNOUT_PACKING,ENGG,TURNOUT,3,0,1,0.0,2.102,54.0,1,1,2.23,1,MEDIUM,2,DEGRADED,3,MEDIUM,2,3.82,0,3,22,10,0.455,2,404,2.73,10,148,142.9,58.55,92.16,synthetic,1.0.0,42
synth-task-01187,SYN-ENGG-1187,synth-asset-ENGG-583,HWH-DDU,TRACK_TAMPING,ENGG,TRACK,3,0,1,30.0,2.273,675.0,1,1,4.01,0,HIGH,3,OPERATIONAL,1,MEDIUM,2,6.86,0,3,8,2,0.25,3,549,2.59,3,212,201.2,48.98,60.46,synthetic,1.0.0,42
synth-task-01188,SYN-ENGG-1188,synth-asset-ENGG-781,MAS-GDR,DEEP_SCREENING,ENGG,TRACK,3,0,1,50.0,2.697,138.0,1,1,4.57,0,MEDIUM,2,UNDER_MAINTENANCE,2,MEDIUM,2,7.63,0,3,9,3,0.333,3,588,2.194,3,268,298.9,45.88,73.37,synthetic,1.0.0,42
synth-task-01189,SYN-ENGG-1189,synth-asset-ENGG-806,HWH-DDU,TURNOUT_PACKING,ENGG,TURNOUT,2,0,1,0.0,1.969,675.0,1,1,5.26,1,MEDIUM,2,UNDER_MAINTENANCE,2,MEDIUM,2,8.68,0,4,6,1,0.167,1,143,1.051,1,136,102.7,52.93,45.16,synthetic,1.0.0,42
synth-task-01190,SYN-TRD-1190,synth-asset-TRD-858,NDLS-CNB,SUBSTATION_MAINTENANCE,TRD,TRACTION_SUBSTATION,2,1,0,0.0,2.106,440.5,1,1,5.43,1,HIGH,3,DEGRADED,3,MEDIUM,2,6.09,0,4,8,1,0.125,3,675,3.277,0,206,200.4,66.68,40.78,synthetic,1.0.0,42
synth-task-01191,SYN-ENGG-1191,synth-asset-ENGG-706,MAS-GDR,RAIL_FRACTURE_REPAIR,ENGG,TRACK,1,0,1,50.0,2.794,138.0,1,1,0.52,0,CRITICAL,4,FAILED,5,IMMEDIATE,4,-1.74,1,5,6,1,0.167,3,372,3.153,1,118,97.8,100.0,44.03,synthetic,1.0.0,42
synth-task-01192,SYN-SNT-1192,synth-asset-SNT-972,CSMT-KYN,AXLE_COUNTER_OVERHAUL,SNT,AXLE_COUNTER,1,0,0,0.0,0.911,54.0,1,1,4.94,1,HIGH,3,MAINTENANCE_REQUIRED,4,IMMEDIATE,4,2.62,0,5,23,12,0.522,3,714,8.302,0,86,102.8,87.08,80.02,synthetic,1.0.0,42
synth-task-01193,SYN-ENGG-1193,synth-asset-ENGG-486,MAS-GDR,DEEP_SCREENING,ENGG,TRACK,3,0,1,45.0,2.562,138.0,1,1,1.74,0,MEDIUM,2,DEGRADED,3,LOW,1,10.95,0,3,9,3,0.333,1,238,0.881,3,270,286.4,44.01,67.83,synthetic,1.0.0,42
synth-task-01194,SYN-ENGG-1194,synth-asset-ENGG-997,MAS-GDR,TURNOUT_PACKING,ENGG,TURNOUT,3,0,1,45.0,2.672,138.0,1,1,4.66,0,MEDIUM,2,OPERATIONAL,1,LOW,1,-4.2,1,3,10,4,0.4,3,606,3.718,4,163,146.8,41.56,72.0,synthetic,1.0.0,42
synth-task-01195,SYN-ENGG-1195,synth-asset-ENGG-791,HWH-DDU,RAIL_FRACTURE_REPAIR,ENGG,TRACK,1,0,1,50.0,2.831,675.0,1,1,4.71,0,CRITICAL,4,FAILED,5,IMMEDIATE,4,-0.55,1,5,12,4,0.333,3,381,2.908,4,131,112.4,100.0,74.0,synthetic,1.0.0,42
synth-task-01196,SYN-ENGG-1196,synth-asset-ENGG-872,NDLS-CNB,RAIL_FRACTURE_REPAIR,ENGG,TRACK,1,0,1,15.0,2.351,440.5,1,1,5.9,1,CRITICAL,4,FAILED,5,IMMEDIATE,4,-0.43,1,5,10,3,0.3,2,328,3.009,3,109,130.8,100.0,68.24,synthetic,1.0.0,42
synth-task-01197,SYN-SNT-1197,synth-asset-SNT-891,MAS-GDR,AXLE_COUNTER_OVERHAUL,SNT,AXLE_COUNTER,3,0,0,0.0,0.8,138.0,1,1,4.73,0,MEDIUM,2,DEGRADED,3,LOW,1,-1.79,1,3,11,3,0.273,2,282,3.357,0,84,50.8,57.27,48.41,synthetic,1.0.0,42
synth-task-01198,SYN-TRD-1198,synth-asset-TRD-516,NDLS-CNB,OHE_INSPECTION,TRD,OHE_LINE,4,1,1,0.0,2.506,440.5,1,1,1.25,0,MEDIUM,2,UNDER_MAINTENANCE,2,MEDIUM,2,11.66,0,2,11,2,0.182,1,168,1.135,3,148,154.1,45.48,63.76,synthetic,1.0.0,42
synth-task-01199,SYN-SNT-1199,synth-asset-SNT-961,MAS-GDR,POINTS_TESTING,SNT,INTERLOCKING,2,0,1,0.0,1.408,138.0,1,1,3.23,0,HIGH,3,DEGRADED,3,MEDIUM,2,-3.16,1,4,7,2,0.286,2,418,4.019,3,104,89.5,75.39,51.33,synthetic,1.0.0,42
synth-task-01200,SYN-ENGG-1200,synth-asset-ENGG-104,CSMT-KYN,DEEP_SCREENING,ENGG,TRACK,4,0,1,50.0,2.677,54.0,1,1,4.02,0,MEDIUM,2,DEGRADED,3,LOW,1,6.53,0,2,20,1,0.05,1,192,0.693,1,277,295.5,44.34,75.18,synthetic,1.0.0,42
